replica_id,algo,depth,run_id,handshake_ms,timestamp,cert_bytes,session_resumption
1,rsa2048,1,1,1.0246250312775373,2026-04-27T17:27:06,1127,OFF
1,rsa2048,1,2,0.9523750049993396,2026-04-27T17:27:06,1127,OFF
1,rsa2048,1,3,0.9485000045970082,2026-04-27T17:27:06,1127,OFF
1,rsa2048,1,4,0.9424170129932463,2026-04-27T17:27:06,1127,OFF
1,rsa2048,1,5,0.9416659595444798,2026-04-27T17:27:06,1127,OFF
1,rsa2048,1,6,0.9426670148968697,2026-04-27T17:27:06,1127,OFF
1,rsa2048,1,7,0.8988329791463912,2026-04-27T17:27:06,1127,OFF
1,rsa2048,1,8,0.8859169902279973,2026-04-27T17:27:06,1127,OFF
1,rsa2048,1,9,0.8867500000633299,2026-04-27T17:27:06,1127,OFF
1,rsa2048,1,10,0.9000829886645079,2026-04-27T17:27:06,1127,OFF
1,rsa2048,1,11,0.9356249938718975,2026-04-27T17:27:06,1127,OFF
1,rsa2048,1,12,0.8663340122438967,2026-04-27T17:27:06,1127,OFF
1,rsa2048,1,13,1.0630000033415854,2026-04-27T17:27:06,1127,OFF
1,rsa2048,1,14,0.86583400843665,2026-04-27T17:27:06,1127,OFF
1,rsa2048,1,15,0.9577499586157501,2026-04-27T17:27:06,1127,OFF
1,rsa2048,1,16,0.8992090006358922,2026-04-27T17:27:06,1127,OFF
1,rsa2048,1,17,0.831749988719821,2026-04-27T17:27:06,1127,OFF
1,rsa2048,1,18,0.8277500164695084,2026-04-27T17:27:06,1127,OFF
1,rsa2048,1,19,0.8045000140555203,2026-04-27T17:27:06,1127,OFF
1,rsa2048,1,20,0.8047500159591436,2026-04-27T17:27:06,1127,OFF
1,rsa2048,1,21,0.8167920168489218,2026-04-27T17:27:06,1127,OFF
1,rsa2048,1,22,0.800583977252245,2026-04-27T17:27:06,1127,OFF
1,rsa2048,1,23,0.7809170056134462,2026-04-27T17:27:06,1127,OFF
1,rsa2048,1,24,0.7790839881636202,2026-04-27T17:27:06,1127,OFF
1,rsa2048,1,25,0.7812090334482491,2026-04-27T17:27:06,1127,OFF
1,rsa2048,1,26,0.7887500105425715,2026-04-27T17:27:06,1127,OFF
1,rsa2048,1,27,0.7849170360714197,2026-04-27T17:27:06,1127,OFF
1,rsa2048,1,28,0.7758330320939422,2026-04-27T17:27:06,1127,OFF
1,rsa2048,1,29,0.7767920033074915,2026-04-27T17:27:06,1127,OFF
1,rsa2048,1,30,0.7570000016130507,2026-04-27T17:27:06,1127,OFF
1,rsa2048,1,31,0.7547920104116201,2026-04-27T17:27:06,1127,OFF
1,rsa2048,1,32,0.7489579729735851,2026-04-27T17:27:06,1127,OFF
1,rsa2048,1,33,0.7498749764636159,2026-04-27T17:27:06,1127,OFF
1,rsa2048,1,34,0.7362920441664755,2026-04-27T17:27:06,1127,OFF
1,rsa2048,1,35,0.7247499888762832,2026-04-27T17:27:06,1127,OFF
1,rsa2048,1,36,0.720290991012007,2026-04-27T17:27:06,1127,OFF
1,rsa2048,1,37,0.7145419949665666,2026-04-27T17:27:06,1127,OFF
1,rsa2048,1,38,0.7134589832276106,2026-04-27T17:27:06,1127,OFF
1,rsa2048,1,39,0.7119170040823519,2026-04-27T17:27:06,1127,OFF
1,rsa2048,1,40,0.7125840056687593,2026-04-27T17:27:06,1127,OFF
1,rsa2048,1,41,0.7044159574434161,2026-04-27T17:27:06,1127,OFF
1,rsa2048,1,42,0.7053330191411078,2026-04-27T17:27:06,1127,OFF
1,rsa2048,1,43,0.7131660240702331,2026-04-27T17:27:06,1127,OFF
1,rsa2048,1,44,0.7123749819584191,2026-04-27T17:27:06,1127,OFF
1,rsa2048,1,45,0.8884579874575138,2026-04-27T17:27:06,1127,OFF
1,rsa2048,1,46,0.7176669896580279,2026-04-27T17:27:06,1127,OFF
1,rsa2048,1,47,0.7493750308640301,2026-04-27T17:27:06,1127,OFF
1,rsa2048,1,48,0.7207089802250266,2026-04-27T17:27:06,1127,OFF
1,rsa2048,1,49,0.7133340113796294,2026-04-27T17:27:06,1127,OFF
1,rsa2048,1,50,0.7175829960033298,2026-04-27T17:27:06,1127,OFF
1,rsa2048,1,51,0.6875840481370687,2026-04-27T17:27:06,1127,OFF
1,rsa2048,1,52,0.6626670365221798,2026-04-27T17:27:06,1127,OFF
1,rsa2048,1,53,0.6719169905409217,2026-04-27T17:27:06,1127,OFF
1,rsa2048,1,54,0.6524999625980854,2026-04-27T17:27:06,1127,OFF
1,rsa2048,1,55,0.6502920296043158,2026-04-27T17:27:06,1127,OFF
1,rsa2048,1,56,0.6503750337287784,2026-04-27T17:27:06,1127,OFF
1,rsa2048,1,57,0.649666995741427,2026-04-27T17:27:06,1127,OFF
1,rsa2048,1,58,0.7193750352598727,2026-04-27T17:27:06,1127,OFF
1,rsa2048,1,59,0.6911670207045972,2026-04-27T17:27:06,1127,OFF
1,rsa2048,1,60,0.6773750064894557,2026-04-27T17:27:06,1127,OFF
1,rsa2048,1,61,0.6704999832436442,2026-04-27T17:27:06,1127,OFF
1,rsa2048,1,62,0.6833340157754719,2026-04-27T17:27:06,1127,OFF
1,rsa2048,1,63,0.8312090067192912,2026-04-27T17:27:06,1127,OFF
1,rsa2048,1,64,0.8315000450238585,2026-04-27T17:27:06,1127,OFF
1,rsa2048,1,65,0.7449999684467912,2026-04-27T17:27:06,1127,OFF
1,rsa2048,1,66,0.6994170253165066,2026-04-27T17:27:06,1127,OFF
1,rsa2048,1,67,0.6619999767281115,2026-04-27T17:27:06,1127,OFF
1,rsa2048,1,68,0.6603750516660511,2026-04-27T17:27:06,1127,OFF
1,rsa2048,1,69,0.6639579660259187,2026-04-27T17:27:06,1127,OFF
1,rsa2048,1,70,0.6512090330943465,2026-04-27T17:27:06,1127,OFF
1,rsa2048,1,71,0.6643749657087028,2026-04-27T17:27:06,1127,OFF
1,rsa2048,1,72,0.6723330006934702,2026-04-27T17:27:06,1127,OFF
1,rsa2048,1,73,0.6663749809376895,2026-04-27T17:27:06,1127,OFF
1,rsa2048,1,74,0.6762089906260371,2026-04-27T17:27:06,1127,OFF
1,rsa2048,1,75,0.6808339967392385,2026-04-27T17:27:06,1127,OFF
1,rsa2048,1,76,0.8190000080503523,2026-04-27T17:27:06,1127,OFF
1,rsa2048,1,77,0.844749971292913,2026-04-27T17:27:06,1127,OFF
1,rsa2048,1,78,0.681874982547015,2026-04-27T17:27:06,1127,OFF
1,rsa2048,1,79,0.6961670005694032,2026-04-27T17:27:06,1127,OFF
1,rsa2048,1,80,0.6740840035490692,2026-04-27T17:27:06,1127,OFF
1,rsa2048,1,81,0.6955830031074584,2026-04-27T17:27:06,1127,OFF
1,rsa2048,1,82,0.6615000311285257,2026-04-27T17:27:06,1127,OFF
1,rsa2048,1,83,0.6552920094691217,2026-04-27T17:27:06,1127,OFF
1,rsa2048,1,84,0.6582499481737614,2026-04-27T17:27:06,1127,OFF
1,rsa2048,1,85,0.6553329876624048,2026-04-27T17:27:06,1127,OFF
1,rsa2048,1,86,0.6632920121774077,2026-04-27T17:27:06,1127,OFF
1,rsa2048,1,87,0.6631670403294265,2026-04-27T17:27:06,1127,OFF
1,rsa2048,1,88,0.6605000235140324,2026-04-27T17:27:06,1127,OFF
1,rsa2048,1,89,0.6606249953620136,2026-04-27T17:27:06,1127,OFF
1,rsa2048,1,90,0.6694580079056323,2026-04-27T17:27:06,1127,OFF
1,rsa2048,1,91,0.6545830401591957,2026-04-27T17:27:06,1127,OFF
1,rsa2048,1,92,0.6478750146925449,2026-04-27T17:27:06,1127,OFF
1,rsa2048,1,93,0.675333954859525,2026-04-27T17:27:06,1127,OFF
1,rsa2048,1,94,0.6517080473713577,2026-04-27T17:27:06,1127,OFF
1,rsa2048,1,95,0.6646669935435057,2026-04-27T17:27:06,1127,OFF
1,rsa2048,1,96,0.7060419884510338,2026-04-27T17:27:06,1127,OFF
1,rsa2048,1,97,0.6522079929709435,2026-04-27T17:27:06,1127,OFF
1,rsa2048,1,98,0.6464590551331639,2026-04-27T17:27:06,1127,OFF
1,rsa2048,1,99,0.6459580035880208,2026-04-27T17:27:06,1127,OFF
1,rsa2048,1,100,0.6526249926537275,2026-04-27T17:27:06,1127,OFF
1,rsa2048,1,101,0.6510419771075249,2026-04-27T17:27:06,1127,OFF
1,rsa2048,1,102,0.6602499634027481,2026-04-27T17:27:06,1127,OFF
1,rsa2048,1,103,0.6631659925915301,2026-04-27T17:27:06,1127,OFF
1,rsa2048,1,104,0.6622920045629144,2026-04-27T17:27:06,1127,OFF
1,rsa2048,1,105,0.6516660214401782,2026-04-27T17:27:06,1127,OFF
1,rsa2048,1,106,0.6461670272983611,2026-04-27T17:27:06,1127,OFF
1,rsa2048,1,107,0.6680410006083548,2026-04-27T17:27:06,1127,OFF
1,rsa2048,1,108,0.7356660207733512,2026-04-27T17:27:06,1127,OFF
1,rsa2048,1,109,0.8888749871402979,2026-04-27T17:27:06,1127,OFF
1,rsa2048,1,110,0.7506660185754299,2026-04-27T17:27:06,1127,OFF
1,rsa2048,1,111,0.6903749890625477,2026-04-27T17:27:06,1127,OFF
1,rsa2048,1,112,0.8747499668970704,2026-04-27T17:27:06,1127,OFF
1,rsa2048,1,113,0.7081669755280018,2026-04-27T17:27:06,1127,OFF
1,rsa2048,1,114,0.788375036790967,2026-04-27T17:27:06,1127,OFF
1,rsa2048,1,115,0.6734160124324262,2026-04-27T17:27:06,1127,OFF
1,rsa2048,1,116,0.662042002659291,2026-04-27T17:27:06,1127,OFF
1,rsa2048,1,117,0.6551669794134796,2026-04-27T17:27:06,1127,OFF
1,rsa2048,1,118,0.6592920399270952,2026-04-27T17:27:06,1127,OFF
1,rsa2048,1,119,0.6519579910673201,2026-04-27T17:27:06,1127,OFF
1,rsa2048,1,120,0.6690830341540277,2026-04-27T17:27:06,1127,OFF
1,rsa2048,1,121,0.6588749820366502,2026-04-27T17:27:06,1127,OFF
1,rsa2048,1,122,0.6430830108001828,2026-04-27T17:27:06,1127,OFF
1,rsa2048,1,123,0.6602090434171259,2026-04-27T17:27:06,1127,OFF
1,rsa2048,1,124,0.6843750015832484,2026-04-27T17:27:06,1127,OFF
1,rsa2048,1,125,0.6604579975828528,2026-04-27T17:27:06,1127,OFF
1,rsa2048,1,126,0.6771670305170119,2026-04-27T17:27:06,1127,OFF
1,rsa2048,1,127,0.6663750391453505,2026-04-27T17:27:06,1127,OFF
1,rsa2048,1,128,0.6682499661110342,2026-04-27T17:27:06,1127,OFF
1,rsa2048,1,129,0.7005419465713203,2026-04-27T17:27:06,1127,OFF
1,rsa2048,1,130,0.7261249702423811,2026-04-27T17:27:06,1127,OFF
1,rsa2048,1,131,0.6783329881727695,2026-04-27T17:27:06,1127,OFF
1,rsa2048,1,132,0.696792034432292,2026-04-27T17:27:06,1127,OFF
1,rsa2048,1,133,0.7064160308800638,2026-04-27T17:27:06,1127,OFF
1,rsa2048,1,134,0.6655419711023569,2026-04-27T17:27:06,1127,OFF
1,rsa2048,1,135,0.6665000109933317,2026-04-27T17:27:06,1127,OFF
1,rsa2048,1,136,0.6724579725414515,2026-04-27T17:27:06,1127,OFF
1,rsa2048,1,137,0.6528330268338323,2026-04-27T17:27:06,1127,OFF
1,rsa2048,1,138,0.6567090167663991,2026-04-27T17:27:06,1127,OFF
1,rsa2048,1,139,0.656540971249342,2026-04-27T17:27:06,1127,OFF
1,rsa2048,1,140,0.6553750135935843,2026-04-27T17:27:06,1127,OFF
1,rsa2048,1,141,0.8145840256474912,2026-04-27T17:27:06,1127,OFF
1,rsa2048,1,142,0.6567090167663991,2026-04-27T17:27:06,1127,OFF
1,rsa2048,1,143,0.6454589893110096,2026-04-27T17:27:06,1127,OFF
1,rsa2048,1,144,0.6469579529948533,2026-04-27T17:27:06,1127,OFF
1,rsa2048,1,145,0.6511250394396484,2026-04-27T17:27:06,1127,OFF
1,rsa2048,1,146,0.6512079853564501,2026-04-27T17:27:06,1127,OFF
1,rsa2048,1,147,0.6646250258199871,2026-04-27T17:27:06,1127,OFF
1,rsa2048,1,148,0.6666670087724924,2026-04-27T17:27:06,1127,OFF
1,rsa2048,1,149,0.6755420472472906,2026-04-27T17:27:06,1127,OFF
1,rsa2048,1,150,0.6519589805975556,2026-04-27T17:27:06,1127,OFF
1,rsa2048,1,151,0.6510409875772893,2026-04-27T17:27:06,1127,OFF
1,rsa2048,1,152,0.6527500227093697,2026-04-27T17:27:06,1127,OFF
1,rsa2048,1,153,0.7051249849610031,2026-04-27T17:27:06,1127,OFF
1,rsa2048,1,154,0.678666983731091,2026-04-27T17:27:06,1127,OFF
1,rsa2048,1,155,0.6632499862462282,2026-04-27T17:27:06,1127,OFF
1,rsa2048,1,156,0.6595830200240016,2026-04-27T17:27:06,1127,OFF
1,rsa2048,1,157,0.6600830238312483,2026-04-27T17:27:06,1127,OFF
1,rsa2048,1,158,0.706499966327101,2026-04-27T17:27:06,1127,OFF
1,rsa2048,1,159,0.6689580040983856,2026-04-27T17:27:06,1127,OFF
1,rsa2048,1,160,0.6569590186700225,2026-04-27T17:27:06,1127,OFF
1,rsa2048,1,161,0.647542008664459,2026-04-27T17:27:06,1127,OFF
1,rsa2048,1,162,0.6484159966930747,2026-04-27T17:27:06,1127,OFF
1,rsa2048,1,163,0.677208008710295,2026-04-27T17:27:06,1127,OFF
1,rsa2048,1,164,0.6599580519832671,2026-04-27T17:27:06,1127,OFF
1,rsa2048,1,165,0.716333044692874,2026-04-27T17:27:06,1127,OFF
1,rsa2048,1,166,0.6690419977530837,2026-04-27T17:27:06,1127,OFF
1,rsa2048,1,167,0.6612500292249024,2026-04-27T17:27:06,1127,OFF
1,rsa2048,1,168,0.6675840122625232,2026-04-27T17:27:06,1127,OFF
1,rsa2048,1,169,0.6550000398419797,2026-04-27T17:27:06,1127,OFF
1,rsa2048,1,170,0.6502500036731362,2026-04-27T17:27:06,1127,OFF
1,rsa2048,1,171,0.6530829705297947,2026-04-27T17:27:06,1127,OFF
1,rsa2048,1,172,0.6709169829264283,2026-04-27T17:27:06,1127,OFF
1,rsa2048,1,173,0.8640830055810511,2026-04-27T17:27:06,1127,OFF
1,rsa2048,1,174,0.7005409570410848,2026-04-27T17:27:06,1127,OFF
1,rsa2048,1,175,0.6831249920651317,2026-04-27T17:27:06,1127,OFF
1,rsa2048,1,176,0.8188330102711916,2026-04-27T17:27:06,1127,OFF
1,rsa2048,1,177,0.7034580339677632,2026-04-27T17:27:06,1127,OFF
1,rsa2048,1,178,0.6636660546064377,2026-04-27T17:27:06,1127,OFF
1,rsa2048,1,179,0.6578330066986382,2026-04-27T17:27:06,1127,OFF
1,rsa2048,1,180,0.6592500139959157,2026-04-27T17:27:06,1127,OFF
1,rsa2048,1,181,0.659791985526681,2026-04-27T17:27:06,1127,OFF
1,rsa2048,1,182,0.6642499938607216,2026-04-27T17:27:06,1127,OFF
1,rsa2048,1,183,0.6620829808525741,2026-04-27T17:27:06,1127,OFF
1,rsa2048,1,184,0.6512920372188091,2026-04-27T17:27:06,1127,OFF
1,rsa2048,1,185,0.6527089863084257,2026-04-27T17:27:06,1127,OFF
1,rsa2048,1,186,0.6547500379383564,2026-04-27T17:27:06,1127,OFF
1,rsa2048,1,187,0.6543750059790909,2026-04-27T17:27:06,1127,OFF
1,rsa2048,1,188,0.6519579910673201,2026-04-27T17:27:06,1127,OFF
1,rsa2048,1,189,0.6542909541167319,2026-04-27T17:27:06,1127,OFF
1,rsa2048,1,190,0.6454999675042927,2026-04-27T17:27:06,1127,OFF
1,rsa2048,1,191,0.6528749945573509,2026-04-27T17:27:06,1127,OFF
1,rsa2048,1,192,0.7923750090412796,2026-04-27T17:27:06,1127,OFF
1,rsa2048,1,193,0.6636250182054937,2026-04-27T17:27:06,1127,OFF
1,rsa2048,1,194,0.6543750059790909,2026-04-27T17:27:06,1127,OFF
1,rsa2048,1,195,0.6502080359496176,2026-04-27T17:27:06,1127,OFF
1,rsa2048,1,196,0.6970830145291984,2026-04-27T17:27:06,1127,OFF
1,rsa2048,1,197,0.6859999848529696,2026-04-27T17:27:06,1127,OFF
1,rsa2048,1,198,0.6594160222448409,2026-04-27T17:27:06,1127,OFF
1,rsa2048,1,199,0.6578750326298177,2026-04-27T17:27:06,1127,OFF
1,rsa2048,1,200,0.6577079766429961,2026-04-27T17:27:06,1127,OFF
1,rsa2048,1,201,0.6819589762017131,2026-04-27T17:27:06,1127,OFF
1,rsa2048,1,202,0.660958990920335,2026-04-27T17:27:06,1127,OFF
1,rsa2048,1,203,0.6481249583885074,2026-04-27T17:27:06,1127,OFF
1,rsa2048,1,204,0.6670000148005784,2026-04-27T17:27:06,1127,OFF
1,rsa2048,1,205,0.830375007353723,2026-04-27T17:27:06,1127,OFF
1,rsa2048,1,206,0.6871250225231051,2026-04-27T17:27:06,1127,OFF
1,rsa2048,1,207,0.694209011271596,2026-04-27T17:27:06,1127,OFF
1,rsa2048,1,208,0.7437499589286745,2026-04-27T17:27:06,1127,OFF
1,rsa2048,1,209,0.7055409951135516,2026-04-27T17:27:06,1127,OFF
1,rsa2048,1,210,0.70433400105685,2026-04-27T17:27:06,1127,OFF
1,rsa2048,1,211,0.6882090237922966,2026-04-27T17:27:06,1127,OFF
1,rsa2048,1,212,0.6711669848300517,2026-04-27T17:27:06,1127,OFF
1,rsa2048,1,213,0.7924170349724591,2026-04-27T17:27:06,1127,OFF
1,rsa2048,1,214,0.6724169943481684,2026-04-27T17:27:06,1127,OFF
1,rsa2048,1,215,0.7061249925754964,2026-04-27T17:27:06,1127,OFF
1,rsa2048,1,216,0.681250006891787,2026-04-27T17:27:06,1127,OFF
1,rsa2048,1,217,0.6807500030845404,2026-04-27T17:27:06,1127,OFF
1,rsa2048,1,218,0.6577920285053551,2026-04-27T17:27:06,1127,OFF
1,rsa2048,1,219,0.6603749934583902,2026-04-27T17:27:06,1127,OFF
1,rsa2048,1,220,0.7584589766338468,2026-04-27T17:27:06,1127,OFF
1,rsa2048,1,221,0.6676249904558063,2026-04-27T17:27:06,1127,OFF
1,rsa2048,1,222,0.664540973957628,2026-04-27T17:27:06,1127,OFF
1,rsa2048,1,223,0.6825419841334224,2026-04-27T17:27:06,1127,OFF
1,rsa2048,1,224,0.6570830009877682,2026-04-27T17:27:06,1127,OFF
1,rsa2048,1,225,0.6479589501395822,2026-04-27T17:27:06,1127,OFF
1,rsa2048,1,226,0.6449579959735274,2026-04-27T17:27:06,1127,OFF
1,rsa2048,1,227,0.6502079777419567,2026-04-27T17:27:06,1127,OFF
1,rsa2048,1,228,0.6545000360347331,2026-04-27T17:27:06,1127,OFF
1,rsa2048,1,229,0.6982080521993339,2026-04-27T17:27:06,1127,OFF
1,rsa2048,1,230,0.7179170497693121,2026-04-27T17:27:06,1127,OFF
1,rsa2048,1,231,0.6617499748244882,2026-04-27T17:27:06,1127,OFF
1,rsa2048,1,232,0.6787499878555536,2026-04-27T17:27:06,1127,OFF
1,rsa2048,1,233,0.7095419568940997,2026-04-27T17:27:06,1127,OFF
1,rsa2048,1,234,0.6801660056225955,2026-04-27T17:27:06,1127,OFF
1,rsa2048,1,235,0.6762919947504997,2026-04-27T17:27:06,1127,OFF
1,rsa2048,1,236,0.6619170308113098,2026-04-27T17:27:06,1127,OFF
1,rsa2048,1,237,0.8206249913200736,2026-04-27T17:27:06,1127,OFF
1,rsa2048,1,238,0.6774159846827388,2026-04-27T17:27:06,1127,OFF
1,rsa2048,1,239,0.6639999919570982,2026-04-27T17:27:06,1127,OFF
1,rsa2048,1,240,0.6499169976450503,2026-04-27T17:27:06,1127,OFF
1,rsa2048,1,241,0.6441249861381948,2026-04-27T17:27:06,1127,OFF
1,rsa2048,1,242,0.6442080484703183,2026-04-27T17:27:06,1127,OFF
1,rsa2048,1,243,0.6431250367313623,2026-04-27T17:27:06,1127,OFF
1,rsa2048,1,244,0.6561249610967934,2026-04-27T17:27:06,1127,OFF
1,rsa2048,1,245,0.6523329648189247,2026-04-27T17:27:06,1127,OFF
1,rsa2048,1,246,0.6478750146925449,2026-04-27T17:27:06,1127,OFF
1,rsa2048,1,247,0.651500013191253,2026-04-27T17:27:06,1127,OFF
1,rsa2048,1,248,0.6814160151407123,2026-04-27T17:27:06,1127,OFF
1,rsa2048,1,249,0.6672079907730222,2026-04-27T17:27:06,1127,OFF
1,rsa2048,1,250,0.650834001135081,2026-04-27T17:27:06,1127,OFF
1,rsa2048,1,251,0.6541669717989862,2026-04-27T17:27:06,1127,OFF
1,rsa2048,1,252,0.646500033326447,2026-04-27T17:27:06,1127,OFF
1,rsa2048,1,253,0.6442079902626574,2026-04-27T17:27:06,1127,OFF
1,rsa2048,1,254,0.6449169595725834,2026-04-27T17:27:06,1127,OFF
1,rsa2048,1,255,0.7000830373726785,2026-04-27T17:27:06,1127,OFF
1,rsa2048,1,256,0.6932499818503857,2026-04-27T17:27:06,1127,OFF
1,rsa2048,1,257,0.6669999565929174,2026-04-27T17:27:06,1127,OFF
1,rsa2048,1,258,0.7441249908879399,2026-04-27T17:27:06,1127,OFF
1,rsa2048,1,259,0.7013329886831343,2026-04-27T17:27:06,1127,OFF
1,rsa2048,1,260,0.6974999560043216,2026-04-27T17:27:06,1127,OFF
1,rsa2048,1,261,0.6882910383865237,2026-04-27T17:27:06,1127,OFF
1,rsa2048,1,262,1.2491249945014715,2026-04-27T17:27:06,1127,OFF
1,rsa2048,1,263,0.6711670430377126,2026-04-27T17:27:06,1127,OFF
1,rsa2048,1,264,0.6950410315766931,2026-04-27T17:27:06,1127,OFF
1,rsa2048,1,265,0.6579579785466194,2026-04-27T17:27:06,1127,OFF
1,rsa2048,1,266,0.6561249610967934,2026-04-27T17:27:06,1127,OFF
1,rsa2048,1,267,0.7965419790707529,2026-04-27T17:27:06,1127,OFF
1,rsa2048,1,268,0.6701250094920397,2026-04-27T17:27:06,1127,OFF
1,rsa2048,1,269,0.8128329645842314,2026-04-27T17:27:06,1127,OFF
1,rsa2048,1,270,0.6490419618785381,2026-04-27T17:27:06,1127,OFF
1,rsa2048,1,271,0.6554169813171029,2026-04-27T17:27:06,1127,OFF
1,rsa2048,1,272,0.6477499846369028,2026-04-27T17:27:06,1127,OFF
1,rsa2048,1,273,0.6796250236220658,2026-04-27T17:27:06,1127,OFF
1,rsa2048,1,274,0.6549169775098562,2026-04-27T17:27:06,1127,OFF
1,rsa2048,1,275,0.646832981146872,2026-04-27T17:27:06,1127,OFF
1,rsa2048,1,276,0.6608749972656369,2026-04-27T17:27:06,1127,OFF
1,rsa2048,1,277,0.6567499949596822,2026-04-27T17:27:06,1127,OFF
1,rsa2048,1,278,0.6517080473713577,2026-04-27T17:27:06,1127,OFF
1,rsa2048,1,279,0.6412499933503568,2026-04-27T17:27:06,1127,OFF
1,rsa2048,1,280,0.6466659833677113,2026-04-27T17:27:06,1127,OFF
1,rsa2048,1,281,0.6528749945573509,2026-04-27T17:27:06,1127,OFF
1,rsa2048,1,282,0.6732920301146805,2026-04-27T17:27:06,1127,OFF
1,rsa2048,1,283,0.6587079842574894,2026-04-27T17:27:06,1127,OFF
1,rsa2048,1,284,0.691334018483758,2026-04-27T17:27:06,1127,OFF
1,rsa2048,1,285,0.6691250018775463,2026-04-27T17:27:06,1127,OFF
1,rsa2048,1,286,0.7019169861450791,2026-04-27T17:27:06,1127,OFF
1,rsa2048,1,287,0.6910000229254365,2026-04-27T17:27:06,1127,OFF
1,rsa2048,1,288,0.6742079858668149,2026-04-27T17:27:06,1127,OFF
1,rsa2048,1,289,0.6861669826321304,2026-04-27T17:27:06,1127,OFF
1,rsa2048,1,290,0.6791669875383377,2026-04-27T17:27:06,1127,OFF
1,rsa2048,1,291,0.6693329778499901,2026-04-27T17:27:06,1127,OFF
1,rsa2048,1,292,0.6610410055145621,2026-04-27T17:27:06,1127,OFF
1,rsa2048,1,293,0.6552499835379422,2026-04-27T17:27:06,1127,OFF
1,rsa2048,1,294,0.6540829781442881,2026-04-27T17:27:06,1127,OFF
1,rsa2048,1,295,0.6548750097863376,2026-04-27T17:27:06,1127,OFF
1,rsa2048,1,296,0.662375008687377,2026-04-27T17:27:06,1127,OFF
1,rsa2048,1,297,0.6747500156052411,2026-04-27T17:27:06,1127,OFF
1,rsa2048,1,298,0.6683330284431577,2026-04-27T17:27:06,1127,OFF
1,rsa2048,1,299,0.6592079880647361,2026-04-27T17:27:06,1127,OFF
1,rsa2048,1,300,0.6535419961437583,2026-04-27T17:27:06,1127,OFF
1,rsa2048,1,301,0.837208004668355,2026-04-27T17:27:06,1127,OFF
1,rsa2048,1,302,0.6607079994864762,2026-04-27T17:27:06,1127,OFF
1,rsa2048,1,303,0.6592909921891987,2026-04-27T17:27:06,1127,OFF
1,rsa2048,1,304,0.6644579698331654,2026-04-27T17:27:06,1127,OFF
1,rsa2048,1,305,0.6599169573746622,2026-04-27T17:27:06,1127,OFF
1,rsa2048,1,306,0.7116670021787286,2026-04-27T17:27:06,1127,OFF
1,rsa2048,1,307,0.6915419944562018,2026-04-27T17:27:06,1127,OFF
1,rsa2048,1,308,0.6739579839631915,2026-04-27T17:27:06,1127,OFF
1,rsa2048,1,309,0.6457080016843975,2026-04-27T17:27:06,1127,OFF
1,rsa2048,1,310,0.6430829525925219,2026-04-27T17:27:06,1127,OFF
1,rsa2048,1,311,0.6463330355472863,2026-04-27T17:27:06,1127,OFF
1,rsa2048,1,312,0.6448749918490648,2026-04-27T17:27:06,1127,OFF
1,rsa2048,1,313,0.6394999800249934,2026-04-27T17:27:06,1127,OFF
1,rsa2048,1,314,0.7002080092206597,2026-04-27T17:27:06,1127,OFF
1,rsa2048,1,315,0.6449579959735274,2026-04-27T17:27:06,1127,OFF
1,rsa2048,1,316,0.6480829906649888,2026-04-27T17:27:06,1127,OFF
1,rsa2048,1,317,0.6707090069539845,2026-04-27T17:27:06,1127,OFF
1,rsa2048,1,318,0.6509590311907232,2026-04-27T17:27:06,1127,OFF
1,rsa2048,1,319,0.6495420238934457,2026-04-27T17:27:06,1127,OFF
1,rsa2048,1,320,0.659208046272397,2026-04-27T17:27:06,1127,OFF
1,rsa2048,1,321,0.6399170379154384,2026-04-27T17:27:06,1127,OFF
1,rsa2048,1,322,0.6619580090045929,2026-04-27T17:27:06,1127,OFF
1,rsa2048,1,323,0.6427500047720969,2026-04-27T17:27:06,1127,OFF
1,rsa2048,1,324,0.6550840334966779,2026-04-27T17:27:06,1127,OFF
1,rsa2048,1,325,0.641042017377913,2026-04-27T17:27:06,1127,OFF
1,rsa2048,1,326,0.6933329859748483,2026-04-27T17:27:06,1127,OFF
1,rsa2048,1,327,0.7194170029833913,2026-04-27T17:27:06,1127,OFF
1,rsa2048,1,328,0.6756660295650363,2026-04-27T17:27:06,1127,OFF
1,rsa2048,1,329,0.7384580094367266,2026-04-27T17:27:06,1127,OFF
1,rsa2048,1,330,0.7158340304158628,2026-04-27T17:27:06,1127,OFF
1,rsa2048,1,331,0.6764169665984809,2026-04-27T17:27:06,1127,OFF
1,rsa2048,1,332,0.6555000436492264,2026-04-27T17:27:06,1127,OFF
1,rsa2048,1,333,0.8051669574342668,2026-04-27T17:27:06,1127,OFF
1,rsa2048,1,334,0.6564580253325403,2026-04-27T17:27:06,1127,OFF
1,rsa2048,1,335,0.6521250470541418,2026-04-27T17:27:06,1127,OFF
1,rsa2048,1,336,0.6639999919570982,2026-04-27T17:27:06,1127,OFF
1,rsa2048,1,337,0.6440000142902136,2026-04-27T17:27:06,1127,OFF
1,rsa2048,1,338,0.6422079750336707,2026-04-27T17:27:06,1127,OFF
1,rsa2048,1,339,0.6464580073952675,2026-04-27T17:27:06,1127,OFF
1,rsa2048,1,340,0.6423750310204923,2026-04-27T17:27:06,1127,OFF
1,rsa2048,1,341,0.642083992715925,2026-04-27T17:27:06,1127,OFF
1,rsa2048,1,342,0.645000021904707,2026-04-27T17:27:06,1127,OFF
1,rsa2048,1,343,0.6419999990612268,2026-04-27T17:27:06,1127,OFF
1,rsa2048,1,344,0.6434160168282688,2026-04-27T17:27:06,1127,OFF
1,rsa2048,1,345,0.6849999772384763,2026-04-27T17:27:06,1127,OFF
1,rsa2048,1,346,0.7106250268407166,2026-04-27T17:27:06,1127,OFF
1,rsa2048,1,347,0.6477920105680823,2026-04-27T17:27:06,1127,OFF
1,rsa2048,1,348,0.6464169709943235,2026-04-27T17:27:06,1127,OFF
1,rsa2048,1,349,0.6525409989990294,2026-04-27T17:27:06,1127,OFF
1,rsa2048,1,350,0.6447919877246022,2026-04-27T17:27:06,1127,OFF
1,rsa2048,1,351,0.6444580503739417,2026-04-27T17:27:06,1127,OFF
1,rsa2048,1,352,0.6619589985348284,2026-04-27T17:27:06,1127,OFF
1,rsa2048,1,353,0.6525840144604445,2026-04-27T17:27:06,1127,OFF
1,rsa2048,1,354,0.6958330050110817,2026-04-27T17:27:06,1127,OFF
1,rsa2048,1,355,0.6637920159846544,2026-04-27T17:27:06,1127,OFF
1,rsa2048,1,356,0.6682919920422137,2026-04-27T17:27:06,1127,OFF
1,rsa2048,1,357,0.6562499911524355,2026-04-27T17:27:06,1127,OFF
1,rsa2048,1,358,0.6846250034868717,2026-04-27T17:27:06,1127,OFF
1,rsa2048,1,359,0.6591249839402735,2026-04-27T17:27:06,1127,OFF
1,rsa2048,1,360,0.650417001452297,2026-04-27T17:27:06,1127,OFF
1,rsa2048,1,361,0.6637090118601918,2026-04-27T17:27:06,1127,OFF
1,rsa2048,1,362,0.6393750081770122,2026-04-27T17:27:06,1127,OFF
1,rsa2048,1,363,0.6536250002682209,2026-04-27T17:27:06,1127,OFF
1,rsa2048,1,364,0.6645839894190431,2026-04-27T17:27:06,1127,OFF
1,rsa2048,1,365,0.8423329563811421,2026-04-27T17:27:06,1127,OFF
1,rsa2048,1,366,0.6869590142741799,2026-04-27T17:27:06,1127,OFF
1,rsa2048,1,367,0.8424579864367843,2026-04-27T17:27:06,1127,OFF
1,rsa2048,1,368,0.6782090058550239,2026-04-27T17:27:06,1127,OFF
1,rsa2048,1,369,0.6492499960586429,2026-04-27T17:27:06,1127,OFF
1,rsa2048,1,370,0.6494590197689831,2026-04-27T17:27:06,1127,OFF
1,rsa2048,1,371,0.6472920067608356,2026-04-27T17:27:06,1127,OFF
1,rsa2048,1,372,0.6474590045399964,2026-04-27T17:27:06,1127,OFF
1,rsa2048,1,373,0.664916995447129,2026-04-27T17:27:06,1127,OFF
1,rsa2048,1,374,0.6619580090045929,2026-04-27T17:27:06,1127,OFF
1,rsa2048,1,375,0.6725420244038105,2026-04-27T17:27:06,1127,OFF
1,rsa2048,1,376,0.6584579823538661,2026-04-27T17:27:06,1127,OFF
1,rsa2048,1,377,0.6471669767051935,2026-04-27T17:27:06,1127,OFF
1,rsa2048,1,378,0.6462919991463423,2026-04-27T17:27:06,1127,OFF
1,rsa2048,1,379,0.6442919839173555,2026-04-27T17:27:06,1127,OFF
1,rsa2048,1,380,0.6559590110555291,2026-04-27T17:27:06,1127,OFF
1,rsa2048,1,381,0.6644999957643449,2026-04-27T17:27:06,1127,OFF
1,rsa2048,1,382,0.6632909644395113,2026-04-27T17:27:06,1127,OFF
1,rsa2048,1,383,0.673541973810643,2026-04-27T17:27:06,1127,OFF
1,rsa2048,1,384,0.7134160259738564,2026-04-27T17:27:06,1127,OFF
1,rsa2048,1,385,0.7225410081446171,2026-04-27T17:27:06,1127,OFF
1,rsa2048,1,386,0.7142499671317637,2026-04-27T17:27:06,1127,OFF
1,rsa2048,1,387,0.7297910051420331,2026-04-27T17:27:06,1127,OFF
1,rsa2048,1,388,0.7032919675111771,2026-04-27T17:27:06,1127,OFF
1,rsa2048,1,389,0.710542022716254,2026-04-27T17:27:06,1127,OFF
1,rsa2048,1,390,0.6932080141268671,2026-04-27T17:27:06,1127,OFF
1,rsa2048,1,391,0.6897500134073198,2026-04-27T17:27:06,1127,OFF
1,rsa2048,1,392,0.680041965097189,2026-04-27T17:27:06,1127,OFF
1,rsa2048,1,393,0.6497499998658895,2026-04-27T17:27:06,1127,OFF
1,rsa2048,1,394,0.6684589898213744,2026-04-27T17:27:06,1127,OFF
1,rsa2048,1,395,0.7049159612506628,2026-04-27T17:27:06,1127,OFF
1,rsa2048,1,396,0.689124979544431,2026-04-27T17:27:06,1127,OFF
1,rsa2048,1,397,0.8273749845102429,2026-04-27T17:27:06,1127,OFF
1,rsa2048,1,398,0.6860420107841492,2026-04-27T17:27:06,1127,OFF
1,rsa2048,1,399,0.6835830281488597,2026-04-27T17:27:06,1127,OFF
1,rsa2048,1,400,0.6558329914696515,2026-04-27T17:27:06,1127,OFF
1,rsa2048,1,401,0.7053749868646264,2026-04-27T17:27:06,1127,OFF
1,rsa2048,1,402,0.7109580328688025,2026-04-27T17:27:06,1127,OFF
1,rsa2048,1,403,0.704416015651077,2026-04-27T17:27:06,1127,OFF
1,rsa2048,1,404,0.6562089547514915,2026-04-27T17:27:06,1127,OFF
1,rsa2048,1,405,0.6706250132992864,2026-04-27T17:27:06,1127,OFF
1,rsa2048,1,406,0.6541250040754676,2026-04-27T17:27:06,1127,OFF
1,rsa2048,1,407,0.6498750299215317,2026-04-27T17:27:06,1127,OFF
1,rsa2048,1,408,0.7147090509533882,2026-04-27T17:27:06,1127,OFF
1,rsa2048,1,409,0.714167021214962,2026-04-27T17:27:06,1127,OFF
1,rsa2048,1,410,0.715582980774343,2026-04-27T17:27:07,1127,OFF
1,rsa2048,1,411,0.7842920022085309,2026-04-27T17:27:07,1127,OFF
1,rsa2048,1,412,0.6840000278316438,2026-04-27T17:27:07,1127,OFF
1,rsa2048,1,413,0.6687919958494604,2026-04-27T17:27:07,1127,OFF
1,rsa2048,1,414,0.6999169709160924,2026-04-27T17:27:07,1127,OFF
1,rsa2048,1,415,0.6689999718219042,2026-04-27T17:27:07,1127,OFF
1,rsa2048,1,416,0.6922920001670718,2026-04-27T17:27:07,1127,OFF
1,rsa2048,1,417,0.658750010188669,2026-04-27T17:27:07,1127,OFF
1,rsa2048,1,418,0.6569160032086074,2026-04-27T17:27:07,1127,OFF
1,rsa2048,1,419,0.6496249698102474,2026-04-27T17:27:07,1127,OFF
1,rsa2048,1,420,0.6595840095542371,2026-04-27T17:27:07,1127,OFF
1,rsa2048,1,421,0.7665840093977749,2026-04-27T17:27:07,1127,OFF
1,rsa2048,1,422,0.6866250187158585,2026-04-27T17:27:07,1127,OFF
1,rsa2048,1,423,0.6567080272361636,2026-04-27T17:27:07,1127,OFF
1,rsa2048,1,424,0.6496250280179083,2026-04-27T17:27:07,1127,OFF
1,rsa2048,1,425,0.6785830482840538,2026-04-27T17:27:07,1127,OFF
1,rsa2048,1,426,0.6768329767510295,2026-04-27T17:27:07,1127,OFF
1,rsa2048,1,427,0.6608749972656369,2026-04-27T17:27:07,1127,OFF
1,rsa2048,1,428,0.6749169551767409,2026-04-27T17:27:07,1127,OFF
1,rsa2048,1,429,0.8159159915521741,2026-04-27T17:27:07,1127,OFF
1,rsa2048,1,430,0.6684580002911389,2026-04-27T17:27:07,1127,OFF
1,rsa2048,1,431,0.6563750212080777,2026-04-27T17:27:07,1127,OFF
1,rsa2048,1,432,0.647250039037317,2026-04-27T17:27:07,1127,OFF
1,rsa2048,1,433,0.6541250040754676,2026-04-27T17:27:07,1127,OFF
1,rsa2048,1,434,0.6517079891636968,2026-04-27T17:27:07,1127,OFF
1,rsa2048,1,435,0.6477080169133842,2026-04-27T17:27:07,1127,OFF
1,rsa2048,1,436,0.6472910172306001,2026-04-27T17:27:07,1127,OFF
1,rsa2048,1,437,0.6487079663202167,2026-04-27T17:27:07,1127,OFF
1,rsa2048,1,438,0.648292014375329,2026-04-27T17:27:07,1127,OFF
1,rsa2048,1,439,0.6517909932881594,2026-04-27T17:27:07,1127,OFF
1,rsa2048,1,440,0.6900830194354057,2026-04-27T17:27:07,1127,OFF
1,rsa2048,1,441,0.6521660252474248,2026-04-27T17:27:07,1127,OFF
1,rsa2048,1,442,0.6707500433549285,2026-04-27T17:27:07,1127,OFF
1,rsa2048,1,443,0.6590409902855754,2026-04-27T17:27:07,1127,OFF
1,rsa2048,1,444,0.6499160081148148,2026-04-27T17:27:07,1127,OFF
1,rsa2048,1,445,0.6745000137016177,2026-04-27T17:27:07,1127,OFF
1,rsa2048,1,446,0.6683329702354968,2026-04-27T17:27:07,1127,OFF
1,rsa2048,1,447,0.6559169851243496,2026-04-27T17:27:07,1127,OFF
1,rsa2048,1,448,0.6472920067608356,2026-04-27T17:27:07,1127,OFF
1,rsa2048,1,449,0.6749579915776849,2026-04-27T17:27:07,1127,OFF
1,rsa2048,1,450,0.6639999919570982,2026-04-27T17:27:07,1127,OFF
1,rsa2048,1,451,0.6647079717367887,2026-04-27T17:27:07,1127,OFF
1,rsa2048,1,452,0.6630410207435489,2026-04-27T17:27:07,1127,OFF
1,rsa2048,1,453,0.6481250165961683,2026-04-27T17:27:07,1127,OFF
1,rsa2048,1,454,0.6453749956563115,2026-04-27T17:27:07,1127,OFF
1,rsa2048,1,455,0.6721660029143095,2026-04-27T17:27:07,1127,OFF
1,rsa2048,1,456,0.6966250366531312,2026-04-27T17:27:07,1127,OFF
1,rsa2048,1,457,0.7278750417754054,2026-04-27T17:27:07,1127,OFF
1,rsa2048,1,458,0.7193330093286932,2026-04-27T17:27:07,1127,OFF
1,rsa2048,1,459,0.7270419737324119,2026-04-27T17:27:07,1127,OFF
1,rsa2048,1,460,0.6847499753348529,2026-04-27T17:27:07,1127,OFF
1,rsa2048,1,461,1.1276660370640457,2026-04-27T17:27:07,1127,OFF
1,rsa2048,1,462,0.6749170133844018,2026-04-27T17:27:07,1127,OFF
1,rsa2048,1,463,0.6903340108692646,2026-04-27T17:27:07,1127,OFF
1,rsa2048,1,464,0.6694589974358678,2026-04-27T17:27:07,1127,OFF
1,rsa2048,1,465,0.6586670060642064,2026-04-27T17:27:07,1127,OFF
1,rsa2048,1,466,0.6501669995486736,2026-04-27T17:27:07,1127,OFF
1,rsa2048,1,467,0.6529170204885304,2026-04-27T17:27:07,1127,OFF
1,rsa2048,1,468,0.6492090178653598,2026-04-27T17:27:07,1127,OFF
1,rsa2048,1,469,0.6606249953620136,2026-04-27T17:27:07,1127,OFF
1,rsa2048,1,470,0.675416027661413,2026-04-27T17:27:07,1127,OFF
1,rsa2048,1,471,0.6755830254405737,2026-04-27T17:27:07,1127,OFF
1,rsa2048,1,472,0.6734579801559448,2026-04-27T17:27:07,1127,OFF
1,rsa2048,1,473,0.678708020132035,2026-04-27T17:27:07,1127,OFF
1,rsa2048,1,474,0.6757079972885549,2026-04-27T17:27:07,1127,OFF
1,rsa2048,1,475,0.6853329832665622,2026-04-27T17:27:07,1127,OFF
1,rsa2048,1,476,0.6772499764338136,2026-04-27T17:27:07,1127,OFF
1,rsa2048,1,477,0.6684999680146575,2026-04-27T17:27:07,1127,OFF
1,rsa2048,1,478,0.7485839887522161,2026-04-27T17:27:07,1127,OFF
1,rsa2048,1,479,0.6744579877704382,2026-04-27T17:27:07,1127,OFF
1,rsa2048,1,480,0.6630829884670675,2026-04-27T17:27:07,1127,OFF
1,rsa2048,1,481,0.6650419672951102,2026-04-27T17:27:07,1127,OFF
1,rsa2048,1,482,0.6639170460402966,2026-04-27T17:27:07,1127,OFF
1,rsa2048,1,483,0.6473329849541187,2026-04-27T17:27:07,1127,OFF
1,rsa2048,1,484,0.6556250154972076,2026-04-27T17:27:07,1127,OFF
1,rsa2048,1,485,0.6487920181825757,2026-04-27T17:27:07,1127,OFF
1,rsa2048,1,486,0.6463750032708049,2026-04-27T17:27:07,1127,OFF
1,rsa2048,1,487,0.6607079994864762,2026-04-27T17:27:07,1127,OFF
1,rsa2048,1,488,0.6715420167893171,2026-04-27T17:27:07,1127,OFF
1,rsa2048,1,489,0.6700830417685211,2026-04-27T17:27:07,1127,OFF
1,rsa2048,1,490,0.6483329925686121,2026-04-27T17:27:07,1127,OFF
1,rsa2048,1,491,0.6619589985348284,2026-04-27T17:27:07,1127,OFF
1,rsa2048,1,492,0.6501660100184381,2026-04-27T17:27:07,1127,OFF
1,rsa2048,1,493,0.8040419779717922,2026-04-27T17:27:07,1127,OFF
1,rsa2048,1,494,0.6693750037811697,2026-04-27T17:27:07,1127,OFF
1,rsa2048,1,495,0.7083340315148234,2026-04-27T17:27:07,1127,OFF
1,rsa2048,1,496,0.6961670005694032,2026-04-27T17:27:07,1127,OFF
1,rsa2048,1,497,0.6908750510774553,2026-04-27T17:27:07,1127,OFF
1,rsa2048,1,498,0.6972499541006982,2026-04-27T17:27:07,1127,OFF
1,rsa2048,1,499,0.6807080353610218,2026-04-27T17:27:07,1127,OFF
1,rsa2048,1,500,0.6836249958723783,2026-04-27T17:27:07,1127,OFF
1,rsa2048,1,501,0.6817909888923168,2026-04-27T17:27:07,1127,OFF
1,rsa2048,1,502,0.6796250236220658,2026-04-27T17:27:07,1127,OFF
1,rsa2048,1,503,0.6771249463781714,2026-04-27T17:27:07,1127,OFF
1,rsa2048,1,504,0.6837500259280205,2026-04-27T17:27:07,1127,OFF
1,rsa2048,1,505,0.6839999696239829,2026-04-27T17:27:07,1127,OFF
1,rsa2048,1,506,0.6830000202171504,2026-04-27T17:27:07,1127,OFF
1,rsa2048,1,507,0.6782920099794865,2026-04-27T17:27:07,1127,OFF
1,rsa2048,1,508,0.7366670179180801,2026-04-27T17:27:07,1127,OFF
1,rsa2048,1,509,0.720667012501508,2026-04-27T17:27:07,1127,OFF
1,rsa2048,1,510,0.7199999527074397,2026-04-27T17:27:07,1127,OFF
1,rsa2048,1,511,0.7027080282568932,2026-04-27T17:27:07,1127,OFF
1,rsa2048,1,512,0.7772079552523792,2026-04-27T17:27:07,1127,OFF
1,rsa2048,1,513,0.6708329892717302,2026-04-27T17:27:07,1127,OFF
1,rsa2048,1,514,0.6941659958101809,2026-04-27T17:27:07,1127,OFF
1,rsa2048,1,515,0.7117079803720117,2026-04-27T17:27:07,1127,OFF
1,rsa2048,1,516,0.8002910180948675,2026-04-27T17:27:07,1127,OFF
1,rsa2048,1,517,0.6827080505900085,2026-04-27T17:27:07,1127,OFF
1,rsa2048,1,518,0.6897920393384993,2026-04-27T17:27:07,1127,OFF
1,rsa2048,1,519,0.6905000191181898,2026-04-27T17:27:07,1127,OFF
1,rsa2048,1,520,0.6883339956402779,2026-04-27T17:27:07,1127,OFF
1,rsa2048,1,521,0.6862920126877725,2026-04-27T17:27:07,1127,OFF
1,rsa2048,1,522,0.6832089857198298,2026-04-27T17:27:07,1127,OFF
1,rsa2048,1,523,0.6867079646326602,2026-04-27T17:27:07,1127,OFF
1,rsa2048,1,524,0.6828340119682252,2026-04-27T17:27:07,1127,OFF
1,rsa2048,1,525,0.8308750111609697,2026-04-27T17:27:07,1127,OFF
1,rsa2048,1,526,0.6642079679295421,2026-04-27T17:27:07,1127,OFF
1,rsa2048,1,527,0.6970000104047358,2026-04-27T17:27:07,1127,OFF
1,rsa2048,1,528,0.6859999848529696,2026-04-27T17:27:07,1127,OFF
1,rsa2048,1,529,0.6615410093218088,2026-04-27T17:27:07,1127,OFF
1,rsa2048,1,530,0.651167007163167,2026-04-27T17:27:07,1127,OFF
1,rsa2048,1,531,0.6498330039903522,2026-04-27T17:27:07,1127,OFF
1,rsa2048,1,532,0.6564580253325403,2026-04-27T17:27:07,1127,OFF
1,rsa2048,1,533,0.6673340103588998,2026-04-27T17:27:07,1127,OFF
1,rsa2048,1,534,0.6874169921502471,2026-04-27T17:27:07,1127,OFF
1,rsa2048,1,535,0.7070829742588103,2026-04-27T17:27:07,1127,OFF
1,rsa2048,1,536,0.6894170073792338,2026-04-27T17:27:07,1127,OFF
1,rsa2048,1,537,0.6917909486219287,2026-04-27T17:27:07,1127,OFF
1,rsa2048,1,538,0.7058330229483545,2026-04-27T17:27:07,1127,OFF
1,rsa2048,1,539,0.6825000164099038,2026-04-27T17:27:07,1127,OFF
1,rsa2048,1,540,0.6831250502727926,2026-04-27T17:27:07,1127,OFF
1,rsa2048,1,541,0.6887920317240059,2026-04-27T17:27:07,1127,OFF
1,rsa2048,1,542,0.6769589963369071,2026-04-27T17:27:07,1127,OFF
1,rsa2048,1,543,0.6904590409249067,2026-04-27T17:27:07,1127,OFF
1,rsa2048,1,544,0.6864999886602163,2026-04-27T17:27:07,1127,OFF
1,rsa2048,1,545,0.685958017129451,2026-04-27T17:27:07,1127,OFF
1,rsa2048,1,546,0.6906669586896896,2026-04-27T17:27:07,1127,OFF
1,rsa2048,1,547,0.6842499715276062,2026-04-27T17:27:07,1127,OFF
1,rsa2048,1,548,0.6874999962747097,2026-04-27T17:27:07,1127,OFF
1,rsa2048,1,549,0.6871249643154442,2026-04-27T17:27:07,1127,OFF
1,rsa2048,1,550,0.6859579589217901,2026-04-27T17:27:07,1127,OFF
1,rsa2048,1,551,0.7005829829722643,2026-04-27T17:27:07,1127,OFF
1,rsa2048,1,552,0.6868329946883023,2026-04-27T17:27:07,1127,OFF
1,rsa2048,1,553,0.7077920017763972,2026-04-27T17:27:07,1127,OFF
1,rsa2048,1,554,0.6900840089656413,2026-04-27T17:27:07,1127,OFF
1,rsa2048,1,555,0.687749998178333,2026-04-27T17:27:07,1127,OFF
1,rsa2048,1,556,0.6747909937985241,2026-04-27T17:27:07,1127,OFF
1,rsa2048,1,557,0.8632499957457185,2026-04-27T17:27:07,1127,OFF
1,rsa2048,1,558,0.6907919887453318,2026-04-27T17:27:07,1127,OFF
1,rsa2048,1,559,0.7304580067284405,2026-04-27T17:27:07,1127,OFF
1,rsa2048,1,560,0.6783329881727695,2026-04-27T17:27:07,1127,OFF
1,rsa2048,1,561,0.6769169704057276,2026-04-27T17:27:07,1127,OFF
1,rsa2048,1,562,0.6801250274293125,2026-04-27T17:27:07,1127,OFF
1,rsa2048,1,563,0.6859999848529696,2026-04-27T17:27:07,1127,OFF
1,rsa2048,1,564,0.6983340135775506,2026-04-27T17:27:07,1127,OFF
1,rsa2048,1,565,0.6843329756520689,2026-04-27T17:27:07,1127,OFF
1,rsa2048,1,566,0.6865420145913959,2026-04-27T17:27:07,1127,OFF
1,rsa2048,1,567,0.6817919784225523,2026-04-27T17:27:07,1127,OFF
1,rsa2048,1,568,0.6806669989600778,2026-04-27T17:27:07,1127,OFF
1,rsa2048,1,569,0.6806669989600778,2026-04-27T17:27:07,1127,OFF
1,rsa2048,1,570,0.6861249567009509,2026-04-27T17:27:07,1127,OFF
1,rsa2048,1,571,0.6805830053053796,2026-04-27T17:27:07,1127,OFF
1,rsa2048,1,572,0.7169169839471579,2026-04-27T17:27:07,1127,OFF
1,rsa2048,1,573,0.7223330321721733,2026-04-27T17:27:07,1127,OFF
1,rsa2048,1,574,0.728667015209794,2026-04-27T17:27:07,1127,OFF
1,rsa2048,1,575,0.7916250033304095,2026-04-27T17:27:07,1127,OFF
1,rsa2048,1,576,0.7077920017763972,2026-04-27T17:27:07,1127,OFF
1,rsa2048,1,577,0.6890000076964498,2026-04-27T17:27:07,1127,OFF
1,rsa2048,1,578,0.6930410163477063,2026-04-27T17:27:07,1127,OFF
1,rsa2048,1,579,0.6847080076113343,2026-04-27T17:27:07,1127,OFF
1,rsa2048,1,580,0.6635410245507956,2026-04-27T17:27:07,1127,OFF
1,rsa2048,1,581,0.6670000148005784,2026-04-27T17:27:07,1127,OFF
1,rsa2048,1,582,0.6647499976679683,2026-04-27T17:27:07,1127,OFF
1,rsa2048,1,583,0.7123749819584191,2026-04-27T17:27:07,1127,OFF
1,rsa2048,1,584,0.6815000087954104,2026-04-27T17:27:07,1127,OFF
1,rsa2048,1,585,0.6829999620094895,2026-04-27T17:27:07,1127,OFF
1,rsa2048,1,586,0.6817909888923168,2026-04-27T17:27:07,1127,OFF
1,rsa2048,1,587,0.6876660045236349,2026-04-27T17:27:07,1127,OFF
1,rsa2048,1,588,0.6860000430606306,2026-04-27T17:27:07,1127,OFF
1,rsa2048,1,589,0.8490829495713115,2026-04-27T17:27:07,1127,OFF
1,rsa2048,1,590,0.7755410042591393,2026-04-27T17:27:07,1127,OFF
1,rsa2048,1,591,0.6924589979462326,2026-04-27T17:27:07,1127,OFF
1,rsa2048,1,592,0.6842919974587858,2026-04-27T17:27:07,1127,OFF
1,rsa2048,1,593,0.7062910008244216,2026-04-27T17:27:07,1127,OFF
1,rsa2048,1,594,0.6850000354461372,2026-04-27T17:27:07,1127,OFF
1,rsa2048,1,595,0.683374993968755,2026-04-27T17:27:07,1127,OFF
1,rsa2048,1,596,0.686999992467463,2026-04-27T17:27:07,1127,OFF
1,rsa2048,1,597,0.6857499829493463,2026-04-27T17:27:07,1127,OFF
1,rsa2048,1,598,0.6805830053053796,2026-04-27T17:27:07,1127,OFF
1,rsa2048,1,599,0.6663749809376895,2026-04-27T17:27:07,1127,OFF
1,rsa2048,1,600,0.6674170144833624,2026-04-27T17:27:07,1127,OFF
1,rsa2048,1,601,0.6864999886602163,2026-04-27T17:27:07,1127,OFF
1,rsa2048,1,602,0.6716669886372983,2026-04-27T17:27:07,1127,OFF
1,rsa2048,1,603,0.6788749597035348,2026-04-27T17:27:07,1127,OFF
1,rsa2048,1,604,0.6825829623267055,2026-04-27T17:27:07,1127,OFF
1,rsa2048,1,605,0.6829170160926878,2026-04-27T17:27:07,1127,OFF
1,rsa2048,1,606,0.6840420537628233,2026-04-27T17:27:07,1127,OFF
1,rsa2048,1,607,0.6884160102345049,2026-04-27T17:27:07,1127,OFF
1,rsa2048,1,608,0.7542499806731939,2026-04-27T17:27:07,1127,OFF
1,rsa2048,1,609,0.7292500231415033,2026-04-27T17:27:07,1127,OFF
1,rsa2048,1,610,0.7030830020084977,2026-04-27T17:27:07,1127,OFF
1,rsa2048,1,611,0.7077089976519346,2026-04-27T17:27:07,1127,OFF
1,rsa2048,1,612,0.9644579840824008,2026-04-27T17:27:07,1127,OFF
1,rsa2048,1,613,0.6790420156903565,2026-04-27T17:27:07,1127,OFF
1,rsa2048,1,614,0.716624956112355,2026-04-27T17:27:07,1127,OFF
1,rsa2048,1,615,0.6903330213390291,2026-04-27T17:27:07,1127,OFF
1,rsa2048,1,616,0.6869590142741799,2026-04-27T17:27:07,1127,OFF
1,rsa2048,1,617,0.6629999843426049,2026-04-27T17:27:07,1127,OFF
1,rsa2048,1,618,0.6669589783996344,2026-04-27T17:27:07,1127,OFF
1,rsa2048,1,619,0.6861659931018949,2026-04-27T17:27:07,1127,OFF
1,rsa2048,1,620,0.7052919827401638,2026-04-27T17:27:07,1127,OFF
1,rsa2048,1,621,0.8440419915132225,2026-04-27T17:27:07,1127,OFF
1,rsa2048,1,622,0.6873750244267285,2026-04-27T17:27:07,1127,OFF
1,rsa2048,1,623,0.6816670065745711,2026-04-27T17:27:07,1127,OFF
1,rsa2048,1,624,0.6890840013511479,2026-04-27T17:27:07,1127,OFF
1,rsa2048,1,625,0.6876669940538704,2026-04-27T17:27:07,1127,OFF
1,rsa2048,1,626,0.680791970808059,2026-04-27T17:27:07,1127,OFF
1,rsa2048,1,627,0.7918750052340329,2026-04-27T17:27:07,1127,OFF
1,rsa2048,1,628,0.6937499856576324,2026-04-27T17:27:07,1127,OFF
1,rsa2048,1,629,0.6952499970793724,2026-04-27T17:27:07,1127,OFF
1,rsa2048,1,630,0.6893340032547712,2026-04-27T17:27:07,1127,OFF
1,rsa2048,1,631,0.6891669472679496,2026-04-27T17:27:07,1127,OFF
1,rsa2048,1,632,0.7035839953459799,2026-04-27T17:27:07,1127,OFF
1,rsa2048,1,633,0.6820000126026571,2026-04-27T17:27:07,1127,OFF
1,rsa2048,1,634,0.669625005684793,2026-04-27T17:27:07,1127,OFF
1,rsa2048,1,635,0.6778329843655229,2026-04-27T17:27:07,1127,OFF
1,rsa2048,1,636,0.6711659952998161,2026-04-27T17:27:07,1127,OFF
1,rsa2048,1,637,0.6660419749096036,2026-04-27T17:27:07,1127,OFF
1,rsa2048,1,638,0.7015829905867577,2026-04-27T17:27:07,1127,OFF
1,rsa2048,1,639,0.6682499661110342,2026-04-27T17:27:07,1127,OFF
1,rsa2048,1,640,0.6645829998888075,2026-04-27T17:27:07,1127,OFF
1,rsa2048,1,641,0.6557080196216702,2026-04-27T17:27:07,1127,OFF
1,rsa2048,1,642,0.6550829857587814,2026-04-27T17:27:07,1127,OFF
1,rsa2048,1,643,0.6546659860759974,2026-04-27T17:27:07,1127,OFF
1,rsa2048,1,644,0.6582500063814223,2026-04-27T17:27:07,1127,OFF
1,rsa2048,1,645,0.6646669935435057,2026-04-27T17:27:07,1127,OFF
1,rsa2048,1,646,0.7051660213619471,2026-04-27T17:27:07,1127,OFF
1,rsa2048,1,647,0.6696659838780761,2026-04-27T17:27:07,1127,OFF
1,rsa2048,1,648,0.6767919985577464,2026-04-27T17:27:07,1127,OFF
1,rsa2048,1,649,0.6882089655846357,2026-04-27T17:27:07,1127,OFF
1,rsa2048,1,650,0.6884169997647405,2026-04-27T17:27:07,1127,OFF
1,rsa2048,2,1,1.0351670207455754,2026-04-27T17:27:09,2278,OFF
1,rsa2048,2,2,1.0282500297762454,2026-04-27T17:27:09,2278,OFF
1,rsa2048,2,3,1.0331249795854092,2026-04-27T17:27:09,2278,OFF
1,rsa2048,2,4,1.043124997522682,2026-04-27T17:27:09,2278,OFF
1,rsa2048,2,5,0.9957500151358545,2026-04-27T17:27:09,2278,OFF
1,rsa2048,2,6,0.9917090064845979,2026-04-27T17:27:09,2278,OFF
1,rsa2048,2,7,0.9857090190052986,2026-04-27T17:27:09,2278,OFF
1,rsa2048,2,8,0.990708009339869,2026-04-27T17:27:09,2278,OFF
1,rsa2048,2,9,0.9412500075995922,2026-04-27T17:27:09,2278,OFF
1,rsa2048,2,10,0.9402079740539193,2026-04-27T17:27:09,2278,OFF
1,rsa2048,2,11,0.9272500174120069,2026-04-27T17:27:09,2278,OFF
1,rsa2048,2,12,0.9308750159107149,2026-04-27T17:27:09,2278,OFF
1,rsa2048,2,13,1.149832969531417,2026-04-27T17:27:09,2278,OFF
1,rsa2048,2,14,0.8883340051397681,2026-04-27T17:27:09,2278,OFF
1,rsa2048,2,15,0.8808340062387288,2026-04-27T17:27:09,2278,OFF
1,rsa2048,2,16,0.8830840233713388,2026-04-27T17:27:09,2278,OFF
1,rsa2048,2,17,0.8827499696053565,2026-04-27T17:27:09,2278,OFF
1,rsa2048,2,18,0.882791995536536,2026-04-27T17:27:09,2278,OFF
1,rsa2048,2,19,0.8613339741714299,2026-04-27T17:27:09,2278,OFF
1,rsa2048,2,20,0.8500000112690032,2026-04-27T17:27:09,2278,OFF
1,rsa2048,2,21,0.8476250222884119,2026-04-27T17:27:09,2278,OFF
1,rsa2048,2,22,0.8471670444123447,2026-04-27T17:27:09,2278,OFF
1,rsa2048,2,23,0.8466249564662576,2026-04-27T17:27:09,2278,OFF
1,rsa2048,2,24,0.8485419675707817,2026-04-27T17:27:09,2278,OFF
1,rsa2048,2,25,0.8210419910028577,2026-04-27T17:27:09,2278,OFF
1,rsa2048,2,26,0.8151669753715396,2026-04-27T17:27:09,2278,OFF
1,rsa2048,2,27,0.8197920396924019,2026-04-27T17:27:09,2278,OFF
1,rsa2048,2,28,0.8202909957617521,2026-04-27T17:27:09,2278,OFF
1,rsa2048,2,29,0.819791981484741,2026-04-27T17:27:09,2278,OFF
1,rsa2048,2,30,0.8095829980447888,2026-04-27T17:27:09,2278,OFF
1,rsa2048,2,31,0.795916945207864,2026-04-27T17:27:09,2278,OFF
1,rsa2048,2,32,0.7997499778866768,2026-04-27T17:27:09,2278,OFF
1,rsa2048,2,33,0.7861250196583569,2026-04-27T17:27:09,2278,OFF
1,rsa2048,2,34,0.7829579990357161,2026-04-27T17:27:09,2278,OFF
1,rsa2048,2,35,0.789125042501837,2026-04-27T17:27:09,2278,OFF
1,rsa2048,2,36,0.7836669683456421,2026-04-27T17:27:09,2278,OFF
1,rsa2048,2,37,0.7829999667592347,2026-04-27T17:27:09,2278,OFF
1,rsa2048,2,38,0.7742919842712581,2026-04-27T17:27:09,2278,OFF
1,rsa2048,2,39,0.7655829540453851,2026-04-27T17:27:09,2278,OFF
1,rsa2048,2,40,0.7717499975115061,2026-04-27T17:27:09,2278,OFF
1,rsa2048,2,41,0.7663330179639161,2026-04-27T17:27:09,2278,OFF
1,rsa2048,2,42,0.7630420150235295,2026-04-27T17:27:09,2278,OFF
1,rsa2048,2,43,0.7623750134371221,2026-04-27T17:27:09,2278,OFF
1,rsa2048,2,44,0.7524159736931324,2026-04-27T17:27:09,2278,OFF
1,rsa2048,2,45,0.9299159864895046,2026-04-27T17:27:09,2278,OFF
1,rsa2048,2,46,0.7664170116186142,2026-04-27T17:27:09,2278,OFF
1,rsa2048,2,47,0.7602500263601542,2026-04-27T17:27:09,2278,OFF
1,rsa2048,2,48,0.7557920180261135,2026-04-27T17:27:09,2278,OFF
1,rsa2048,2,49,0.7590000168420374,2026-04-27T17:27:09,2278,OFF
1,rsa2048,2,50,0.8193749818019569,2026-04-27T17:27:09,2278,OFF
1,rsa2048,2,51,0.7699999841861427,2026-04-27T17:27:09,2278,OFF
1,rsa2048,2,52,0.7512920419685543,2026-04-27T17:27:09,2278,OFF
1,rsa2048,2,53,0.713749963324517,2026-04-27T17:27:09,2278,OFF
1,rsa2048,2,54,0.7022920181043446,2026-04-27T17:27:09,2278,OFF
1,rsa2048,2,55,0.708041014149785,2026-04-27T17:27:09,2278,OFF
1,rsa2048,2,56,0.7090839790180326,2026-04-27T17:27:09,2278,OFF
1,rsa2048,2,57,0.753916974645108,2026-04-27T17:27:09,2278,OFF
1,rsa2048,2,58,0.7177499937824905,2026-04-27T17:27:09,2278,OFF
1,rsa2048,2,59,0.7830420508980751,2026-04-27T17:27:09,2278,OFF
1,rsa2048,2,60,0.832458958029747,2026-04-27T17:27:09,2278,OFF
1,rsa2048,2,61,0.7542500388808548,2026-04-27T17:27:09,2278,OFF
1,rsa2048,2,62,0.7626249571330845,2026-04-27T17:27:09,2278,OFF
1,rsa2048,2,63,0.7588330190628767,2026-04-27T17:27:09,2278,OFF
1,rsa2048,2,64,0.7215840159915388,2026-04-27T17:27:09,2278,OFF
1,rsa2048,2,65,0.6999169709160924,2026-04-27T17:27:09,2278,OFF
1,rsa2048,2,66,0.6946250214241445,2026-04-27T17:27:09,2278,OFF
1,rsa2048,2,67,0.6921250023879111,2026-04-27T17:27:09,2278,OFF
1,rsa2048,2,68,0.6899159634485841,2026-04-27T17:27:09,2278,OFF
1,rsa2048,2,69,0.7049580453895032,2026-04-27T17:27:09,2278,OFF
1,rsa2048,2,70,0.7180420216172934,2026-04-27T17:27:09,2278,OFF
1,rsa2048,2,71,0.7195830112323165,2026-04-27T17:27:09,2278,OFF
1,rsa2048,2,72,0.7078750059008598,2026-04-27T17:27:09,2278,OFF
1,rsa2048,2,73,0.6980830221436918,2026-04-27T17:27:09,2278,OFF
1,rsa2048,2,74,0.8698340388946235,2026-04-27T17:27:09,2278,OFF
1,rsa2048,2,75,0.7265830063261092,2026-04-27T17:27:09,2278,OFF
1,rsa2048,2,76,0.7211670163087547,2026-04-27T17:27:09,2278,OFF
1,rsa2048,2,77,0.8676249999552965,2026-04-27T17:27:09,2278,OFF
1,rsa2048,2,78,0.7094169850461185,2026-04-27T17:27:09,2278,OFF
1,rsa2048,2,79,0.709832995198667,2026-04-27T17:27:09,2278,OFF
1,rsa2048,2,80,0.704416015651077,2026-04-27T17:27:09,2278,OFF
1,rsa2048,2,81,0.7042909855954349,2026-04-27T17:27:09,2278,OFF
1,rsa2048,2,82,0.7006669766269624,2026-04-27T17:27:09,2278,OFF
1,rsa2048,2,83,0.7114170002751052,2026-04-27T17:27:09,2278,OFF
1,rsa2048,2,84,0.7071669679135084,2026-04-27T17:27:09,2278,OFF
1,rsa2048,2,85,0.6886249757371843,2026-04-27T17:27:09,2278,OFF
1,rsa2048,2,86,0.6882920279167593,2026-04-27T17:27:09,2278,OFF
1,rsa2048,2,87,0.6875840481370687,2026-04-27T17:27:09,2278,OFF
1,rsa2048,2,88,0.6863749586045742,2026-04-27T17:27:09,2278,OFF
1,rsa2048,2,89,0.6870840443298221,2026-04-27T17:27:09,2278,OFF
1,rsa2048,2,90,0.7515409961342812,2026-04-27T17:27:09,2278,OFF
1,rsa2048,2,91,0.7048340048640966,2026-04-27T17:27:09,2278,OFF
1,rsa2048,2,92,0.7165830465964973,2026-04-27T17:27:09,2278,OFF
1,rsa2048,2,93,0.7438749889843166,2026-04-27T17:27:09,2278,OFF
1,rsa2048,2,94,0.7034580339677632,2026-04-27T17:27:09,2278,OFF
1,rsa2048,2,95,0.7133749895729125,2026-04-27T17:27:09,2278,OFF
1,rsa2048,2,96,0.702542020007968,2026-04-27T17:27:09,2278,OFF
1,rsa2048,2,97,0.7129160221666098,2026-04-27T17:27:09,2278,OFF
1,rsa2048,2,98,0.70583401247859,2026-04-27T17:27:09,2278,OFF
1,rsa2048,2,99,0.697124982252717,2026-04-27T17:27:09,2278,OFF
1,rsa2048,2,100,0.7037500035949051,2026-04-27T17:27:09,2278,OFF
1,rsa2048,2,101,0.7023750222288072,2026-04-27T17:27:09,2278,OFF
1,rsa2048,2,102,0.7063330267556012,2026-04-27T17:27:09,2278,OFF
1,rsa2048,2,103,0.704792037140578,2026-04-27T17:27:09,2278,OFF
1,rsa2048,2,104,0.6967090303078294,2026-04-27T17:27:09,2278,OFF
1,rsa2048,2,105,0.7030409760773182,2026-04-27T17:27:09,2278,OFF
1,rsa2048,2,106,0.7034160080365837,2026-04-27T17:27:09,2278,OFF
1,rsa2048,2,107,0.7081250078044832,2026-04-27T17:27:09,2278,OFF
1,rsa2048,2,108,0.7509590359404683,2026-04-27T17:27:09,2278,OFF
1,rsa2048,2,109,0.8958340040408075,2026-04-27T17:27:09,2278,OFF
1,rsa2048,2,110,0.8446249994449317,2026-04-27T17:27:09,2278,OFF
1,rsa2048,2,111,0.8412500028498471,2026-04-27T17:27:09,2278,OFF
1,rsa2048,2,112,0.7176660001277924,2026-04-27T17:27:09,2278,OFF
1,rsa2048,2,113,0.7195420330390334,2026-04-27T17:27:09,2278,OFF
1,rsa2048,2,114,0.7742080488242209,2026-04-27T17:27:09,2278,OFF
1,rsa2048,2,115,0.7290419889613986,2026-04-27T17:27:09,2278,OFF
1,rsa2048,2,116,0.715208996552974,2026-04-27T17:27:09,2278,OFF
1,rsa2048,2,117,0.7165000424720347,2026-04-27T17:27:09,2278,OFF
1,rsa2048,2,118,0.701832992490381,2026-04-27T17:27:09,2278,OFF
1,rsa2048,2,119,0.7043330115266144,2026-04-27T17:27:09,2278,OFF
1,rsa2048,2,120,0.693499983754009,2026-04-27T17:27:09,2278,OFF
1,rsa2048,2,121,0.691708002705127,2026-04-27T17:27:09,2278,OFF
1,rsa2048,2,122,0.7252919604070485,2026-04-27T17:27:09,2278,OFF
1,rsa2048,2,123,0.73441700078547,2026-04-27T17:27:09,2278,OFF
1,rsa2048,2,124,0.7092090090736747,2026-04-27T17:27:09,2278,OFF
1,rsa2048,2,125,0.7082499796524644,2026-04-27T17:27:09,2278,OFF
1,rsa2048,2,126,0.705457990989089,2026-04-27T17:27:09,2278,OFF
1,rsa2048,2,127,0.7068749982863665,2026-04-27T17:27:09,2278,OFF
1,rsa2048,2,128,0.7088339771144092,2026-04-27T17:27:09,2278,OFF
1,rsa2048,2,129,0.7342909811995924,2026-04-27T17:27:09,2278,OFF
1,rsa2048,2,130,0.71162503445521,2026-04-27T17:27:09,2278,OFF
1,rsa2048,2,131,0.7131670136004686,2026-04-27T17:27:09,2278,OFF
1,rsa2048,2,132,0.6994589930400252,2026-04-27T17:27:09,2278,OFF
1,rsa2048,2,133,0.7010840345174074,2026-04-27T17:27:09,2278,OFF
1,rsa2048,2,134,0.7087080157361925,2026-04-27T17:27:09,2278,OFF
1,rsa2048,2,135,0.708332983776927,2026-04-27T17:27:09,2278,OFF
1,rsa2048,2,136,0.7057500188238919,2026-04-27T17:27:09,2278,OFF
1,rsa2048,2,137,0.7084999815560877,2026-04-27T17:27:09,2278,OFF
1,rsa2048,2,138,0.7255839882418513,2026-04-27T17:27:09,2278,OFF
1,rsa2048,2,139,0.7090409635566175,2026-04-27T17:27:09,2278,OFF
1,rsa2048,2,140,0.7056249887682498,2026-04-27T17:27:09,2278,OFF
1,rsa2048,2,141,0.8659999584779143,2026-04-27T17:27:09,2278,OFF
1,rsa2048,2,142,0.7088340353220701,2026-04-27T17:27:09,2278,OFF
1,rsa2048,2,143,0.709374959114939,2026-04-27T17:27:09,2278,OFF
1,rsa2048,2,144,0.7096669869497418,2026-04-27T17:27:09,2278,OFF
1,rsa2048,2,145,0.7062919903546572,2026-04-27T17:27:09,2278,OFF
1,rsa2048,2,146,0.6912919925525784,2026-04-27T17:27:09,2278,OFF
1,rsa2048,2,147,0.7219999679364264,2026-04-27T17:27:09,2278,OFF
1,rsa2048,2,148,0.7089579594321549,2026-04-27T17:27:09,2278,OFF
1,rsa2048,2,149,0.7038749754428864,2026-04-27T17:27:09,2278,OFF
1,rsa2048,2,150,0.7090839790180326,2026-04-27T17:27:09,2278,OFF
1,rsa2048,2,151,0.72900002123788,2026-04-27T17:27:09,2278,OFF
1,rsa2048,2,152,0.7057079928927124,2026-04-27T17:27:09,2278,OFF
1,rsa2048,2,153,0.7067919941619039,2026-04-27T17:27:09,2278,OFF
1,rsa2048,2,154,0.707667029928416,2026-04-27T17:27:09,2278,OFF
1,rsa2048,2,155,0.7060829666443169,2026-04-27T17:27:09,2278,OFF
1,rsa2048,2,156,0.7128749857656658,2026-04-27T17:27:09,2278,OFF
1,rsa2048,2,157,0.7084579556249082,2026-04-27T17:27:09,2278,OFF
1,rsa2048,2,158,0.7412910345010459,2026-04-27T17:27:09,2278,OFF
1,rsa2048,2,159,0.7378749432973564,2026-04-27T17:27:09,2278,OFF
1,rsa2048,2,160,0.7087499834597111,2026-04-27T17:27:09,2278,OFF
1,rsa2048,2,161,0.7071250001899898,2026-04-27T17:27:09,2278,OFF
1,rsa2048,2,162,0.7086250116117299,2026-04-27T17:27:09,2278,OFF
1,rsa2048,2,163,0.7081659859977663,2026-04-27T17:27:09,2278,OFF
1,rsa2048,2,164,0.7558749639429152,2026-04-27T17:27:09,2278,OFF
1,rsa2048,2,165,0.6995419971644878,2026-04-27T17:27:09,2278,OFF
1,rsa2048,2,166,0.7565839914605021,2026-04-27T17:27:09,2278,OFF
1,rsa2048,2,167,0.8138330304063857,2026-04-27T17:27:09,2278,OFF
1,rsa2048,2,168,0.7543750107288361,2026-04-27T17:27:09,2278,OFF
1,rsa2048,2,169,0.750750012230128,2026-04-27T17:27:09,2278,OFF
1,rsa2048,2,170,0.7231670315377414,2026-04-27T17:27:09,2278,OFF
1,rsa2048,2,171,0.7182920235209167,2026-04-27T17:27:09,2278,OFF
1,rsa2048,2,172,0.7155840285122395,2026-04-27T17:27:09,2278,OFF
1,rsa2048,2,173,0.8703329949639738,2026-04-27T17:27:09,2278,OFF
1,rsa2048,2,174,0.6915410049259663,2026-04-27T17:27:09,2278,OFF
1,rsa2048,2,175,0.6889590295031667,2026-04-27T17:27:09,2278,OFF
1,rsa2048,2,176,0.734750006813556,2026-04-27T17:27:09,2278,OFF
1,rsa2048,2,177,0.7137920474633574,2026-04-27T17:27:09,2278,OFF
1,rsa2048,2,178,0.7054580491967499,2026-04-27T17:27:09,2278,OFF
1,rsa2048,2,179,0.7070840219967067,2026-04-27T17:27:09,2278,OFF
1,rsa2048,2,180,0.7001670310273767,2026-04-27T17:27:09,2278,OFF
1,rsa2048,2,181,0.7093329913914204,2026-04-27T17:27:09,2278,OFF
1,rsa2048,2,182,0.7063330267556012,2026-04-27T17:27:09,2278,OFF
1,rsa2048,2,183,0.7580420351587236,2026-04-27T17:27:09,2278,OFF
1,rsa2048,2,184,0.7376669673249125,2026-04-27T17:27:09,2278,OFF
1,rsa2048,2,185,0.7159170345403254,2026-04-27T17:27:09,2278,OFF
1,rsa2048,2,186,0.7085830438882113,2026-04-27T17:27:09,2278,OFF
1,rsa2048,2,187,0.7237079553306103,2026-04-27T17:27:09,2278,OFF
1,rsa2048,2,188,0.7076250039972365,2026-04-27T17:27:09,2278,OFF
1,rsa2048,2,189,0.724583980627358,2026-04-27T17:27:09,2278,OFF
1,rsa2048,2,190,0.7080420036800206,2026-04-27T17:27:09,2278,OFF
1,rsa2048,2,191,0.7043330115266144,2026-04-27T17:27:09,2278,OFF
1,rsa2048,2,192,0.6900419830344617,2026-04-27T17:27:09,2278,OFF
1,rsa2048,2,193,0.694249989464879,2026-04-27T17:27:09,2278,OFF
1,rsa2048,2,194,0.7295420509763062,2026-04-27T17:27:09,2278,OFF
1,rsa2048,2,195,0.7152080070227385,2026-04-27T17:27:09,2278,OFF
1,rsa2048,2,196,0.7085410179570317,2026-04-27T17:27:09,2278,OFF
1,rsa2048,2,197,0.7074580062180758,2026-04-27T17:27:09,2278,OFF
1,rsa2048,2,198,0.7051660213619471,2026-04-27T17:27:09,2278,OFF
1,rsa2048,2,199,0.7090839790180326,2026-04-27T17:27:09,2278,OFF
1,rsa2048,2,200,0.6990409456193447,2026-04-27T17:27:09,2278,OFF
1,rsa2048,2,201,0.7150829769670963,2026-04-27T17:27:09,2278,OFF
1,rsa2048,2,202,0.7416250300593674,2026-04-27T17:27:09,2278,OFF
1,rsa2048,2,203,0.7237910176627338,2026-04-27T17:27:09,2278,OFF
1,rsa2048,2,204,0.7068749982863665,2026-04-27T17:27:09,2278,OFF
1,rsa2048,2,205,0.8468339801765978,2026-04-27T17:27:09,2278,OFF
1,rsa2048,2,206,0.6990830297581851,2026-04-27T17:27:09,2278,OFF
1,rsa2048,2,207,0.780707981903106,2026-04-27T17:27:09,2278,OFF
1,rsa2048,2,208,0.7613749476149678,2026-04-27T17:27:09,2278,OFF
1,rsa2048,2,209,0.8103749714791775,2026-04-27T17:27:09,2278,OFF
1,rsa2048,2,210,0.7294999668374658,2026-04-27T17:27:09,2278,OFF
1,rsa2048,2,211,0.7178339874371886,2026-04-27T17:27:09,2278,OFF
1,rsa2048,2,212,0.7167080184444785,2026-04-27T17:27:09,2278,OFF
1,rsa2048,2,213,0.7628750172443688,2026-04-27T17:27:09,2278,OFF
1,rsa2048,2,214,0.7388750091195107,2026-04-27T17:27:09,2278,OFF
1,rsa2048,2,215,0.7669170154258609,2026-04-27T17:27:09,2278,OFF
1,rsa2048,2,216,0.7787080248817801,2026-04-27T17:27:09,2278,OFF
1,rsa2048,2,217,0.7818749872967601,2026-04-27T17:27:09,2278,OFF
1,rsa2048,2,218,0.7595000206492841,2026-04-27T17:27:09,2278,OFF
1,rsa2048,2,219,0.9205410024151206,2026-04-27T17:27:09,2278,OFF
1,rsa2048,2,220,0.7502500084228814,2026-04-27T17:27:09,2278,OFF
1,rsa2048,2,221,0.7318749558180571,2026-04-27T17:27:09,2278,OFF
1,rsa2048,2,222,0.7304170285351574,2026-04-27T17:27:09,2278,OFF
1,rsa2048,2,223,0.7328329957090318,2026-04-27T17:27:09,2278,OFF
1,rsa2048,2,224,0.729332969058305,2026-04-27T17:27:09,2278,OFF
1,rsa2048,2,225,0.7257910328917205,2026-04-27T17:27:09,2278,OFF
1,rsa2048,2,226,0.7200830150395632,2026-04-27T17:27:09,2278,OFF
1,rsa2048,2,227,0.7290419889613986,2026-04-27T17:27:09,2278,OFF
1,rsa2048,2,228,0.7177499937824905,2026-04-27T17:27:09,2278,OFF
1,rsa2048,2,229,0.7273750379681587,2026-04-27T17:27:09,2278,OFF
1,rsa2048,2,230,0.7363340118899941,2026-04-27T17:27:09,2278,OFF
1,rsa2048,2,231,0.72095898212865,2026-04-27T17:27:09,2278,OFF
1,rsa2048,2,232,0.7263339939527214,2026-04-27T17:27:09,2278,OFF
1,rsa2048,2,233,0.7292920490726829,2026-04-27T17:27:09,2278,OFF
1,rsa2048,2,234,0.7295829709619284,2026-04-27T17:27:09,2278,OFF
1,rsa2048,2,235,0.7505000103265047,2026-04-27T17:27:09,2278,OFF
1,rsa2048,2,236,0.7872499991208315,2026-04-27T17:27:09,2278,OFF
1,rsa2048,2,237,0.9417919791303575,2026-04-27T17:27:09,2278,OFF
1,rsa2048,2,238,0.7321249577216804,2026-04-27T17:27:09,2278,OFF
1,rsa2048,2,239,0.7222080021165311,2026-04-27T17:27:09,2278,OFF
1,rsa2048,2,240,0.7143749971874058,2026-04-27T17:27:09,2278,OFF
1,rsa2048,2,241,0.7189169991761446,2026-04-27T17:27:09,2278,OFF
1,rsa2048,2,242,0.7081250078044832,2026-04-27T17:27:09,2278,OFF
1,rsa2048,2,243,0.707582978066057,2026-04-27T17:27:09,2278,OFF
1,rsa2048,2,244,0.7237090030685067,2026-04-27T17:27:09,2278,OFF
1,rsa2048,2,245,0.7093750173225999,2026-04-27T17:27:09,2278,OFF
1,rsa2048,2,246,0.7159169763326645,2026-04-27T17:27:09,2278,OFF
1,rsa2048,2,247,0.7057919865474105,2026-04-27T17:27:09,2278,OFF
1,rsa2048,2,248,0.7097909692674875,2026-04-27T17:27:09,2278,OFF
1,rsa2048,2,249,0.7074580062180758,2026-04-27T17:27:09,2278,OFF
1,rsa2048,2,250,0.7085829856805503,2026-04-27T17:27:09,2278,OFF
1,rsa2048,2,251,0.710874970536679,2026-04-27T17:27:09,2278,OFF
1,rsa2048,2,252,0.7117920322343707,2026-04-27T17:27:09,2278,OFF
1,rsa2048,2,253,0.7073330343700945,2026-04-27T17:27:09,2278,OFF
1,rsa2048,2,254,0.7590000168420374,2026-04-27T17:27:09,2278,OFF
1,rsa2048,2,255,0.7291249930858612,2026-04-27T17:27:09,2278,OFF
1,rsa2048,2,256,0.7140410016290843,2026-04-27T17:27:09,2278,OFF
1,rsa2048,2,257,0.7625000434927642,2026-04-27T17:27:09,2278,OFF
1,rsa2048,2,258,0.7473329897038639,2026-04-27T17:27:09,2278,OFF
1,rsa2048,2,259,0.7646249723620713,2026-04-27T17:27:09,2278,OFF
1,rsa2048,2,260,0.721040996722877,2026-04-27T17:27:09,2278,OFF
1,rsa2048,2,261,0.7172080222517252,2026-04-27T17:27:09,2278,OFF
1,rsa2048,2,262,0.7068340200930834,2026-04-27T17:27:09,2278,OFF
1,rsa2048,2,263,0.7127499557100236,2026-04-27T17:27:09,2278,OFF
1,rsa2048,2,264,0.7515409961342812,2026-04-27T17:27:09,2278,OFF
1,rsa2048,2,265,0.7159580127336085,2026-04-27T17:27:09,2278,OFF
1,rsa2048,2,266,0.7157090003602207,2026-04-27T17:27:09,2278,OFF
1,rsa2048,2,267,0.7208749884739518,2026-04-27T17:27:09,2278,OFF
1,rsa2048,2,268,0.7130000158213079,2026-04-27T17:27:09,2278,OFF
1,rsa2048,2,269,0.8629590156488121,2026-04-27T17:27:09,2278,OFF
1,rsa2048,2,270,0.7075419998727739,2026-04-27T17:27:09,2278,OFF
1,rsa2048,2,271,0.7108330028131604,2026-04-27T17:27:09,2278,OFF
1,rsa2048,2,272,0.7524999673478305,2026-04-27T17:27:09,2278,OFF
1,rsa2048,2,273,0.7319999858736992,2026-04-27T17:27:09,2278,OFF
1,rsa2048,2,274,1.0675839730538428,2026-04-27T17:27:09,2278,OFF
1,rsa2048,2,275,0.752124993596226,2026-04-27T17:27:09,2278,OFF
1,rsa2048,2,276,0.7551249582320452,2026-04-27T17:27:09,2278,OFF
1,rsa2048,2,277,0.7444159709848464,2026-04-27T17:27:09,2278,OFF
1,rsa2048,2,278,0.7292079972103238,2026-04-27T17:27:09,2278,OFF
1,rsa2048,2,279,0.748916994780302,2026-04-27T17:27:09,2278,OFF
1,rsa2048,2,280,0.7049169507808983,2026-04-27T17:27:09,2278,OFF
1,rsa2048,2,281,0.7075419998727739,2026-04-27T17:27:09,2278,OFF
1,rsa2048,2,282,0.7568750297650695,2026-04-27T17:27:09,2278,OFF
1,rsa2048,2,283,0.7174999918788671,2026-04-27T17:27:09,2278,OFF
1,rsa2048,2,284,0.7180420216172934,2026-04-27T17:27:09,2278,OFF
1,rsa2048,2,285,0.7100829971022904,2026-04-27T17:27:09,2278,OFF
1,rsa2048,2,286,0.7142089889384806,2026-04-27T17:27:09,2278,OFF
1,rsa2048,2,287,0.7113749743439257,2026-04-27T17:27:09,2278,OFF
1,rsa2048,2,288,0.7123749819584191,2026-04-27T17:27:09,2278,OFF
1,rsa2048,2,289,0.7458750042133033,2026-04-27T17:27:09,2278,OFF
1,rsa2048,2,290,0.7814999553374946,2026-04-27T17:27:09,2278,OFF
1,rsa2048,2,291,0.7311670342460275,2026-04-27T17:27:09,2278,OFF
1,rsa2048,2,292,0.7209170144051313,2026-04-27T17:27:09,2278,OFF
1,rsa2048,2,293,0.7157499785535038,2026-04-27T17:27:09,2278,OFF
1,rsa2048,2,294,0.7098750211298466,2026-04-27T17:27:09,2278,OFF
1,rsa2048,2,295,0.7104589603841305,2026-04-27T17:27:09,2278,OFF
1,rsa2048,2,296,0.7122919778339565,2026-04-27T17:27:09,2278,OFF
1,rsa2048,2,297,0.7087909616529942,2026-04-27T17:27:09,2278,OFF
1,rsa2048,2,298,0.6889580399729311,2026-04-27T17:27:09,2278,OFF
1,rsa2048,2,299,0.689874985255301,2026-04-27T17:27:09,2278,OFF
1,rsa2048,2,300,0.7221660343930125,2026-04-27T17:27:09,2278,OFF
1,rsa2048,2,301,0.8650830131955445,2026-04-27T17:27:09,2278,OFF
1,rsa2048,2,302,0.7007080130279064,2026-04-27T17:27:09,2278,OFF
1,rsa2048,2,303,0.7070419960655272,2026-04-27T17:27:09,2278,OFF
1,rsa2048,2,304,0.7007920066826046,2026-04-27T17:27:09,2278,OFF
1,rsa2048,2,305,0.7185830036178231,2026-04-27T17:27:09,2278,OFF
1,rsa2048,2,306,0.7890420383773744,2026-04-27T17:27:09,2278,OFF
1,rsa2048,2,307,0.7191249751485884,2026-04-27T17:27:09,2278,OFF
1,rsa2048,2,308,0.7339580333791673,2026-04-27T17:27:09,2278,OFF
1,rsa2048,2,309,0.8223329787142575,2026-04-27T17:27:09,2278,OFF
1,rsa2048,2,310,0.7069580024108291,2026-04-27T17:27:09,2278,OFF
1,rsa2048,2,311,0.7160420063883066,2026-04-27T17:27:09,2278,OFF
1,rsa2048,2,312,0.7164580165408552,2026-04-27T17:27:09,2278,OFF
1,rsa2048,2,313,0.7422499475069344,2026-04-27T17:27:09,2278,OFF
1,rsa2048,2,314,0.7189160096459091,2026-04-27T17:27:09,2278,OFF
1,rsa2048,2,315,0.7138330256566405,2026-04-27T17:27:09,2278,OFF
1,rsa2048,2,316,0.6952080293558538,2026-04-27T17:27:09,2278,OFF
1,rsa2048,2,317,0.6961250328458846,2026-04-27T17:27:09,2278,OFF
1,rsa2048,2,318,0.7271250360645354,2026-04-27T17:27:09,2278,OFF
1,rsa2048,2,319,0.718833995051682,2026-04-27T17:27:09,2278,OFF
1,rsa2048,2,320,0.7077920017763972,2026-04-27T17:27:09,2278,OFF
1,rsa2048,2,321,0.702582998201251,2026-04-27T17:27:09,2278,OFF
1,rsa2048,2,322,0.7161669782362878,2026-04-27T17:27:09,2278,OFF
1,rsa2048,2,323,0.710874970536679,2026-04-27T17:27:09,2278,OFF
1,rsa2048,2,324,0.706625054590404,2026-04-27T17:27:09,2278,OFF
1,rsa2048,2,325,0.7404999923892319,2026-04-27T17:27:09,2278,OFF
1,rsa2048,2,326,0.7694159867241979,2026-04-27T17:27:09,2278,OFF
1,rsa2048,2,327,0.7154160412028432,2026-04-27T17:27:09,2278,OFF
1,rsa2048,2,328,0.7366670179180801,2026-04-27T17:27:09,2278,OFF
1,rsa2048,2,329,0.7224170258268714,2026-04-27T17:27:09,2278,OFF
1,rsa2048,2,330,0.7154170307330787,2026-04-27T17:27:09,2278,OFF
1,rsa2048,2,331,0.7086250116117299,2026-04-27T17:27:09,2278,OFF
1,rsa2048,2,332,0.725707970559597,2026-04-27T17:27:09,2278,OFF
1,rsa2048,2,333,0.8724579820409417,2026-04-27T17:27:09,2278,OFF
1,rsa2048,2,334,0.6904999609105289,2026-04-27T17:27:09,2278,OFF
1,rsa2048,2,335,0.7149580051191151,2026-04-27T17:27:09,2278,OFF
1,rsa2048,2,336,0.7186250295490026,2026-04-27T17:27:09,2278,OFF
1,rsa2048,2,337,0.7078750059008598,2026-04-27T17:27:09,2278,OFF
1,rsa2048,2,338,0.7002920028753579,2026-04-27T17:27:09,2278,OFF
1,rsa2048,2,339,0.7079579518176615,2026-04-27T17:27:09,2278,OFF
1,rsa2048,2,340,0.7056249887682498,2026-04-27T17:27:09,2278,OFF
1,rsa2048,2,341,0.7060000207275152,2026-04-27T17:27:09,2278,OFF
1,rsa2048,2,342,0.7048330153338611,2026-04-27T17:27:09,2278,OFF
1,rsa2048,2,343,0.7292089867405593,2026-04-27T17:27:09,2278,OFF
1,rsa2048,2,344,0.7060000207275152,2026-04-27T17:27:09,2278,OFF
1,rsa2048,2,345,0.7241250132210553,2026-04-27T17:27:09,2278,OFF
1,rsa2048,2,346,0.7093340391293168,2026-04-27T17:27:09,2278,OFF
1,rsa2048,2,347,0.7032080320641398,2026-04-27T17:27:09,2278,OFF
1,rsa2048,2,348,0.7027080282568932,2026-04-27T17:27:09,2278,OFF
1,rsa2048,2,349,0.7011250127106905,2026-04-27T17:27:09,2278,OFF
1,rsa2048,2,350,0.7080829818733037,2026-04-27T17:27:09,2278,OFF
1,rsa2048,2,351,0.6980840116739273,2026-04-27T17:27:09,2278,OFF
1,rsa2048,2,352,0.6982089835219085,2026-04-27T17:27:09,2278,OFF
1,rsa2048,2,353,0.6902909954078496,2026-04-27T17:27:09,2278,OFF
1,rsa2048,2,354,0.6928749498911202,2026-04-27T17:27:09,2278,OFF
1,rsa2048,2,355,0.6895000115036964,2026-04-27T17:27:09,2278,OFF
1,rsa2048,2,356,0.7017499883659184,2026-04-27T17:27:09,2278,OFF
1,rsa2048,2,357,0.7034579757601023,2026-04-27T17:27:09,2278,OFF
1,rsa2048,2,358,0.7726670010015368,2026-04-27T17:27:09,2278,OFF
1,rsa2048,2,359,0.7794999983161688,2026-04-27T17:27:09,2278,OFF
1,rsa2048,2,360,0.7735409890301526,2026-04-27T17:27:09,2278,OFF
1,rsa2048,2,361,0.7099169888533652,2026-04-27T17:27:09,2278,OFF
1,rsa2048,2,362,0.7499170023947954,2026-04-27T17:27:09,2278,OFF
1,rsa2048,2,363,0.6918750004842877,2026-04-27T17:27:09,2278,OFF
1,rsa2048,2,364,0.7260830025188625,2026-04-27T17:27:09,2278,OFF
1,rsa2048,2,365,0.8533750078640878,2026-04-27T17:27:09,2278,OFF
1,rsa2048,2,366,0.6964580388739705,2026-04-27T17:27:09,2278,OFF
1,rsa2048,2,367,0.6962080369703472,2026-04-27T17:27:09,2278,OFF
1,rsa2048,2,368,0.697457988280803,2026-04-27T17:27:09,2278,OFF
1,rsa2048,2,369,0.695666007231921,2026-04-27T17:27:09,2278,OFF
1,rsa2048,2,370,0.6954169948585331,2026-04-27T17:27:09,2278,OFF
1,rsa2048,2,371,0.7126250420697033,2026-04-27T17:27:09,2278,OFF
1,rsa2048,2,372,0.7154170307330787,2026-04-27T17:27:09,2278,OFF
1,rsa2048,2,373,0.7111249724403024,2026-04-27T17:27:09,2278,OFF
1,rsa2048,2,374,0.7079159840941429,2026-04-27T17:27:09,2278,OFF
1,rsa2048,2,375,0.707582978066057,2026-04-27T17:27:09,2278,OFF
1,rsa2048,2,376,0.7083749515004456,2026-04-27T17:27:09,2278,OFF
1,rsa2048,2,377,0.7033339934423566,2026-04-27T17:27:09,2278,OFF
1,rsa2048,2,378,0.7107090204954147,2026-04-27T17:27:09,2278,OFF
1,rsa2048,2,379,0.7018340402282774,2026-04-27T17:27:09,2278,OFF
1,rsa2048,2,380,0.7255829987116158,2026-04-27T17:27:09,2278,OFF
1,rsa2048,2,381,0.7077920017763972,2026-04-27T17:27:09,2278,OFF
1,rsa2048,2,382,0.7104999967850745,2026-04-27T17:27:09,2278,OFF
1,rsa2048,2,383,0.7105839904397726,2026-04-27T17:27:09,2278,OFF
1,rsa2048,2,384,0.7277079857885838,2026-04-27T17:27:09,2278,OFF
1,rsa2048,2,385,0.7074589957483113,2026-04-27T17:27:09,2278,OFF
1,rsa2048,2,386,0.7092910236679018,2026-04-27T17:27:09,2278,OFF
1,rsa2048,2,387,0.7105830009095371,2026-04-27T17:27:09,2278,OFF
1,rsa2048,2,388,0.7141659734770656,2026-04-27T17:27:09,2278,OFF
1,rsa2048,2,389,0.7075000321492553,2026-04-27T17:27:09,2278,OFF
1,rsa2048,2,390,0.7092920131981373,2026-04-27T17:27:09,2278,OFF
1,rsa2048,2,391,0.7060409989207983,2026-04-27T17:27:09,2278,OFF
1,rsa2048,2,392,0.7079580100253224,2026-04-27T17:27:09,2278,OFF
1,rsa2048,2,393,0.706167018506676,2026-04-27T17:27:09,2278,OFF
1,rsa2048,2,394,0.7065830286592245,2026-04-27T17:27:09,2278,OFF
1,rsa2048,2,395,0.708000035956502,2026-04-27T17:27:09,2278,OFF
1,rsa2048,2,396,0.7104999967850745,2026-04-27T17:27:09,2278,OFF
1,rsa2048,2,397,0.8833750034682453,2026-04-27T17:27:09,2278,OFF
1,rsa2048,2,398,0.7298749987967312,2026-04-27T17:27:09,2278,OFF
1,rsa2048,2,399,0.7113340543583035,2026-04-27T17:27:09,2278,OFF
1,rsa2048,2,400,0.7057919865474105,2026-04-27T17:27:09,2278,OFF
1,rsa2048,2,401,0.7078750059008598,2026-04-27T17:27:09,2278,OFF
1,rsa2048,2,402,0.7105839904397726,2026-04-27T17:27:09,2278,OFF
1,rsa2048,2,403,0.709459010977298,2026-04-27T17:27:09,2278,OFF
1,rsa2048,2,404,0.7092080195434391,2026-04-27T17:27:09,2278,OFF
1,rsa2048,2,405,0.7036669994704425,2026-04-27T17:27:09,2278,OFF
1,rsa2048,2,406,0.7099590147845447,2026-04-27T17:27:09,2278,OFF
1,rsa2048,2,407,0.7151250028982759,2026-04-27T17:27:09,2278,OFF
1,rsa2048,2,408,0.7155420025810599,2026-04-27T17:27:09,2278,OFF
1,rsa2048,2,409,0.711207976564765,2026-04-27T17:27:09,2278,OFF
1,rsa2048,2,410,0.7133340113796294,2026-04-27T17:27:09,2278,OFF
1,rsa2048,2,411,0.7069580024108291,2026-04-27T17:27:09,2278,OFF
1,rsa2048,2,412,0.7257910328917205,2026-04-27T17:27:09,2278,OFF
1,rsa2048,2,413,0.7071670261211693,2026-04-27T17:27:09,2278,OFF
1,rsa2048,2,414,0.7523749954998493,2026-04-27T17:27:09,2278,OFF
1,rsa2048,2,415,0.7309159846045077,2026-04-27T17:27:09,2278,OFF
1,rsa2048,2,416,0.7377919973805547,2026-04-27T17:27:09,2278,OFF
1,rsa2048,2,417,0.7365409983322024,2026-04-27T17:27:09,2278,OFF
1,rsa2048,2,418,0.8442910038866103,2026-04-27T17:27:09,2278,OFF
1,rsa2048,2,419,0.7086669793352485,2026-04-27T17:27:09,2278,OFF
1,rsa2048,2,420,0.7191250333562493,2026-04-27T17:27:09,2278,OFF
1,rsa2048,2,421,0.7170420140028,2026-04-27T17:27:09,2278,OFF
1,rsa2048,2,422,0.730041996575892,2026-04-27T17:27:09,2278,OFF
1,rsa2048,2,423,0.7118750363588333,2026-04-27T17:27:09,2278,OFF
1,rsa2048,2,424,0.7259580306708813,2026-04-27T17:27:09,2278,OFF
1,rsa2048,2,425,0.6976670119911432,2026-04-27T17:27:09,2278,OFF
1,rsa2048,2,426,0.7095840410329401,2026-04-27T17:27:09,2278,OFF
1,rsa2048,2,427,0.7239999831654131,2026-04-27T17:27:09,2278,OFF
1,rsa2048,2,428,0.712708046194166,2026-04-27T17:27:09,2278,OFF
1,rsa2048,2,429,0.8707919623702765,2026-04-27T17:27:09,2278,OFF
1,rsa2048,2,430,0.7146669668145478,2026-04-27T17:27:09,2278,OFF
1,rsa2048,2,431,0.7109580328688025,2026-04-27T17:27:09,2278,OFF
1,rsa2048,2,432,0.7133340113796294,2026-04-27T17:27:09,2278,OFF
1,rsa2048,2,433,0.7067089900374413,2026-04-27T17:27:09,2278,OFF
1,rsa2048,2,434,0.8012499893084168,2026-04-27T17:27:09,2278,OFF
1,rsa2048,2,435,0.6949579692445695,2026-04-27T17:27:09,2278,OFF
1,rsa2048,2,436,0.7107919664122164,2026-04-27T17:27:09,2278,OFF
1,rsa2048,2,437,0.7287079934030771,2026-04-27T17:27:09,2278,OFF
1,rsa2048,2,438,0.7168750162236392,2026-04-27T17:27:09,2278,OFF
1,rsa2048,2,439,0.7239580154418945,2026-04-27T17:27:09,2278,OFF
1,rsa2048,2,440,0.7110000005923212,2026-04-27T17:27:09,2278,OFF
1,rsa2048,2,441,0.7030830020084977,2026-04-27T17:27:09,2278,OFF
1,rsa2048,2,442,0.7073339656926692,2026-04-27T17:27:09,2278,OFF
1,rsa2048,2,443,0.6898330175317824,2026-04-27T17:27:09,2278,OFF
1,rsa2048,2,444,0.7217499660328031,2026-04-27T17:27:09,2278,OFF
1,rsa2048,2,445,0.7282079895958304,2026-04-27T17:27:09,2278,OFF
1,rsa2048,2,446,0.7042080396786332,2026-04-27T17:27:09,2278,OFF
1,rsa2048,2,447,0.7104999967850745,2026-04-27T17:27:09,2278,OFF
1,rsa2048,2,448,0.7086659898050129,2026-04-27T17:27:09,2278,OFF
1,rsa2048,2,449,0.7146249990910292,2026-04-27T17:27:09,2278,OFF
1,rsa2048,2,450,0.7238750113174319,2026-04-27T17:27:09,2278,OFF
1,rsa2048,2,451,0.7150419987738132,2026-04-27T17:27:09,2278,OFF
1,rsa2048,2,452,0.7683329749852419,2026-04-27T17:27:09,2278,OFF
1,rsa2048,2,453,0.7162910187616944,2026-04-27T17:27:09,2278,OFF
1,rsa2048,2,454,0.7118330104276538,2026-04-27T17:27:09,2278,OFF
1,rsa2048,2,455,0.7172080222517252,2026-04-27T17:27:09,2278,OFF
1,rsa2048,2,456,0.7118339999578893,2026-04-27T17:27:09,2278,OFF
1,rsa2048,2,457,0.7647089660167694,2026-04-27T17:27:09,2278,OFF
1,rsa2048,2,458,0.7196249789558351,2026-04-27T17:27:09,2278,OFF
1,rsa2048,2,459,0.7475419552065432,2026-04-27T17:27:09,2278,OFF
1,rsa2048,2,460,0.7149169687181711,2026-04-27T17:27:09,2278,OFF
1,rsa2048,2,461,0.8724160143174231,2026-04-27T17:27:09,2278,OFF
1,rsa2048,2,462,0.7135829655453563,2026-04-27T17:27:09,2278,OFF
1,rsa2048,2,463,0.7201670086942613,2026-04-27T17:27:09,2278,OFF
1,rsa2048,2,464,0.705749960616231,2026-04-27T17:27:09,2278,OFF
1,rsa2048,2,465,0.7119580404832959,2026-04-27T17:27:09,2278,OFF
1,rsa2048,2,466,0.7066670223139226,2026-04-27T17:27:09,2278,OFF
1,rsa2048,2,467,0.6988330278545618,2026-04-27T17:27:09,2278,OFF
1,rsa2048,2,468,0.710166001226753,2026-04-27T17:27:09,2278,OFF
1,rsa2048,2,469,0.7095420151017606,2026-04-27T17:27:09,2278,OFF
1,rsa2048,2,470,0.7331660017371178,2026-04-27T17:27:09,2278,OFF
1,rsa2048,2,471,0.7222499698400497,2026-04-27T17:27:09,2278,OFF
1,rsa2048,2,472,0.8093329961411655,2026-04-27T17:27:09,2278,OFF
1,rsa2048,2,473,0.7285419851541519,2026-04-27T17:27:09,2278,OFF
1,rsa2048,2,474,0.7184999994933605,2026-04-27T17:27:09,2278,OFF
1,rsa2048,2,475,0.7106249686330557,2026-04-27T17:27:09,2278,OFF
1,rsa2048,2,476,0.7111249724403024,2026-04-27T17:27:09,2278,OFF
1,rsa2048,2,477,0.7122500101104379,2026-04-27T17:27:09,2278,OFF
1,rsa2048,2,478,0.695333001203835,2026-04-27T17:27:09,2278,OFF
1,rsa2048,2,479,0.6925000343471766,2026-04-27T17:27:09,2278,OFF
1,rsa2048,2,480,0.7204580469988286,2026-04-27T17:27:09,2278,OFF
1,rsa2048,2,481,0.7293340167962015,2026-04-27T17:27:09,2278,OFF
1,rsa2048,2,482,0.7119160145521164,2026-04-27T17:27:09,2278,OFF
1,rsa2048,2,483,0.7067080005072057,2026-04-27T17:27:09,2278,OFF
1,rsa2048,2,484,0.700791017152369,2026-04-27T17:27:09,2278,OFF
1,rsa2048,2,485,0.7052500150166452,2026-04-27T17:27:09,2278,OFF
1,rsa2048,2,486,0.6977500161156058,2026-04-27T17:27:09,2278,OFF
1,rsa2048,2,487,0.7079170318320394,2026-04-27T17:27:09,2278,OFF
1,rsa2048,2,488,0.7772920071147382,2026-04-27T17:27:09,2278,OFF
1,rsa2048,2,489,0.7432079873979092,2026-04-27T17:27:09,2278,OFF
1,rsa2048,2,490,0.7164169801399112,2026-04-27T17:27:09,2278,OFF
1,rsa2048,2,491,0.7289169589057565,2026-04-27T17:27:09,2278,OFF
1,rsa2048,2,492,0.7038339972496033,2026-04-27T17:27:09,2278,OFF
1,rsa2048,2,493,0.8613750105723739,2026-04-27T17:27:09,2278,OFF
1,rsa2048,2,494,0.7053330191411078,2026-04-27T17:27:09,2278,OFF
1,rsa2048,2,495,0.7092080195434391,2026-04-27T17:27:09,2278,OFF
1,rsa2048,2,496,0.7143329712562263,2026-04-27T17:27:09,2278,OFF
1,rsa2048,2,497,0.6893749814480543,2026-04-27T17:27:09,2278,OFF
1,rsa2048,2,498,0.7263330044224858,2026-04-27T17:27:09,2278,OFF
1,rsa2048,2,499,0.7223340217024088,2026-04-27T17:27:09,2278,OFF
1,rsa2048,2,500,0.7063749944791198,2026-04-27T17:27:09,2278,OFF
1,rsa2048,2,501,0.7063340162858367,2026-04-27T17:27:09,2278,OFF
1,rsa2048,2,502,0.7064589881338179,2026-04-27T17:27:09,2278,OFF
1,rsa2048,2,503,0.7017499883659184,2026-04-27T17:27:09,2278,OFF
1,rsa2048,2,504,0.7050000131130219,2026-04-27T17:27:09,2278,OFF
1,rsa2048,2,505,0.7066249963827431,2026-04-27T17:27:09,2278,OFF
1,rsa2048,2,506,0.7750410004518926,2026-04-27T17:27:09,2278,OFF
1,rsa2048,2,507,0.7352920365519822,2026-04-27T17:27:09,2278,OFF
1,rsa2048,2,508,0.8132500224746764,2026-04-27T17:27:09,2278,OFF
1,rsa2048,2,509,0.718875031452626,2026-04-27T17:27:09,2278,OFF
1,rsa2048,2,510,0.7102080271579325,2026-04-27T17:27:09,2278,OFF
1,rsa2048,2,511,0.7168329902924597,2026-04-27T17:27:09,2278,OFF
1,rsa2048,2,512,0.7042920333333313,2026-04-27T17:27:09,2278,OFF
1,rsa2048,2,513,0.7180829998105764,2026-04-27T17:27:09,2278,OFF
1,rsa2048,2,514,0.6949169910512865,2026-04-27T17:27:09,2278,OFF
1,rsa2048,2,515,0.6917500286363065,2026-04-27T17:27:09,2278,OFF
1,rsa2048,2,516,0.712707987986505,2026-04-27T17:27:09,2278,OFF
1,rsa2048,2,517,0.7289999630302191,2026-04-27T17:27:09,2278,OFF
1,rsa2048,2,518,0.7070419960655272,2026-04-27T17:27:09,2278,OFF
1,rsa2048,2,519,0.7093339809216559,2026-04-27T17:27:09,2278,OFF
1,rsa2048,2,520,0.7097910274751484,2026-04-27T17:27:09,2278,OFF
1,rsa2048,2,521,0.7065000245347619,2026-04-27T17:27:09,2278,OFF
1,rsa2048,2,522,0.6964170024730265,2026-04-27T17:27:09,2278,OFF
1,rsa2048,2,523,0.6886670016683638,2026-04-27T17:27:09,2278,OFF
1,rsa2048,2,524,0.7298330310732126,2026-04-27T17:27:09,2278,OFF
1,rsa2048,2,525,0.9290000307373703,2026-04-27T17:27:09,2278,OFF
1,rsa2048,2,526,0.7287500193342566,2026-04-27T17:27:09,2278,OFF
1,rsa2048,2,527,0.7054170127958059,2026-04-27T17:27:09,2278,OFF
1,rsa2048,2,528,0.7078750059008598,2026-04-27T17:27:09,2278,OFF
1,rsa2048,2,529,0.7331250235438347,2026-04-27T17:27:09,2278,OFF
1,rsa2048,2,530,0.6910840165801346,2026-04-27T17:27:09,2278,OFF
1,rsa2048,2,531,0.7017080206423998,2026-04-27T17:27:09,2278,OFF
1,rsa2048,2,532,0.7028339896351099,2026-04-27T17:27:09,2278,OFF
1,rsa2048,2,533,0.6861659931018949,2026-04-27T17:27:09,2278,OFF
1,rsa2048,2,534,0.6904580513946712,2026-04-27T17:27:09,2278,OFF
1,rsa2048,2,535,0.7147499709390104,2026-04-27T17:27:09,2278,OFF
1,rsa2048,2,536,0.7056250469759107,2026-04-27T17:27:09,2278,OFF
1,rsa2048,2,537,0.7055409951135516,2026-04-27T17:27:09,2278,OFF
1,rsa2048,2,538,0.7077080081216991,2026-04-27T17:27:09,2278,OFF
1,rsa2048,2,539,0.7060829666443169,2026-04-27T17:27:09,2278,OFF
1,rsa2048,2,540,0.6987919914536178,2026-04-27T17:27:09,2278,OFF
1,rsa2048,2,541,0.7011250127106905,2026-04-27T17:27:09,2278,OFF
1,rsa2048,2,542,0.7488330011256039,2026-04-27T17:27:09,2278,OFF
1,rsa2048,2,543,0.7114170002751052,2026-04-27T17:27:09,2278,OFF
1,rsa2048,2,544,0.7120000082068145,2026-04-27T17:27:09,2278,OFF
1,rsa2048,2,545,0.7063749944791198,2026-04-27T17:27:09,2278,OFF
1,rsa2048,2,546,0.7071659783832729,2026-04-27T17:27:09,2278,OFF
1,rsa2048,2,547,0.7068330305628479,2026-04-27T17:27:09,2278,OFF
1,rsa2048,2,548,0.7133749895729125,2026-04-27T17:27:09,2278,OFF
1,rsa2048,2,549,0.7062919903546572,2026-04-27T17:27:09,2278,OFF
1,rsa2048,2,550,0.6955839926376939,2026-04-27T17:27:09,2278,OFF
1,rsa2048,2,551,0.7092499872669578,2026-04-27T17:27:09,2278,OFF
1,rsa2048,2,552,0.7048330153338611,2026-04-27T17:27:09,2278,OFF
1,rsa2048,2,553,0.6914170226082206,2026-04-27T17:27:09,2278,OFF
1,rsa2048,2,554,0.6962500046938658,2026-04-27T17:27:09,2278,OFF
1,rsa2048,2,555,0.712667009793222,2026-04-27T17:27:09,2278,OFF
1,rsa2048,2,556,0.7042500074021518,2026-04-27T17:27:09,2278,OFF
1,rsa2048,2,557,0.9022920276038349,2026-04-27T17:27:09,2278,OFF
1,rsa2048,2,558,0.7296249968931079,2026-04-27T17:27:09,2278,OFF
1,rsa2048,2,559,0.7875000010244548,2026-04-27T17:27:09,2278,OFF
1,rsa2048,2,560,0.8064170251600444,2026-04-27T17:27:09,2278,OFF
1,rsa2048,2,561,0.7162090041674674,2026-04-27T17:27:09,2278,OFF
1,rsa2048,2,562,0.7153750048018992,2026-04-27T17:27:09,2278,OFF
1,rsa2048,2,563,0.7195829530246556,2026-04-27T17:27:09,2278,OFF
1,rsa2048,2,564,0.7369170198217034,2026-04-27T17:27:09,2278,OFF
1,rsa2048,2,565,0.7020829943940043,2026-04-27T17:27:09,2278,OFF
1,rsa2048,2,566,0.7122080423869193,2026-04-27T17:27:09,2278,OFF
1,rsa2048,2,567,0.7112080347724259,2026-04-27T17:27:09,2278,OFF
1,rsa2048,2,568,0.7137500215321779,2026-04-27T17:27:09,2278,OFF
1,rsa2048,2,569,0.6913330289535224,2026-04-27T17:27:09,2278,OFF
1,rsa2048,2,570,0.6952499970793724,2026-04-27T17:27:09,2278,OFF
1,rsa2048,2,571,0.712249951902777,2026-04-27T17:27:09,2278,OFF
1,rsa2048,2,572,0.7244169828481972,2026-04-27T17:27:09,2278,OFF
1,rsa2048,2,573,0.7099999929778278,2026-04-27T17:27:09,2278,OFF
1,rsa2048,2,574,0.7076250039972365,2026-04-27T17:27:09,2278,OFF
1,rsa2048,2,575,0.6970419781282544,2026-04-27T17:27:09,2278,OFF
1,rsa2048,2,576,0.7165420101955533,2026-04-27T17:27:09,2278,OFF
1,rsa2048,2,577,0.7095829932950437,2026-04-27T17:27:09,2278,OFF
1,rsa2048,2,578,0.7280000136233866,2026-04-27T17:27:09,2278,OFF
1,rsa2048,2,579,0.7156669744290411,2026-04-27T17:27:09,2278,OFF
1,rsa2048,2,580,0.7139999652281404,2026-04-27T17:27:09,2278,OFF
1,rsa2048,2,581,0.7155830389820039,2026-04-27T17:27:09,2278,OFF
1,rsa2048,2,582,0.7128749857656658,2026-04-27T17:27:09,2278,OFF
1,rsa2048,2,583,0.7321249577216804,2026-04-27T17:27:09,2278,OFF
1,rsa2048,2,584,0.7121670059859753,2026-04-27T17:27:09,2278,OFF
1,rsa2048,2,585,0.7121249800547957,2026-04-27T17:27:09,2278,OFF
1,rsa2048,2,586,0.7065000245347619,2026-04-27T17:27:09,2278,OFF
1,rsa2048,2,587,0.7119170040823519,2026-04-27T17:27:09,2278,OFF
1,rsa2048,2,588,0.6947499932721257,2026-04-27T17:27:09,2278,OFF
1,rsa2048,2,589,0.8568750345148146,2026-04-27T17:27:09,2278,OFF
1,rsa2048,2,590,0.711957982275635,2026-04-27T17:27:09,2278,OFF
1,rsa2048,2,591,0.6971670081838965,2026-04-27T17:27:09,2278,OFF
1,rsa2048,2,592,0.6937910220585763,2026-04-27T17:27:09,2278,OFF
1,rsa2048,2,593,0.6951249670237303,2026-04-27T17:27:09,2278,OFF
1,rsa2048,2,594,0.6971670081838965,2026-04-27T17:27:09,2278,OFF
1,rsa2048,2,595,0.6950420211069286,2026-04-27T17:27:09,2278,OFF
1,rsa2048,2,596,0.7057919865474105,2026-04-27T17:27:09,2278,OFF
1,rsa2048,2,597,0.7019169861450791,2026-04-27T17:27:09,2278,OFF
1,rsa2048,2,598,0.6981670157983899,2026-04-27T17:27:09,2278,OFF
1,rsa2048,2,599,0.6936659920029342,2026-04-27T17:27:09,2278,OFF
1,rsa2048,2,600,0.6858329870738089,2026-04-27T17:27:09,2278,OFF
1,rsa2048,2,601,0.693499983754009,2026-04-27T17:27:09,2278,OFF
1,rsa2048,2,602,0.6917499704286456,2026-04-27T17:27:09,2278,OFF
1,rsa2048,2,603,0.7259580306708813,2026-04-27T17:27:09,2278,OFF
1,rsa2048,2,604,0.721417018212378,2026-04-27T17:27:09,2278,OFF
1,rsa2048,2,605,0.7191660115495324,2026-04-27T17:27:09,2278,OFF
1,rsa2048,2,606,0.7131249876692891,2026-04-27T17:27:09,2278,OFF
1,rsa2048,2,607,0.7320829899981618,2026-04-27T17:27:09,2278,OFF
1,rsa2048,2,608,0.702542020007968,2026-04-27T17:27:09,2278,OFF
1,rsa2048,2,609,0.7217499660328031,2026-04-27T17:27:09,2278,OFF
1,rsa2048,2,610,0.7193749770522118,2026-04-27T17:27:09,2278,OFF
1,rsa2048,2,611,0.7439159671775997,2026-04-27T17:27:09,2278,OFF
1,rsa2048,2,612,0.7295839604921639,2026-04-27T17:27:09,2278,OFF
1,rsa2048,2,613,0.7355419802479446,2026-04-27T17:27:09,2278,OFF
1,rsa2048,2,614,0.7525840192101896,2026-04-27T17:27:09,2278,OFF
1,rsa2048,2,615,0.7251250208355486,2026-04-27T17:27:09,2278,OFF
1,rsa2048,2,616,0.7083750097081065,2026-04-27T17:27:09,2278,OFF
1,rsa2048,2,617,0.7020420162007213,2026-04-27T17:27:09,2278,OFF
1,rsa2048,2,618,0.7064579986035824,2026-04-27T17:27:09,2278,OFF
1,rsa2048,2,619,0.7009169785305858,2026-04-27T17:27:09,2278,OFF
1,rsa2048,2,620,0.6952080293558538,2026-04-27T17:27:09,2278,OFF
1,rsa2048,2,621,0.8387500420212746,2026-04-27T17:27:09,2278,OFF
1,rsa2048,2,622,0.6961660110391676,2026-04-27T17:27:09,2278,OFF
1,rsa2048,2,623,0.712334003765136,2026-04-27T17:27:09,2278,OFF
1,rsa2048,2,624,0.708000035956502,2026-04-27T17:27:09,2278,OFF
1,rsa2048,2,625,0.7085420074872673,2026-04-27T17:27:09,2278,OFF
1,rsa2048,2,626,0.7056249887682498,2026-04-27T17:27:09,2278,OFF
1,rsa2048,2,627,0.6988749955780804,2026-04-27T17:27:09,2278,OFF
1,rsa2048,2,628,0.7077920017763972,2026-04-27T17:27:09,2278,OFF
1,rsa2048,2,629,0.6993749993853271,2026-04-27T17:27:09,2278,OFF
1,rsa2048,2,630,0.8056670194491744,2026-04-27T17:27:09,2278,OFF
1,rsa2048,2,631,0.6947080255486071,2026-04-27T17:27:09,2278,OFF
1,rsa2048,2,632,0.7081670337356627,2026-04-27T17:27:09,2278,OFF
1,rsa2048,2,633,0.7082500378601253,2026-04-27T17:27:09,2278,OFF
1,rsa2048,2,634,0.7067919941619039,2026-04-27T17:27:09,2278,OFF
1,rsa2048,2,635,0.7080839714035392,2026-04-27T17:27:09,2278,OFF
1,rsa2048,2,636,0.7082499796524644,2026-04-27T17:27:09,2278,OFF
1,rsa2048,2,637,0.708000035956502,2026-04-27T17:27:09,2278,OFF
1,rsa2048,2,638,0.710542022716254,2026-04-27T17:27:09,2278,OFF
1,rsa2048,2,639,0.692749978043139,2026-04-27T17:27:09,2278,OFF
1,rsa2048,2,640,0.7212919881567359,2026-04-27T17:27:09,2278,OFF
1,rsa2048,2,641,0.7270839996635914,2026-04-27T17:27:09,2278,OFF
1,rsa2048,2,642,0.6986660300754011,2026-04-27T17:27:09,2278,OFF
1,rsa2048,2,643,0.7066670223139226,2026-04-27T17:27:09,2278,OFF
1,rsa2048,2,644,0.7068749982863665,2026-04-27T17:27:09,2278,OFF
1,rsa2048,2,645,0.7230420014820993,2026-04-27T17:27:09,2278,OFF
1,rsa2048,2,646,0.7087080157361925,2026-04-27T17:27:09,2278,OFF
1,rsa2048,2,647,0.6836249958723783,2026-04-27T17:27:09,2278,OFF
1,rsa2048,2,648,0.7009999826550484,2026-04-27T17:27:09,2278,OFF
1,rsa2048,2,649,0.684458005707711,2026-04-27T17:27:09,2278,OFF
1,rsa2048,2,650,0.6821669521741569,2026-04-27T17:27:09,2278,OFF
1,rsa2048,3,1,0.79008296597749,2026-04-27T17:27:11,3429,OFF
1,rsa2048,3,2,0.8002080139704049,2026-04-27T17:27:11,3429,OFF
1,rsa2048,3,3,1.0135420016013086,2026-04-27T17:27:11,3429,OFF
1,rsa2048,3,4,0.9195419843308628,2026-04-27T17:27:11,3429,OFF
1,rsa2048,3,5,0.836874998640269,2026-04-27T17:27:11,3429,OFF
1,rsa2048,3,6,0.7717910339124501,2026-04-27T17:27:11,3429,OFF
1,rsa2048,3,7,0.7604170241393149,2026-04-27T17:27:11,3429,OFF
1,rsa2048,3,8,0.7597079966217279,2026-04-27T17:27:11,3429,OFF
1,rsa2048,3,9,0.7348330109380186,2026-04-27T17:27:11,3429,OFF
1,rsa2048,3,10,0.7348330109380186,2026-04-27T17:27:11,3429,OFF
1,rsa2048,3,11,0.7512079901061952,2026-04-27T17:27:11,3429,OFF
1,rsa2048,3,12,0.7486250251531601,2026-04-27T17:27:11,3429,OFF
1,rsa2048,3,13,0.899875012692064,2026-04-27T17:27:11,3429,OFF
1,rsa2048,3,14,0.7444999646395445,2026-04-27T17:27:11,3429,OFF
1,rsa2048,3,15,0.7674170192331076,2026-04-27T17:27:11,3429,OFF
1,rsa2048,3,16,0.7988330326043069,2026-04-27T17:27:11,3429,OFF
1,rsa2048,3,17,0.7739590364508331,2026-04-27T17:27:11,3429,OFF
1,rsa2048,3,18,0.7802920299582183,2026-04-27T17:27:11,3429,OFF
1,rsa2048,3,19,0.8746660314500332,2026-04-27T17:27:11,3429,OFF
1,rsa2048,3,20,0.7907499675638974,2026-04-27T17:27:11,3429,OFF
1,rsa2048,3,21,0.8124590385705233,2026-04-27T17:27:11,3429,OFF
1,rsa2048,3,22,0.7663749856874347,2026-04-27T17:27:11,3429,OFF
1,rsa2048,3,23,0.7530419970862567,2026-04-27T17:27:11,3429,OFF
1,rsa2048,3,24,0.7512499578297138,2026-04-27T17:27:11,3429,OFF
1,rsa2048,3,25,0.730374944396317,2026-04-27T17:27:11,3429,OFF
1,rsa2048,3,26,0.7277919794432819,2026-04-27T17:27:11,3429,OFF
1,rsa2048,3,27,0.7358749862760305,2026-04-27T17:27:11,3429,OFF
1,rsa2048,3,28,0.7682919967919588,2026-04-27T17:27:11,3429,OFF
1,rsa2048,3,29,0.7401659968309104,2026-04-27T17:27:11,3429,OFF
1,rsa2048,3,30,0.7423339993692935,2026-04-27T17:27:11,3429,OFF
1,rsa2048,3,31,0.7427079835906625,2026-04-27T17:27:11,3429,OFF
1,rsa2048,3,32,0.7424580398947,2026-04-27T17:27:11,3429,OFF
1,rsa2048,3,33,0.7362499600276351,2026-04-27T17:27:11,3429,OFF
1,rsa2048,3,34,0.7570829475298524,2026-04-27T17:27:11,3429,OFF
1,rsa2048,3,35,0.7732500089332461,2026-04-27T17:27:11,3429,OFF
1,rsa2048,3,36,0.8928750175982714,2026-04-27T17:27:11,3429,OFF
1,rsa2048,3,37,0.7499170023947954,2026-04-27T17:27:11,3429,OFF
1,rsa2048,3,38,0.7452500285580754,2026-04-27T17:27:11,3429,OFF
1,rsa2048,3,39,0.76374999480322,2026-04-27T17:27:11,3429,OFF
1,rsa2048,3,40,0.754999986384064,2026-04-27T17:27:11,3429,OFF
1,rsa2048,3,41,0.7434160215780139,2026-04-27T17:27:11,3429,OFF
1,rsa2048,3,42,0.7537500350736082,2026-04-27T17:27:11,3429,OFF
1,rsa2048,3,43,0.721458054613322,2026-04-27T17:27:11,3429,OFF
1,rsa2048,3,44,0.7436249870806932,2026-04-27T17:27:11,3429,OFF
1,rsa2048,3,45,0.9025000035762787,2026-04-27T17:27:11,3429,OFF
1,rsa2048,3,46,0.7507920381613076,2026-04-27T17:27:11,3429,OFF
1,rsa2048,3,47,0.7420419715344906,2026-04-27T17:27:11,3429,OFF
1,rsa2048,3,48,0.7420419715344906,2026-04-27T17:27:11,3429,OFF
1,rsa2048,3,49,0.738374947104603,2026-04-27T17:27:11,3429,OFF
1,rsa2048,3,50,0.7356249843724072,2026-04-27T17:27:11,3429,OFF
1,rsa2048,3,51,0.7373749976977706,2026-04-27T17:27:11,3429,OFF
1,rsa2048,3,52,0.7866669911891222,2026-04-27T17:27:11,3429,OFF
1,rsa2048,3,53,0.7856670417822897,2026-04-27T17:27:11,3429,OFF
1,rsa2048,3,54,0.7469999836757779,2026-04-27T17:27:11,3429,OFF
1,rsa2048,3,55,0.7408329984173179,2026-04-27T17:27:11,3429,OFF
1,rsa2048,3,56,0.7401249604299664,2026-04-27T17:27:11,3429,OFF
1,rsa2048,3,57,0.7901249919086695,2026-04-27T17:27:11,3429,OFF
1,rsa2048,3,58,0.7780000451020896,2026-04-27T17:27:11,3429,OFF
1,rsa2048,3,59,0.7366660283878446,2026-04-27T17:27:11,3429,OFF
1,rsa2048,3,60,0.7547920104116201,2026-04-27T17:27:11,3429,OFF
1,rsa2048,3,61,0.7405410287901759,2026-04-27T17:27:11,3429,OFF
1,rsa2048,3,62,0.7369579980149865,2026-04-27T17:27:11,3429,OFF
1,rsa2048,3,63,0.7267500041052699,2026-04-27T17:27:11,3429,OFF
1,rsa2048,3,64,0.7582500111311674,2026-04-27T17:27:11,3429,OFF
1,rsa2048,3,65,0.740207964554429,2026-04-27T17:27:11,3429,OFF
1,rsa2048,3,66,0.7505830144509673,2026-04-27T17:27:11,3429,OFF
1,rsa2048,3,67,0.7428340031765401,2026-04-27T17:27:11,3429,OFF
1,rsa2048,3,68,0.7361670141108334,2026-04-27T17:27:11,3429,OFF
1,rsa2048,3,69,0.7816659635864198,2026-04-27T17:27:11,3429,OFF
1,rsa2048,3,70,0.7577910437248647,2026-04-27T17:27:11,3429,OFF
1,rsa2048,3,71,0.7684159791097045,2026-04-27T17:27:11,3429,OFF
1,rsa2048,3,72,0.756499997805804,2026-04-27T17:27:11,3429,OFF
1,rsa2048,3,73,1.0102089727297425,2026-04-27T17:27:11,3429,OFF
1,rsa2048,3,74,0.7998329820111394,2026-04-27T17:27:11,3429,OFF
1,rsa2048,3,75,0.7660409901291132,2026-04-27T17:27:11,3429,OFF
1,rsa2048,3,76,0.7506660185754299,2026-04-27T17:27:11,3429,OFF
1,rsa2048,3,77,0.891125004272908,2026-04-27T17:27:11,3429,OFF
1,rsa2048,3,78,0.7281670114025474,2026-04-27T17:27:11,3429,OFF
1,rsa2048,3,79,0.7254999945871532,2026-04-27T17:27:11,3429,OFF
1,rsa2048,3,80,0.7500419742427766,2026-04-27T17:27:11,3429,OFF
1,rsa2048,3,81,0.7487920229323208,2026-04-27T17:27:11,3429,OFF
1,rsa2048,3,82,0.7434160215780139,2026-04-27T17:27:11,3429,OFF
1,rsa2048,3,83,0.7371249957941473,2026-04-27T17:27:11,3429,OFF
1,rsa2048,3,84,0.7310829823836684,2026-04-27T17:27:11,3429,OFF
1,rsa2048,3,85,0.7384579512290657,2026-04-27T17:27:11,3429,OFF
1,rsa2048,3,86,0.8667919901199639,2026-04-27T17:27:11,3429,OFF
1,rsa2048,3,87,0.7577919750474393,2026-04-27T17:27:11,3429,OFF
1,rsa2048,3,88,0.7411669939756393,2026-04-27T17:27:11,3429,OFF
1,rsa2048,3,89,0.7437079912051558,2026-04-27T17:27:11,3429,OFF
1,rsa2048,3,90,0.7562909740954638,2026-04-27T17:27:12,3429,OFF
1,rsa2048,3,91,0.7370830280706286,2026-04-27T17:27:12,3429,OFF
1,rsa2048,3,92,0.7382500334642828,2026-04-27T17:27:12,3429,OFF
1,rsa2048,3,93,0.7371659739874303,2026-04-27T17:27:12,3429,OFF
1,rsa2048,3,94,0.7215839577838778,2026-04-27T17:27:12,3429,OFF
1,rsa2048,3,95,0.7208749884739518,2026-04-27T17:27:12,3429,OFF
1,rsa2048,3,96,0.7376669673249125,2026-04-27T17:27:12,3429,OFF
1,rsa2048,3,97,0.7565830019302666,2026-04-27T17:27:12,3429,OFF
1,rsa2048,3,98,0.7394580170512199,2026-04-27T17:27:12,3429,OFF
1,rsa2048,3,99,0.7387910154648125,2026-04-27T17:27:12,3429,OFF
1,rsa2048,3,100,0.731125008314848,2026-04-27T17:27:12,3429,OFF
1,rsa2048,3,101,0.7697079563513398,2026-04-27T17:27:12,3429,OFF
1,rsa2048,3,102,0.7657079841010273,2026-04-27T17:27:12,3429,OFF
1,rsa2048,3,103,0.7682080031372607,2026-04-27T17:27:12,3429,OFF
1,rsa2048,3,104,0.760083959903568,2026-04-27T17:27:12,3429,OFF
1,rsa2048,3,105,0.7540829828940332,2026-04-27T17:27:12,3429,OFF
1,rsa2048,3,106,0.7895829621702433,2026-04-27T17:27:12,3429,OFF
1,rsa2048,3,107,0.7782499887980521,2026-04-27T17:27:12,3429,OFF
1,rsa2048,3,108,0.9132499690167606,2026-04-27T17:27:12,3429,OFF
1,rsa2048,3,109,0.930582988075912,2026-04-27T17:27:12,3429,OFF
1,rsa2048,3,110,0.7575000054202974,2026-04-27T17:27:12,3429,OFF
1,rsa2048,3,111,0.7514580502174795,2026-04-27T17:27:12,3429,OFF
1,rsa2048,3,112,0.779957976192236,2026-04-27T17:27:12,3429,OFF
1,rsa2048,3,113,0.7500830106437206,2026-04-27T17:27:12,3429,OFF
1,rsa2048,3,114,0.7541659870184958,2026-04-27T17:27:12,3429,OFF
1,rsa2048,3,115,0.7077499758452177,2026-04-27T17:27:12,3429,OFF
1,rsa2048,3,116,0.7145419949665666,2026-04-27T17:27:12,3429,OFF
1,rsa2048,3,117,0.7026660023257136,2026-04-27T17:27:12,3429,OFF
1,rsa2048,3,118,0.7047090330161154,2026-04-27T17:27:12,3429,OFF
1,rsa2048,3,119,0.7204160210676491,2026-04-27T17:27:12,3429,OFF
1,rsa2048,3,120,0.7702080183662474,2026-04-27T17:27:12,3429,OFF
1,rsa2048,3,121,0.807542004622519,2026-04-27T17:27:12,3429,OFF
1,rsa2048,3,122,0.7749160286039114,2026-04-27T17:27:12,3429,OFF
1,rsa2048,3,123,0.7571669993922114,2026-04-27T17:27:12,3429,OFF
1,rsa2048,3,124,0.7483329973183572,2026-04-27T17:27:12,3429,OFF
1,rsa2048,3,125,0.744541990570724,2026-04-27T17:27:12,3429,OFF
1,rsa2048,3,126,0.732540967874229,2026-04-27T17:27:12,3429,OFF
1,rsa2048,3,127,0.739875016734004,2026-04-27T17:27:12,3429,OFF
1,rsa2048,3,128,0.7345000049099326,2026-04-27T17:27:12,3429,OFF
1,rsa2048,3,129,0.7203749846667051,2026-04-27T17:27:12,3429,OFF
1,rsa2048,3,130,0.7335419650189579,2026-04-27T17:27:12,3429,OFF
1,rsa2048,3,131,0.7296249968931079,2026-04-27T17:27:12,3429,OFF
1,rsa2048,3,132,0.7389170350506902,2026-04-27T17:27:12,3429,OFF
1,rsa2048,3,133,0.7291670190170407,2026-04-27T17:27:12,3429,OFF
1,rsa2048,3,134,0.7414579740725458,2026-04-27T17:27:12,3429,OFF
1,rsa2048,3,135,0.7297080010175705,2026-04-27T17:27:12,3429,OFF
1,rsa2048,3,136,0.7364999619312584,2026-04-27T17:27:12,3429,OFF
1,rsa2048,3,137,0.7343330071307719,2026-04-27T17:27:12,3429,OFF
1,rsa2048,3,138,0.7886660168878734,2026-04-27T17:27:12,3429,OFF
1,rsa2048,3,139,0.7523750537075102,2026-04-27T17:27:12,3429,OFF
1,rsa2048,3,140,0.7345829508267343,2026-04-27T17:27:12,3429,OFF
1,rsa2048,3,141,0.8960420382209122,2026-04-27T17:27:12,3429,OFF
1,rsa2048,3,142,0.7382920011878014,2026-04-27T17:27:12,3429,OFF
1,rsa2048,3,143,0.7401250186376274,2026-04-27T17:27:12,3429,OFF
1,rsa2048,3,144,0.7355829584412277,2026-04-27T17:27:12,3429,OFF
1,rsa2048,3,145,0.7361660245805979,2026-04-27T17:27:12,3429,OFF
1,rsa2048,3,146,0.7382080075331032,2026-04-27T17:27:12,3429,OFF
1,rsa2048,3,147,0.7339160074479878,2026-04-27T17:27:12,3429,OFF
1,rsa2048,3,148,0.7331669912673533,2026-04-27T17:27:12,3429,OFF
1,rsa2048,3,149,0.7312080124393106,2026-04-27T17:27:12,3429,OFF
1,rsa2048,3,150,0.7367919897660613,2026-04-27T17:27:12,3429,OFF
1,rsa2048,3,151,0.7314169779419899,2026-04-27T17:27:12,3429,OFF
1,rsa2048,3,152,0.7404590141959488,2026-04-27T17:27:12,3429,OFF
1,rsa2048,3,153,0.7355840061791241,2026-04-27T17:27:12,3429,OFF
1,rsa2048,3,154,0.7447500247508287,2026-04-27T17:27:12,3429,OFF
1,rsa2048,3,155,0.8019170491024852,2026-04-27T17:27:12,3429,OFF
1,rsa2048,3,156,0.751374987885356,2026-04-27T17:27:12,3429,OFF
1,rsa2048,3,157,0.8307910175062716,2026-04-27T17:27:12,3429,OFF
1,rsa2048,3,158,0.7714999956078827,2026-04-27T17:27:12,3429,OFF
1,rsa2048,3,159,0.7428330136463046,2026-04-27T17:27:12,3429,OFF
1,rsa2048,3,160,0.747458019759506,2026-04-27T17:27:12,3429,OFF
1,rsa2048,3,161,0.7361250463873148,2026-04-27T17:27:12,3429,OFF
1,rsa2048,3,162,0.7351249805651605,2026-04-27T17:27:12,3429,OFF
1,rsa2048,3,163,0.7642499986104667,2026-04-27T17:27:12,3429,OFF
1,rsa2048,3,164,0.7401659968309104,2026-04-27T17:27:12,3429,OFF
1,rsa2048,3,165,0.7364160264842212,2026-04-27T17:27:12,3429,OFF
1,rsa2048,3,166,0.7494169985875487,2026-04-27T17:27:12,3429,OFF
1,rsa2048,3,167,0.7359589799307287,2026-04-27T17:27:12,3429,OFF
1,rsa2048,3,168,0.7357499562203884,2026-04-27T17:27:12,3429,OFF
1,rsa2048,3,169,0.7454170263372362,2026-04-27T17:27:12,3429,OFF
1,rsa2048,3,170,0.7364170160144567,2026-04-27T17:27:12,3429,OFF
1,rsa2048,3,171,0.7384999771602452,2026-04-27T17:27:12,3429,OFF
1,rsa2048,3,172,0.7389999809674919,2026-04-27T17:27:12,3429,OFF
1,rsa2048,3,173,0.94037497183308,2026-04-27T17:27:12,3429,OFF
1,rsa2048,3,174,0.8567500044591725,2026-04-27T17:27:12,3429,OFF
1,rsa2048,3,175,0.7873330032452941,2026-04-27T17:27:12,3429,OFF
1,rsa2048,3,176,0.7568340515717864,2026-04-27T17:27:12,3429,OFF
1,rsa2048,3,177,0.7348749786615372,2026-04-27T17:27:12,3429,OFF
1,rsa2048,3,178,0.7575839990749955,2026-04-27T17:27:12,3429,OFF
1,rsa2048,3,179,0.7366669597104192,2026-04-27T17:27:12,3429,OFF
1,rsa2048,3,180,0.7342500030063093,2026-04-27T17:27:12,3429,OFF
1,rsa2048,3,181,0.7195419748313725,2026-04-27T17:27:12,3429,OFF
1,rsa2048,3,182,0.7239999831654131,2026-04-27T17:27:12,3429,OFF
1,rsa2048,3,183,0.7737920386716723,2026-04-27T17:27:12,3429,OFF
1,rsa2048,3,184,0.7328339852392673,2026-04-27T17:27:12,3429,OFF
1,rsa2048,3,185,0.7398329908028245,2026-04-27T17:27:12,3429,OFF
1,rsa2048,3,186,0.736959045752883,2026-04-27T17:27:12,3429,OFF
1,rsa2048,3,187,0.7427079835906625,2026-04-27T17:27:12,3429,OFF
1,rsa2048,3,188,0.7362919859588146,2026-04-27T17:27:12,3429,OFF
1,rsa2048,3,189,0.7352909888140857,2026-04-27T17:27:12,3429,OFF
1,rsa2048,3,190,0.8246250217780471,2026-04-27T17:27:12,3429,OFF
1,rsa2048,3,191,0.7732080412097275,2026-04-27T17:27:12,3429,OFF
1,rsa2048,3,192,0.7629169849678874,2026-04-27T17:27:12,3429,OFF
1,rsa2048,3,193,0.7466250099241734,2026-04-27T17:27:12,3429,OFF
1,rsa2048,3,194,0.7495000027120113,2026-04-27T17:27:12,3429,OFF
1,rsa2048,3,195,0.7458750042133033,2026-04-27T17:27:12,3429,OFF
1,rsa2048,3,196,0.7472499855794013,2026-04-27T17:27:12,3429,OFF
1,rsa2048,3,197,0.7495420286431909,2026-04-27T17:27:12,3429,OFF
1,rsa2048,3,198,0.7335420232266188,2026-04-27T17:27:12,3429,OFF
1,rsa2048,3,199,0.7265000022016466,2026-04-27T17:27:12,3429,OFF
1,rsa2048,3,200,0.7484160014428198,2026-04-27T17:27:12,3429,OFF
1,rsa2048,3,201,0.7460420019924641,2026-04-27T17:27:12,3429,OFF
1,rsa2048,3,202,0.7418339955620468,2026-04-27T17:27:12,3429,OFF
1,rsa2048,3,203,0.7616250077262521,2026-04-27T17:27:12,3429,OFF
1,rsa2048,3,204,0.7431249832734466,2026-04-27T17:27:12,3429,OFF
1,rsa2048,3,205,0.899125006981194,2026-04-27T17:27:12,3429,OFF
1,rsa2048,3,206,0.7371670217253268,2026-04-27T17:27:12,3429,OFF
1,rsa2048,3,207,0.836124992929399,2026-04-27T17:27:12,3429,OFF
1,rsa2048,3,208,0.7795420242473483,2026-04-27T17:27:12,3429,OFF
1,rsa2048,3,209,0.8784590172581375,2026-04-27T17:27:12,3429,OFF
1,rsa2048,3,210,0.7326249615289271,2026-04-27T17:27:12,3429,OFF
1,rsa2048,3,211,0.7454580045305192,2026-04-27T17:27:12,3429,OFF
1,rsa2048,3,212,0.7399999885819852,2026-04-27T17:27:12,3429,OFF
1,rsa2048,3,213,0.7839169702492654,2026-04-27T17:27:12,3429,OFF
1,rsa2048,3,214,0.7568749715574086,2026-04-27T17:27:12,3429,OFF
1,rsa2048,3,215,0.7635420188307762,2026-04-27T17:27:12,3429,OFF
1,rsa2048,3,216,0.7427499513141811,2026-04-27T17:27:12,3429,OFF
1,rsa2048,3,217,0.7557920180261135,2026-04-27T17:27:12,3429,OFF
1,rsa2048,3,218,0.7424170034937561,2026-04-27T17:27:12,3429,OFF
1,rsa2048,3,219,0.7375829736702144,2026-04-27T17:27:12,3429,OFF
1,rsa2048,3,220,0.7370410021394491,2026-04-27T17:27:12,3429,OFF
1,rsa2048,3,221,0.7356249843724072,2026-04-27T17:27:12,3429,OFF
1,rsa2048,3,222,0.7332910317927599,2026-04-27T17:27:12,3429,OFF
1,rsa2048,3,223,0.7377919973805547,2026-04-27T17:27:12,3429,OFF
1,rsa2048,3,224,0.7419999456033111,2026-04-27T17:27:12,3429,OFF
1,rsa2048,3,225,0.8312080171890557,2026-04-27T17:27:12,3429,OFF
1,rsa2048,3,226,0.722500029951334,2026-04-27T17:27:12,3429,OFF
1,rsa2048,3,227,0.7392920088022947,2026-04-27T17:27:12,3429,OFF
1,rsa2048,3,228,0.7357089780271053,2026-04-27T17:27:12,3429,OFF
1,rsa2048,3,229,0.7357079884968698,2026-04-27T17:27:12,3429,OFF
1,rsa2048,3,230,0.7592500187456608,2026-04-27T17:27:12,3429,OFF
1,rsa2048,3,231,0.7340000011026859,2026-04-27T17:27:12,3429,OFF
1,rsa2048,3,232,0.7335830014199018,2026-04-27T17:27:12,3429,OFF
1,rsa2048,3,233,0.7217079983092844,2026-04-27T17:27:12,3429,OFF
1,rsa2048,3,234,0.7252499926835299,2026-04-27T17:27:12,3429,OFF
1,rsa2048,3,235,0.7507079862989485,2026-04-27T17:27:12,3429,OFF
1,rsa2048,3,236,0.7372089894488454,2026-04-27T17:27:12,3429,OFF
1,rsa2048,3,237,0.8937920210883021,2026-04-27T17:27:12,3429,OFF
1,rsa2048,3,238,0.7382080075331032,2026-04-27T17:27:12,3429,OFF
1,rsa2048,3,239,0.738041999284178,2026-04-27T17:27:12,3429,OFF
1,rsa2048,3,240,0.7366660283878446,2026-04-27T17:27:12,3429,OFF
1,rsa2048,3,241,0.7392910192720592,2026-04-27T17:27:12,3429,OFF
1,rsa2048,3,242,0.7766250055283308,2026-04-27T17:27:12,3429,OFF
1,rsa2048,3,243,0.7430000114254653,2026-04-27T17:27:12,3429,OFF
1,rsa2048,3,244,0.7420409820042551,2026-04-27T17:27:12,3429,OFF
1,rsa2048,3,245,0.7417919696308672,2026-04-27T17:27:12,3429,OFF
1,rsa2048,3,246,0.7360830204561353,2026-04-27T17:27:12,3429,OFF
1,rsa2048,3,247,0.7350409869104624,2026-04-27T17:27:12,3429,OFF
1,rsa2048,3,248,0.7332919631153345,2026-04-27T17:27:12,3429,OFF
1,rsa2048,3,249,0.7345000049099326,2026-04-27T17:27:12,3429,OFF
1,rsa2048,3,250,0.7422500057145953,2026-04-27T17:27:12,3429,OFF
1,rsa2048,3,251,0.7393749547190964,2026-04-27T17:27:12,3429,OFF
1,rsa2048,3,252,0.7392500410787761,2026-04-27T17:27:12,3429,OFF
1,rsa2048,3,253,0.7432500133290887,2026-04-27T17:27:12,3429,OFF
1,rsa2048,3,254,0.7387080113403499,2026-04-27T17:27:12,3429,OFF
1,rsa2048,3,255,0.7450419943779707,2026-04-27T17:27:12,3429,OFF
1,rsa2048,3,256,0.7364169578067958,2026-04-27T17:27:12,3429,OFF
1,rsa2048,3,257,0.7668749894946814,2026-04-27T17:27:12,3429,OFF
1,rsa2048,3,258,0.7646250305697322,2026-04-27T17:27:12,3429,OFF
1,rsa2048,3,259,1.0649589821696281,2026-04-27T17:27:12,3429,OFF
1,rsa2048,3,260,0.8162920130416751,2026-04-27T17:27:12,3429,OFF
1,rsa2048,3,261,0.7854589493945241,2026-04-27T17:27:12,3429,OFF
1,rsa2048,3,262,0.7577079813927412,2026-04-27T17:27:12,3429,OFF
1,rsa2048,3,263,0.8067910093814135,2026-04-27T17:27:12,3429,OFF
1,rsa2048,3,264,0.7493750308640301,2026-04-27T17:27:12,3429,OFF
1,rsa2048,3,265,0.7467499817721546,2026-04-27T17:27:12,3429,OFF
1,rsa2048,3,266,0.7451249985024333,2026-04-27T17:27:12,3429,OFF
1,rsa2048,3,267,0.7385829812847078,2026-04-27T17:27:12,3429,OFF
1,rsa2048,3,268,0.7277499535121024,2026-04-27T17:27:12,3429,OFF
1,rsa2048,3,269,0.9058329742401838,2026-04-27T17:27:12,3429,OFF
1,rsa2048,3,270,0.7440420449711382,2026-04-27T17:27:12,3429,OFF
1,rsa2048,3,271,0.7433750433847308,2026-04-27T17:27:12,3429,OFF
1,rsa2048,3,272,0.7452080026268959,2026-04-27T17:27:12,3429,OFF
1,rsa2048,3,273,0.7447089883498847,2026-04-27T17:27:12,3429,OFF
1,rsa2048,3,274,0.744916032999754,2026-04-27T17:27:12,3429,OFF
1,rsa2048,3,275,0.7374580018222332,2026-04-27T17:27:12,3429,OFF
1,rsa2048,3,276,0.7429170073010027,2026-04-27T17:27:12,3429,OFF
1,rsa2048,3,277,0.736583024263382,2026-04-27T17:27:12,3429,OFF
1,rsa2048,3,278,0.7405829965136945,2026-04-27T17:27:12,3429,OFF
1,rsa2048,3,279,0.7581670070067048,2026-04-27T17:27:12,3429,OFF
1,rsa2048,3,280,0.7428339449688792,2026-04-27T17:27:12,3429,OFF
1,rsa2048,3,281,0.7427919772453606,2026-04-27T17:27:12,3429,OFF
1,rsa2048,3,282,0.7389170350506902,2026-04-27T17:27:12,3429,OFF
1,rsa2048,3,283,0.7921250071376562,2026-04-27T17:27:12,3429,OFF
1,rsa2048,3,284,0.7506250403821468,2026-04-27T17:27:12,3429,OFF
1,rsa2048,3,285,0.7453750004060566,2026-04-27T17:27:12,3429,OFF
1,rsa2048,3,286,0.7437500171363354,2026-04-27T17:27:12,3429,OFF
1,rsa2048,3,287,0.7426250376738608,2026-04-27T17:27:12,3429,OFF
1,rsa2048,3,288,0.7381669711321592,2026-04-27T17:27:12,3429,OFF
1,rsa2048,3,289,0.7366249919869006,2026-04-27T17:27:12,3429,OFF
1,rsa2048,3,290,0.7399999885819852,2026-04-27T17:27:12,3429,OFF
1,rsa2048,3,291,0.7496249745599926,2026-04-27T17:27:12,3429,OFF
1,rsa2048,3,292,0.7397499866783619,2026-04-27T17:27:12,3429,OFF
1,rsa2048,3,293,0.7346249767579138,2026-04-27T17:27:12,3429,OFF
1,rsa2048,3,294,0.7458750042133033,2026-04-27T17:27:12,3429,OFF
1,rsa2048,3,295,0.7380000315606594,2026-04-27T17:27:12,3429,OFF
1,rsa2048,3,296,0.7360409945249557,2026-04-27T17:27:12,3429,OFF
1,rsa2048,3,297,0.7364159682765603,2026-04-27T17:27:12,3429,OFF
1,rsa2048,3,298,0.7363329641520977,2026-04-27T17:27:12,3429,OFF
1,rsa2048,3,299,0.7396659930236638,2026-04-27T17:27:12,3429,OFF
1,rsa2048,3,300,0.736165966372937,2026-04-27T17:27:12,3429,OFF
1,rsa2048,3,301,0.8947909809648991,2026-04-27T17:27:12,3429,OFF
1,rsa2048,3,302,0.7462500361725688,2026-04-27T17:27:12,3429,OFF
1,rsa2048,3,303,0.7359999581240118,2026-04-27T17:27:12,3429,OFF
1,rsa2048,3,304,0.7362079923041165,2026-04-27T17:27:12,3429,OFF
1,rsa2048,3,305,0.7350000087171793,2026-04-27T17:27:12,3429,OFF
1,rsa2048,3,306,0.7584999548271298,2026-04-27T17:27:12,3429,OFF
1,rsa2048,3,307,0.8198750438168645,2026-04-27T17:27:12,3429,OFF
1,rsa2048,3,308,0.7888329564593732,2026-04-27T17:27:12,3429,OFF
1,rsa2048,3,309,0.877374957781285,2026-04-27T17:27:12,3429,OFF
1,rsa2048,3,310,0.7487079710699618,2026-04-27T17:27:12,3429,OFF
1,rsa2048,3,311,0.7709169876761734,2026-04-27T17:27:12,3429,OFF
1,rsa2048,3,312,0.822041998617351,2026-04-27T17:27:12,3429,OFF
1,rsa2048,3,313,0.789417012128979,2026-04-27T17:27:12,3429,OFF
1,rsa2048,3,314,0.7633749628439546,2026-04-27T17:27:12,3429,OFF
1,rsa2048,3,315,0.7331250235438347,2026-04-27T17:27:12,3429,OFF
1,rsa2048,3,316,0.7426670053973794,2026-04-27T17:27:12,3429,OFF
1,rsa2048,3,317,0.7433330174535513,2026-04-27T17:27:12,3429,OFF
1,rsa2048,3,318,0.7569169974885881,2026-04-27T17:27:12,3429,OFF
1,rsa2048,3,319,0.7298749987967312,2026-04-27T17:27:12,3429,OFF
1,rsa2048,3,320,0.7340410375036299,2026-04-27T17:27:12,3429,OFF
1,rsa2048,3,321,0.7188749732449651,2026-04-27T17:27:12,3429,OFF
1,rsa2048,3,322,0.7526670233346522,2026-04-27T17:27:12,3429,OFF
1,rsa2048,3,323,0.7415420259349048,2026-04-27T17:27:12,3429,OFF
1,rsa2048,3,324,0.738792004995048,2026-04-27T17:27:12,3429,OFF
1,rsa2048,3,325,0.7400829927064478,2026-04-27T17:27:12,3429,OFF
1,rsa2048,3,326,0.7376249996013939,2026-04-27T17:27:12,3429,OFF
1,rsa2048,3,327,0.735500012524426,2026-04-27T17:27:12,3429,OFF
1,rsa2048,3,328,0.7382089970633388,2026-04-27T17:27:12,3429,OFF
1,rsa2048,3,329,0.782166956923902,2026-04-27T17:27:12,3429,OFF
1,rsa2048,3,330,0.75683300383389,2026-04-27T17:27:12,3429,OFF
1,rsa2048,3,331,0.739125011023134,2026-04-27T17:27:12,3429,OFF
1,rsa2048,3,332,0.7359579904004931,2026-04-27T17:27:12,3429,OFF
1,rsa2048,3,333,0.8954160148277879,2026-04-27T17:27:12,3429,OFF
1,rsa2048,3,334,0.7420839974656701,2026-04-27T17:27:12,3429,OFF
1,rsa2048,3,335,0.7437089807353914,2026-04-27T17:27:12,3429,OFF
1,rsa2048,3,336,0.7266669999808073,2026-04-27T17:27:12,3429,OFF
1,rsa2048,3,337,0.7373749976977706,2026-04-27T17:27:12,3429,OFF
1,rsa2048,3,338,0.7340000011026859,2026-04-27T17:27:12,3429,OFF
1,rsa2048,3,339,0.7354999543167651,2026-04-27T17:27:12,3429,OFF
1,rsa2048,3,340,0.74487499659881,2026-04-27T17:27:12,3429,OFF
1,rsa2048,3,341,0.7396669825538993,2026-04-27T17:27:12,3429,OFF
1,rsa2048,3,342,0.7429579854942858,2026-04-27T17:27:12,3429,OFF
1,rsa2048,3,343,0.7384999771602452,2026-04-27T17:27:12,3429,OFF
1,rsa2048,3,344,0.72825001552701,2026-04-27T17:27:12,3429,OFF
1,rsa2048,3,345,0.731875014025718,2026-04-27T17:27:12,3429,OFF
1,rsa2048,3,346,0.7839579484425485,2026-04-27T17:27:12,3429,OFF
1,rsa2048,3,347,0.7450419943779707,2026-04-27T17:27:12,3429,OFF
1,rsa2048,3,348,0.7374170236289501,2026-04-27T17:27:12,3429,OFF
1,rsa2048,3,349,0.7414580322802067,2026-04-27T17:27:12,3429,OFF
1,rsa2048,3,350,0.7368749938905239,2026-04-27T17:27:12,3429,OFF
1,rsa2048,3,351,0.7564579718746245,2026-04-27T17:27:12,3429,OFF
1,rsa2048,3,352,0.7434170111082494,2026-04-27T17:27:12,3429,OFF
1,rsa2048,3,353,0.7367500220425427,2026-04-27T17:27:12,3429,OFF
1,rsa2048,3,354,0.7408329984173179,2026-04-27T17:27:12,3429,OFF
1,rsa2048,3,355,0.7545830449089408,2026-04-27T17:27:12,3429,OFF
1,rsa2048,3,356,0.7359170122072101,2026-04-27T17:27:12,3429,OFF
1,rsa2048,3,357,0.7691250066272914,2026-04-27T17:27:12,3429,OFF
1,rsa2048,3,358,0.7450000266544521,2026-04-27T17:27:12,3429,OFF
1,rsa2048,3,359,0.7408329984173179,2026-04-27T17:27:12,3429,OFF
1,rsa2048,3,360,0.7394999847747386,2026-04-27T17:27:12,3429,OFF
1,rsa2048,3,361,0.7371249957941473,2026-04-27T17:27:12,3429,OFF
1,rsa2048,3,362,0.7459589978680015,2026-04-27T17:27:12,3429,OFF
1,rsa2048,3,363,0.7442919886671007,2026-04-27T17:27:12,3429,OFF
1,rsa2048,3,364,0.7797089638188481,2026-04-27T17:27:12,3429,OFF
1,rsa2048,3,365,1.0226670419797301,2026-04-27T17:27:12,3429,OFF
1,rsa2048,3,366,0.7219170220196247,2026-04-27T17:27:12,3429,OFF
1,rsa2048,3,367,0.760416965931654,2026-04-27T17:27:12,3429,OFF
1,rsa2048,3,368,0.7409590180031955,2026-04-27T17:27:12,3429,OFF
1,rsa2048,3,369,0.7328329957090318,2026-04-27T17:27:12,3429,OFF
1,rsa2048,3,370,0.736583024263382,2026-04-27T17:27:12,3429,OFF
1,rsa2048,3,371,0.738415983505547,2026-04-27T17:27:12,3429,OFF
1,rsa2048,3,372,0.7232080097310245,2026-04-27T17:27:12,3429,OFF
1,rsa2048,3,373,0.718875031452626,2026-04-27T17:27:12,3429,OFF
1,rsa2048,3,374,0.7519589853473008,2026-04-27T17:27:12,3429,OFF
1,rsa2048,3,375,0.7519579958170652,2026-04-27T17:27:12,3429,OFF
1,rsa2048,3,376,0.7595000206492841,2026-04-27T17:27:12,3429,OFF
1,rsa2048,3,377,0.747083977330476,2026-04-27T17:27:12,3429,OFF
1,rsa2048,3,378,0.7459160406142473,2026-04-27T17:27:12,3429,OFF
1,rsa2048,3,379,0.7455419981852174,2026-04-27T17:27:12,3429,OFF
1,rsa2048,3,380,0.743791984859854,2026-04-27T17:27:12,3429,OFF
1,rsa2048,3,381,0.8108330075629056,2026-04-27T17:27:12,3429,OFF
1,rsa2048,3,382,0.7627499871887267,2026-04-27T17:27:12,3429,OFF
1,rsa2048,3,383,0.7463329820893705,2026-04-27T17:27:12,3429,OFF
1,rsa2048,3,384,0.7451670244336128,2026-04-27T17:27:12,3429,OFF
1,rsa2048,3,385,0.7277919794432819,2026-04-27T17:27:12,3429,OFF
1,rsa2048,3,386,0.732625019736588,2026-04-27T17:27:12,3429,OFF
1,rsa2048,3,387,0.7309580105356872,2026-04-27T17:27:12,3429,OFF
1,rsa2048,3,388,0.7230420014820993,2026-04-27T17:27:12,3429,OFF
1,rsa2048,3,389,0.7291670190170407,2026-04-27T17:27:12,3429,OFF
1,rsa2048,3,390,0.7271249778568745,2026-04-27T17:27:12,3429,OFF
1,rsa2048,3,391,0.7383340271189809,2026-04-27T17:27:12,3429,OFF
1,rsa2048,3,392,0.7288330234587193,2026-04-27T17:27:12,3429,OFF
1,rsa2048,3,393,0.7272909861057997,2026-04-27T17:27:12,3429,OFF
1,rsa2048,3,394,0.754999986384064,2026-04-27T17:27:12,3429,OFF
1,rsa2048,3,395,0.7048340048640966,2026-04-27T17:27:12,3429,OFF
1,rsa2048,3,396,0.7042500074021518,2026-04-27T17:27:12,3429,OFF
1,rsa2048,3,397,0.855332997161895,2026-04-27T17:27:12,3429,OFF
1,rsa2048,3,398,0.7146249990910292,2026-04-27T17:27:12,3429,OFF
1,rsa2048,3,399,0.7210830226540565,2026-04-27T17:27:12,3429,OFF
1,rsa2048,3,400,0.7029579719528556,2026-04-27T17:27:12,3429,OFF
1,rsa2048,3,401,0.7030830020084977,2026-04-27T17:27:12,3429,OFF
1,rsa2048,3,402,0.6991670234128833,2026-04-27T17:27:12,3429,OFF
1,rsa2048,3,403,0.6992920534685254,2026-04-27T17:27:12,3429,OFF
1,rsa2048,3,404,0.7028750260360539,2026-04-27T17:27:12,3429,OFF
1,rsa2048,3,405,0.7019579643383622,2026-04-27T17:27:12,3429,OFF
1,rsa2048,3,406,0.7056249887682498,2026-04-27T17:27:12,3429,OFF
1,rsa2048,3,407,0.7087499834597111,2026-04-27T17:27:12,3429,OFF
1,rsa2048,3,408,0.7584579871036112,2026-04-27T17:27:12,3429,OFF
1,rsa2048,3,409,0.7385840290226042,2026-04-27T17:27:12,3429,OFF
1,rsa2048,3,410,0.8289580000564456,2026-04-27T17:27:12,3429,OFF
1,rsa2048,3,411,0.7358749862760305,2026-04-27T17:27:12,3429,OFF
1,rsa2048,3,412,0.7358330185525119,2026-04-27T17:27:12,3429,OFF
1,rsa2048,3,413,0.758624984882772,2026-04-27T17:27:12,3429,OFF
1,rsa2048,3,414,0.7451249985024333,2026-04-27T17:27:12,3429,OFF
1,rsa2048,3,415,0.7703329902142286,2026-04-27T17:27:12,3429,OFF
1,rsa2048,3,416,0.7507499540224671,2026-04-27T17:27:12,3429,OFF
1,rsa2048,3,417,0.8238750160671771,2026-04-27T17:27:12,3429,OFF
1,rsa2048,3,418,0.7214579964056611,2026-04-27T17:27:12,3429,OFF
1,rsa2048,3,419,0.7390000391751528,2026-04-27T17:27:12,3429,OFF
1,rsa2048,3,420,0.7505829562433064,2026-04-27T17:27:12,3429,OFF
1,rsa2048,3,421,0.7378330337814987,2026-04-27T17:27:12,3429,OFF
1,rsa2048,3,422,0.7386250072158873,2026-04-27T17:27:12,3429,OFF
1,rsa2048,3,423,0.7359579904004931,2026-04-27T17:27:12,3429,OFF
1,rsa2048,3,424,0.7277079857885838,2026-04-27T17:27:12,3429,OFF
1,rsa2048,3,425,0.7187080336734653,2026-04-27T17:27:12,3429,OFF
1,rsa2048,3,426,0.7175419596023858,2026-04-27T17:27:12,3429,OFF
1,rsa2048,3,427,0.7300000288523734,2026-04-27T17:27:12,3429,OFF
1,rsa2048,3,428,0.7570839952677488,2026-04-27T17:27:12,3429,OFF
1,rsa2048,3,429,0.885666988324374,2026-04-27T17:27:12,3429,OFF
1,rsa2048,3,430,0.7364579942077398,2026-04-27T17:27:12,3429,OFF
1,rsa2048,3,431,0.7346250349655747,2026-04-27T17:27:12,3429,OFF
1,rsa2048,3,432,0.75104198185727,2026-04-27T17:27:12,3429,OFF
1,rsa2048,3,433,0.7190839969553053,2026-04-27T17:27:12,3429,OFF
1,rsa2048,3,434,0.7882500067353249,2026-04-27T17:27:12,3429,OFF
1,rsa2048,3,435,0.763791031204164,2026-04-27T17:27:12,3429,OFF
1,rsa2048,3,436,0.74095802847296,2026-04-27T17:27:12,3429,OFF
1,rsa2048,3,437,0.7460830383934081,2026-04-27T17:27:12,3429,OFF
1,rsa2048,3,438,0.7319170399568975,2026-04-27T17:27:12,3429,OFF
1,rsa2048,3,439,0.7375000277534127,2026-04-27T17:27:12,3429,OFF
1,rsa2048,3,440,0.736541987862438,2026-04-27T17:27:12,3429,OFF
1,rsa2048,3,441,0.735500012524426,2026-04-27T17:27:12,3429,OFF
1,rsa2048,3,442,0.7382910116575658,2026-04-27T17:27:12,3429,OFF
1,rsa2048,3,443,0.7386250072158873,2026-04-27T17:27:12,3429,OFF
1,rsa2048,3,444,0.7398330490104854,2026-04-27T17:27:12,3429,OFF
1,rsa2048,3,445,0.7381250034086406,2026-04-27T17:27:12,3429,OFF
1,rsa2048,3,446,0.7359170122072101,2026-04-27T17:27:12,3429,OFF
1,rsa2048,3,447,0.7387909572571516,2026-04-27T17:27:12,3429,OFF
1,rsa2048,3,448,0.7382910116575658,2026-04-27T17:27:12,3429,OFF
1,rsa2048,3,449,0.7392920088022947,2026-04-27T17:27:12,3429,OFF
1,rsa2048,3,450,0.7379580056294799,2026-04-27T17:27:12,3429,OFF
1,rsa2048,3,451,0.7404159987345338,2026-04-27T17:27:12,3429,OFF
1,rsa2048,3,452,0.7723330054432154,2026-04-27T17:27:12,3429,OFF
1,rsa2048,3,453,0.7354170083999634,2026-04-27T17:27:12,3429,OFF
1,rsa2048,3,454,0.7262920262292027,2026-04-27T17:27:12,3429,OFF
1,rsa2048,3,455,0.7306250045076013,2026-04-27T17:27:12,3429,OFF
1,rsa2048,3,456,0.7375410059466958,2026-04-27T17:27:12,3429,OFF
1,rsa2048,3,457,0.7949999999254942,2026-04-27T17:27:12,3429,OFF
1,rsa2048,3,458,0.7191250333562493,2026-04-27T17:27:12,3429,OFF
1,rsa2048,3,459,0.7985830307006836,2026-04-27T17:27:12,3429,OFF
1,rsa2048,3,460,0.7509999559260905,2026-04-27T17:27:12,3429,OFF
1,rsa2048,3,461,0.8996250107884407,2026-04-27T17:27:12,3429,OFF
1,rsa2048,3,462,0.7476670434698462,2026-04-27T17:27:12,3429,OFF
1,rsa2048,3,463,0.7800000021234155,2026-04-27T17:27:12,3429,OFF
1,rsa2048,3,464,0.7442919886671007,2026-04-27T17:27:12,3429,OFF
1,rsa2048,3,465,0.7415420259349048,2026-04-27T17:27:12,3429,OFF
1,rsa2048,3,466,0.7412919658236206,2026-04-27T17:27:12,3429,OFF
1,rsa2048,3,467,0.7353749824687839,2026-04-27T17:27:12,3429,OFF
1,rsa2048,3,468,0.731542007997632,2026-04-27T17:27:12,3429,OFF
1,rsa2048,3,469,0.7713749655522406,2026-04-27T17:27:12,3429,OFF
1,rsa2048,3,470,0.7714999956078827,2026-04-27T17:27:12,3429,OFF
1,rsa2048,3,471,0.869374955072999,2026-04-27T17:27:12,3429,OFF
1,rsa2048,3,472,0.7402500486932695,2026-04-27T17:27:12,3429,OFF
1,rsa2048,3,473,0.7486669928766787,2026-04-27T17:27:12,3429,OFF
1,rsa2048,3,474,0.7461669738404453,2026-04-27T17:27:12,3429,OFF
1,rsa2048,3,475,0.7329999934881926,2026-04-27T17:27:12,3429,OFF
1,rsa2048,3,476,0.7389580132439733,2026-04-27T17:27:12,3429,OFF
1,rsa2048,3,477,0.738083035685122,2026-04-27T17:27:12,3429,OFF
1,rsa2048,3,478,0.7238750113174319,2026-04-27T17:27:12,3429,OFF
1,rsa2048,3,479,0.731083971913904,2026-04-27T17:27:12,3429,OFF
1,rsa2048,3,480,0.7622090051881969,2026-04-27T17:27:12,3429,OFF
1,rsa2048,3,481,0.7435829611495137,2026-04-27T17:27:12,3429,OFF
1,rsa2048,3,482,0.7430409896187484,2026-04-27T17:27:12,3429,OFF
1,rsa2048,3,483,0.7384580094367266,2026-04-27T17:27:12,3429,OFF
1,rsa2048,3,484,0.7550829905085266,2026-04-27T17:27:12,3429,OFF
1,rsa2048,3,485,0.7389590027742088,2026-04-27T17:27:12,3429,OFF
1,rsa2048,3,486,0.7359999581240118,2026-04-27T17:27:12,3429,OFF
1,rsa2048,3,487,0.8392499876208603,2026-04-27T17:27:12,3429,OFF
1,rsa2048,3,488,0.7360839517787099,2026-04-27T17:27:12,3429,OFF
1,rsa2048,3,489,0.7520000217482448,2026-04-27T17:27:12,3429,OFF
1,rsa2048,3,490,0.7395830471068621,2026-04-27T17:27:12,3429,OFF
1,rsa2048,3,491,0.7393749547190964,2026-04-27T17:27:12,3429,OFF
1,rsa2048,3,492,0.7408750243484974,2026-04-27T17:27:12,3429,OFF
1,rsa2048,3,493,0.8914169739000499,2026-04-27T17:27:12,3429,OFF
1,rsa2048,3,494,0.7349579827859998,2026-04-27T17:27:12,3429,OFF
1,rsa2048,3,495,0.728249957319349,2026-04-27T17:27:12,3429,OFF
1,rsa2048,3,496,0.7385420030914247,2026-04-27T17:27:12,3429,OFF
1,rsa2048,3,497,0.7657909882254899,2026-04-27T17:27:12,3429,OFF
1,rsa2048,3,498,0.7366250501945615,2026-04-27T17:27:12,3429,OFF
1,rsa2048,3,499,0.7360000163316727,2026-04-27T17:27:12,3429,OFF
1,rsa2048,3,500,0.7341660093516111,2026-04-27T17:27:12,3429,OFF
1,rsa2048,3,501,0.7382920011878014,2026-04-27T17:27:12,3429,OFF
1,rsa2048,3,502,0.7395829888992012,2026-04-27T17:27:12,3429,OFF
1,rsa2048,3,503,0.7262920262292027,2026-04-27T17:27:12,3429,OFF
1,rsa2048,3,504,0.7449999684467912,2026-04-27T17:27:12,3429,OFF
1,rsa2048,3,505,0.7360420422628522,2026-04-27T17:27:12,3429,OFF
1,rsa2048,3,506,0.7348750368691981,2026-04-27T17:27:12,3429,OFF
1,rsa2048,3,507,0.7834580028429627,2026-04-27T17:27:12,3429,OFF
1,rsa2048,3,508,0.7629159954376519,2026-04-27T17:27:12,3429,OFF
1,rsa2048,3,509,0.869459006935358,2026-04-27T17:27:12,3429,OFF
1,rsa2048,3,510,0.7453750004060566,2026-04-27T17:27:12,3429,OFF
1,rsa2048,3,511,0.7452080026268959,2026-04-27T17:27:12,3429,OFF
1,rsa2048,3,512,0.7394580170512199,2026-04-27T17:27:12,3429,OFF
1,rsa2048,3,513,0.7542919483967125,2026-04-27T17:27:12,3429,OFF
1,rsa2048,3,514,0.7593329646624625,2026-04-27T17:27:12,3429,OFF
1,rsa2048,3,515,0.7374170236289501,2026-04-27T17:27:12,3429,OFF
1,rsa2048,3,516,0.7376669673249125,2026-04-27T17:27:12,3429,OFF
1,rsa2048,3,517,0.7479580235667527,2026-04-27T17:27:12,3429,OFF
1,rsa2048,3,518,0.7477499893866479,2026-04-27T17:27:12,3429,OFF
1,rsa2048,3,519,0.732957967557013,2026-04-27T17:27:12,3429,OFF
1,rsa2048,3,520,0.7404169882647693,2026-04-27T17:27:12,3429,OFF
1,rsa2048,3,521,0.7377080037258565,2026-04-27T17:27:12,3429,OFF
1,rsa2048,3,522,0.821333029307425,2026-04-27T17:27:12,3429,OFF
1,rsa2048,3,523,0.7607919978909194,2026-04-27T17:27:12,3429,OFF
1,rsa2048,3,524,0.7420419715344906,2026-04-27T17:27:12,3429,OFF
1,rsa2048,3,525,0.9140420006588101,2026-04-27T17:27:12,3429,OFF
1,rsa2048,3,526,0.7415000000037253,2026-04-27T17:27:12,3429,OFF
1,rsa2048,3,527,0.7232499774545431,2026-04-27T17:27:12,3429,OFF
1,rsa2048,3,528,0.7329590152949095,2026-04-27T17:27:12,3429,OFF
1,rsa2048,3,529,0.7439170149154961,2026-04-27T17:27:12,3429,OFF
1,rsa2048,3,530,0.7187500013969839,2026-04-27T17:27:12,3429,OFF
1,rsa2048,3,531,0.7308329804800451,2026-04-27T17:27:12,3429,OFF
1,rsa2048,3,532,0.7575000054202974,2026-04-27T17:27:12,3429,OFF
1,rsa2048,3,533,0.7367910002358258,2026-04-27T17:27:12,3429,OFF
1,rsa2048,3,534,0.7386249490082264,2026-04-27T17:27:12,3429,OFF
1,rsa2048,3,535,0.750750012230128,2026-04-27T17:27:12,3429,OFF
1,rsa2048,3,536,0.7362499600276351,2026-04-27T17:27:12,3429,OFF
1,rsa2048,3,537,0.7211249903775752,2026-04-27T17:27:12,3429,OFF
1,rsa2048,3,538,0.7185829454101622,2026-04-27T17:27:12,3429,OFF
1,rsa2048,3,539,0.7444160291925073,2026-04-27T17:27:12,3429,OFF
1,rsa2048,3,540,0.7229159818962216,2026-04-27T17:27:12,3429,OFF
1,rsa2048,3,541,0.7387910154648125,2026-04-27T17:27:12,3429,OFF
1,rsa2048,3,542,0.7181669934652746,2026-04-27T17:27:12,3429,OFF
1,rsa2048,3,543,0.7315829861909151,2026-04-27T17:27:12,3429,OFF
1,rsa2048,3,544,0.7164159906096756,2026-04-27T17:27:12,3429,OFF
1,rsa2048,3,545,0.7082500378601253,2026-04-27T17:27:12,3429,OFF
1,rsa2048,3,546,0.7137090433388948,2026-04-27T17:27:12,3429,OFF
1,rsa2048,3,547,0.7138329674489796,2026-04-27T17:27:12,3429,OFF
1,rsa2048,3,548,0.7243750151246786,2026-04-27T17:27:12,3429,OFF
1,rsa2048,3,549,0.6980409962125123,2026-04-27T17:27:12,3429,OFF
1,rsa2048,3,550,0.7012090063653886,2026-04-27T17:27:12,3429,OFF
1,rsa2048,3,551,0.7042080396786332,2026-04-27T17:27:12,3429,OFF
1,rsa2048,3,552,0.7011669804342091,2026-04-27T17:27:12,3429,OFF
1,rsa2048,3,553,0.7056250469759107,2026-04-27T17:27:12,3429,OFF
1,rsa2048,3,554,0.7100419607013464,2026-04-27T17:27:12,3429,OFF
1,rsa2048,3,555,0.7064579986035824,2026-04-27T17:27:12,3429,OFF
1,rsa2048,3,556,0.7083750097081065,2026-04-27T17:27:12,3429,OFF
1,rsa2048,3,557,0.9412500075995922,2026-04-27T17:27:12,3429,OFF
1,rsa2048,3,558,0.7122920360416174,2026-04-27T17:27:12,3429,OFF
1,rsa2048,3,559,0.7412910345010459,2026-04-27T17:27:12,3429,OFF
1,rsa2048,3,560,0.7249159971252084,2026-04-27T17:27:12,3429,OFF
1,rsa2048,3,561,0.7327500497922301,2026-04-27T17:27:12,3429,OFF
1,rsa2048,3,562,0.7250840426422656,2026-04-27T17:27:12,3429,OFF
1,rsa2048,3,563,0.7253749645315111,2026-04-27T17:27:12,3429,OFF
1,rsa2048,3,564,0.7476250175386667,2026-04-27T17:27:12,3429,OFF
1,rsa2048,3,565,0.74058398604393,2026-04-27T17:27:12,3429,OFF
1,rsa2048,3,566,0.7304160390049219,2026-04-27T17:27:12,3429,OFF
1,rsa2048,3,567,0.731542007997632,2026-04-27T17:27:12,3429,OFF
1,rsa2048,3,568,0.7262080325745046,2026-04-27T17:27:12,3429,OFF
1,rsa2048,3,569,0.7298340206034482,2026-04-27T17:27:12,3429,OFF
1,rsa2048,3,570,0.7160829845815897,2026-04-27T17:27:12,3429,OFF
1,rsa2048,3,571,0.7218330283649266,2026-04-27T17:27:12,3429,OFF
1,rsa2048,3,572,0.7142079994082451,2026-04-27T17:27:12,3429,OFF
1,rsa2048,3,573,0.7301670266315341,2026-04-27T17:27:12,3429,OFF
1,rsa2048,3,574,0.7231250056065619,2026-04-27T17:27:12,3429,OFF
1,rsa2048,3,575,0.7477499893866479,2026-04-27T17:27:12,3429,OFF
1,rsa2048,3,576,0.8365830290131271,2026-04-27T17:27:12,3429,OFF
1,rsa2048,3,577,0.7308329804800451,2026-04-27T17:27:12,3429,OFF
1,rsa2048,3,578,0.7010830449871719,2026-04-27T17:27:12,3429,OFF
1,rsa2048,3,579,0.7092920131981373,2026-04-27T17:27:12,3429,OFF
1,rsa2048,3,580,0.7048330153338611,2026-04-27T17:27:12,3429,OFF
1,rsa2048,3,581,0.6975830183364451,2026-04-27T17:27:12,3429,OFF
1,rsa2048,3,582,0.6993329734541476,2026-04-27T17:27:12,3429,OFF
1,rsa2048,3,583,0.6969590322114527,2026-04-27T17:27:12,3429,OFF
1,rsa2048,3,584,0.7081669755280018,2026-04-27T17:27:12,3429,OFF
1,rsa2048,3,585,0.7124579860828817,2026-04-27T17:27:12,3429,OFF
1,rsa2048,3,586,0.7320410222746432,2026-04-27T17:27:12,3429,OFF
1,rsa2048,3,587,0.7091250154189765,2026-04-27T17:27:12,3429,OFF
1,rsa2048,3,588,0.6994169671088457,2026-04-27T17:27:12,3429,OFF
1,rsa2048,3,589,0.8655840065330267,2026-04-27T17:27:12,3429,OFF
1,rsa2048,3,590,0.7109579746611416,2026-04-27T17:27:12,3429,OFF
1,rsa2048,3,591,0.7040830096229911,2026-04-27T17:27:12,3429,OFF
1,rsa2048,3,592,0.7042500074021518,2026-04-27T17:27:12,3429,OFF
1,rsa2048,3,593,0.8518749964423478,2026-04-27T17:27:12,3429,OFF
1,rsa2048,3,594,0.7404159987345338,2026-04-27T17:27:12,3429,OFF
1,rsa2048,3,595,0.7246669847518206,2026-04-27T17:27:12,3429,OFF
1,rsa2048,3,596,0.7040000054985285,2026-04-27T17:27:12,3429,OFF
1,rsa2048,3,597,0.7052909932099283,2026-04-27T17:27:12,3429,OFF
1,rsa2048,3,598,0.7005420047789812,2026-04-27T17:27:12,3429,OFF
1,rsa2048,3,599,0.722167023923248,2026-04-27T17:27:12,3429,OFF
1,rsa2048,3,600,0.7073750020936131,2026-04-27T17:27:12,3429,OFF
1,rsa2048,3,601,0.6991249974817038,2026-04-27T17:27:12,3429,OFF
1,rsa2048,3,602,0.697834009770304,2026-04-27T17:27:12,3429,OFF
1,rsa2048,3,603,0.7055830210447311,2026-04-27T17:27:12,3429,OFF
1,rsa2048,3,604,0.7117089699022472,2026-04-27T17:27:12,3429,OFF
1,rsa2048,3,605,0.7032090215943754,2026-04-27T17:27:12,3429,OFF
1,rsa2048,3,606,0.7217919919639826,2026-04-27T17:27:12,3429,OFF
1,rsa2048,3,607,0.716709007974714,2026-04-27T17:27:12,3429,OFF
1,rsa2048,3,608,0.79549994552508,2026-04-27T17:27:12,3429,OFF
1,rsa2048,3,609,0.7271249778568745,2026-04-27T17:27:12,3429,OFF
1,rsa2048,3,610,0.7006250089034438,2026-04-27T17:27:12,3429,OFF
1,rsa2048,3,611,0.7544580148532987,2026-04-27T17:27:12,3429,OFF
1,rsa2048,3,612,0.7375410059466958,2026-04-27T17:27:12,3429,OFF
1,rsa2048,3,613,0.7416250300593674,2026-04-27T17:27:12,3429,OFF
1,rsa2048,3,614,0.9752910118550062,2026-04-27T17:27:12,3429,OFF
1,rsa2048,3,615,0.7137089851312339,2026-04-27T17:27:12,3429,OFF
1,rsa2048,3,616,0.7289170171134174,2026-04-27T17:27:12,3429,OFF
1,rsa2048,3,617,0.7127919816412032,2026-04-27T17:27:12,3429,OFF
1,rsa2048,3,618,0.7111250306479633,2026-04-27T17:27:12,3429,OFF
1,rsa2048,3,619,0.7098750211298466,2026-04-27T17:27:12,3429,OFF
1,rsa2048,3,620,0.7286249892786145,2026-04-27T17:27:12,3429,OFF
1,rsa2048,3,621,0.8893340127542615,2026-04-27T17:27:12,3429,OFF
1,rsa2048,3,622,0.7115419721230865,2026-04-27T17:27:12,3429,OFF
1,rsa2048,3,623,0.7113330066204071,2026-04-27T17:27:12,3429,OFF
1,rsa2048,3,624,0.7093750173225999,2026-04-27T17:27:12,3429,OFF
1,rsa2048,3,625,0.7060409989207983,2026-04-27T17:27:12,3429,OFF
1,rsa2048,3,626,0.7139589870348573,2026-04-27T17:27:12,3429,OFF
1,rsa2048,3,627,0.7089580176398158,2026-04-27T17:27:12,3429,OFF
1,rsa2048,3,628,0.7069999701343477,2026-04-27T17:27:12,3429,OFF
1,rsa2048,3,629,0.7964999531395733,2026-04-27T17:27:12,3429,OFF
1,rsa2048,3,630,0.7120830123312771,2026-04-27T17:27:12,3429,OFF
1,rsa2048,3,631,0.710457970853895,2026-04-27T17:27:12,3429,OFF
1,rsa2048,3,632,0.7149169687181711,2026-04-27T17:27:12,3429,OFF
1,rsa2048,3,633,0.7168329902924597,2026-04-27T17:27:12,3429,OFF
1,rsa2048,3,634,0.7075410103425384,2026-04-27T17:27:12,3429,OFF
1,rsa2048,3,635,0.7076660403981805,2026-04-27T17:27:12,3429,OFF
1,rsa2048,3,636,0.7019159966148436,2026-04-27T17:27:12,3429,OFF
1,rsa2048,3,637,0.707958999555558,2026-04-27T17:27:12,3429,OFF
1,rsa2048,3,638,0.7040000054985285,2026-04-27T17:27:12,3429,OFF
1,rsa2048,3,639,0.7042080396786332,2026-04-27T17:27:12,3429,OFF
1,rsa2048,3,640,0.7139579975046217,2026-04-27T17:27:12,3429,OFF
1,rsa2048,3,641,0.7017910247668624,2026-04-27T17:27:12,3429,OFF
1,rsa2048,3,642,0.7000420009717345,2026-04-27T17:27:12,3429,OFF
1,rsa2048,3,643,0.6982500199228525,2026-04-27T17:27:12,3429,OFF
1,rsa2048,3,644,0.6967500085011125,2026-04-27T17:27:12,3429,OFF
1,rsa2048,3,645,0.6980000180192292,2026-04-27T17:27:12,3429,OFF
1,rsa2048,3,646,0.6993749993853271,2026-04-27T17:27:12,3429,OFF
1,rsa2048,3,647,0.7825000211596489,2026-04-27T17:27:12,3429,OFF
1,rsa2048,3,648,0.7247499888762832,2026-04-27T17:27:12,3429,OFF
1,rsa2048,3,649,0.7209160248748958,2026-04-27T17:27:12,3429,OFF
1,rsa2048,3,650,0.7064170204102993,2026-04-27T17:27:12,3429,OFF
1,rsa2048,4,1,0.8489169995300472,2026-04-27T17:27:14,4580,OFF
1,rsa2048,4,2,0.8446670253761113,2026-04-27T17:27:14,4580,OFF
1,rsa2048,4,3,0.8457910153083503,2026-04-27T17:27:14,4580,OFF
1,rsa2048,4,4,0.8322499925270677,2026-04-27T17:27:14,4580,OFF
1,rsa2048,4,5,0.8195419795811176,2026-04-27T17:27:14,4580,OFF
1,rsa2048,4,6,0.8217080030590296,2026-04-27T17:27:14,4580,OFF
1,rsa2048,4,7,0.8195830159820616,2026-04-27T17:27:14,4580,OFF
1,rsa2048,4,8,0.8059999672695994,2026-04-27T17:27:14,4580,OFF
1,rsa2048,4,9,0.8112500072456896,2026-04-27T17:27:14,4580,OFF
1,rsa2048,4,10,0.7912080036476254,2026-04-27T17:27:14,4580,OFF
1,rsa2048,4,11,0.8152920054271817,2026-04-27T17:27:14,4580,OFF
1,rsa2048,4,12,0.8079590043053031,2026-04-27T17:27:14,4580,OFF
1,rsa2048,4,13,0.9707920253276825,2026-04-27T17:27:14,4580,OFF
1,rsa2048,4,14,0.7713750237599015,2026-04-27T17:27:14,4580,OFF
1,rsa2048,4,15,0.7664169534109533,2026-04-27T17:27:14,4580,OFF
1,rsa2048,4,16,0.7654170040041208,2026-04-27T17:27:14,4580,OFF
1,rsa2048,4,17,0.7745409966446459,2026-04-27T17:27:14,4580,OFF
1,rsa2048,4,18,0.7837080047465861,2026-04-27T17:27:14,4580,OFF
1,rsa2048,4,19,0.7820840110071003,2026-04-27T17:27:14,4580,OFF
1,rsa2048,4,20,0.7839580066502094,2026-04-27T17:27:14,4580,OFF
1,rsa2048,4,21,0.7782499887980521,2026-04-27T17:27:14,4580,OFF
1,rsa2048,4,22,0.785832991823554,2026-04-27T17:27:14,4580,OFF
1,rsa2048,4,23,0.7764589972794056,2026-04-27T17:27:14,4580,OFF
1,rsa2048,4,24,0.7835830328986049,2026-04-27T17:27:14,4580,OFF
1,rsa2048,4,25,0.7801249739713967,2026-04-27T17:27:14,4580,OFF
1,rsa2048,4,26,0.781790993642062,2026-04-27T17:27:14,4580,OFF
1,rsa2048,4,27,0.7741670124232769,2026-04-27T17:27:14,4580,OFF
1,rsa2048,4,28,0.7254169904626906,2026-04-27T17:27:14,4580,OFF
1,rsa2048,4,29,0.7265000022016466,2026-04-27T17:27:14,4580,OFF
1,rsa2048,4,30,0.7280000136233866,2026-04-27T17:27:14,4580,OFF
1,rsa2048,4,31,0.7262089638970792,2026-04-27T17:27:14,4580,OFF
1,rsa2048,4,32,0.7258750265464187,2026-04-27T17:27:14,4580,OFF
1,rsa2048,4,33,0.7251669885590672,2026-04-27T17:27:14,4580,OFF
1,rsa2048,4,34,0.7243329891934991,2026-04-27T17:27:14,4580,OFF
1,rsa2048,4,35,0.7254580268636346,2026-04-27T17:27:14,4580,OFF
1,rsa2048,4,36,0.7415830041281879,2026-04-27T17:27:14,4580,OFF
1,rsa2048,4,37,0.7244579610414803,2026-04-27T17:27:14,4580,OFF
1,rsa2048,4,38,0.7406249642372131,2026-04-27T17:27:14,4580,OFF
1,rsa2048,4,39,0.726125028450042,2026-04-27T17:27:14,4580,OFF
1,rsa2048,4,40,0.7205419824458659,2026-04-27T17:27:14,4580,OFF
1,rsa2048,4,41,0.7250829949043691,2026-04-27T17:27:14,4580,OFF
1,rsa2048,4,42,0.7159580127336085,2026-04-27T17:27:14,4580,OFF
1,rsa2048,4,43,0.7267080363817513,2026-04-27T17:27:14,4580,OFF
1,rsa2048,4,44,0.7200419786386192,2026-04-27T17:27:14,4580,OFF
1,rsa2048,4,45,0.8752919966354966,2026-04-27T17:27:14,4580,OFF
1,rsa2048,4,46,0.7168329902924597,2026-04-27T17:27:14,4580,OFF
1,rsa2048,4,47,0.7240420090965927,2026-04-27T17:27:14,4580,OFF
1,rsa2048,4,48,0.7256669923663139,2026-04-27T17:27:14,4580,OFF
1,rsa2048,4,49,0.7381670293398201,2026-04-27T17:27:14,4580,OFF
1,rsa2048,4,50,0.7243329891934991,2026-04-27T17:27:14,4580,OFF
1,rsa2048,4,51,0.721417018212378,2026-04-27T17:27:14,4580,OFF
1,rsa2048,4,52,0.7240420090965927,2026-04-27T17:27:14,4580,OFF
1,rsa2048,4,53,0.7197089726105332,2026-04-27T17:27:14,4580,OFF
1,rsa2048,4,54,0.7240829872898757,2026-04-27T17:27:14,4580,OFF
1,rsa2048,4,55,0.7257499964907765,2026-04-27T17:27:14,4580,OFF
1,rsa2048,4,56,0.7222499698400497,2026-04-27T17:27:14,4580,OFF
1,rsa2048,4,57,0.7946250261738896,2026-04-27T17:27:14,4580,OFF
1,rsa2048,4,58,0.8591659716330469,2026-04-27T17:27:14,4580,OFF
1,rsa2048,4,59,0.8040840039029717,2026-04-27T17:27:14,4580,OFF
1,rsa2048,4,60,0.9188340045511723,2026-04-27T17:27:14,4580,OFF
1,rsa2048,4,61,0.793083047028631,2026-04-27T17:27:14,4580,OFF
1,rsa2048,4,62,0.7755419937893748,2026-04-27T17:27:14,4580,OFF
1,rsa2048,4,63,0.7115419721230865,2026-04-27T17:27:14,4580,OFF
1,rsa2048,4,64,0.7239170372486115,2026-04-27T17:27:14,4580,OFF
1,rsa2048,4,65,0.7142079994082451,2026-04-27T17:27:14,4580,OFF
1,rsa2048,4,66,0.7133340113796294,2026-04-27T17:27:14,4580,OFF
1,rsa2048,4,67,0.7111250306479633,2026-04-27T17:27:14,4580,OFF
1,rsa2048,4,68,0.7037090254016221,2026-04-27T17:27:14,4580,OFF
1,rsa2048,4,69,0.7228750037029386,2026-04-27T17:27:14,4580,OFF
1,rsa2048,4,70,0.7241249550133944,2026-04-27T17:27:14,4580,OFF
1,rsa2048,4,71,0.7176670478656888,2026-04-27T17:27:14,4580,OFF
1,rsa2048,4,72,0.7070419960655272,2026-04-27T17:27:14,4580,OFF
1,rsa2048,4,73,0.7240420090965927,2026-04-27T17:27:14,4580,OFF
1,rsa2048,4,74,0.723250035662204,2026-04-27T17:27:14,4580,OFF
1,rsa2048,4,75,0.698957999702543,2026-04-27T17:27:14,4580,OFF
1,rsa2048,4,76,0.6999159813858569,2026-04-27T17:27:14,4580,OFF
1,rsa2048,4,77,0.8568330085836351,2026-04-27T17:27:14,4580,OFF
1,rsa2048,4,78,0.7031250279396772,2026-04-27T17:27:14,4580,OFF
1,rsa2048,4,79,0.7001250050961971,2026-04-27T17:27:14,4580,OFF
1,rsa2048,4,80,0.7094999891705811,2026-04-27T17:27:14,4580,OFF
1,rsa2048,4,81,0.6952089606784284,2026-04-27T17:27:14,4580,OFF
1,rsa2048,4,82,0.6965840002521873,2026-04-27T17:27:14,4580,OFF
1,rsa2048,4,83,0.7001250050961971,2026-04-27T17:27:14,4580,OFF
1,rsa2048,4,84,0.7385420030914247,2026-04-27T17:27:14,4580,OFF
1,rsa2048,4,85,0.7767080096527934,2026-04-27T17:27:14,4580,OFF
1,rsa2048,4,86,0.7582910475321114,2026-04-27T17:27:14,4580,OFF
1,rsa2048,4,87,0.7336669950746,2026-04-27T17:27:14,4580,OFF
1,rsa2048,4,88,0.7265830063261092,2026-04-27T17:27:14,4580,OFF
1,rsa2048,4,89,0.7275830139406025,2026-04-27T17:27:14,4580,OFF
1,rsa2048,4,90,0.7249999907799065,2026-04-27T17:27:14,4580,OFF
1,rsa2048,4,91,0.7293749949894845,2026-04-27T17:27:14,4580,OFF
1,rsa2048,4,92,0.7282079895958304,2026-04-27T17:27:14,4580,OFF
1,rsa2048,4,93,0.6946250214241445,2026-04-27T17:27:14,4580,OFF
1,rsa2048,4,94,0.705457990989089,2026-04-27T17:27:14,4580,OFF
1,rsa2048,4,95,0.7388339727185667,2026-04-27T17:27:14,4580,OFF
1,rsa2048,4,96,0.71779201971367,2026-04-27T17:27:14,4580,OFF
1,rsa2048,4,97,0.7267920300364494,2026-04-27T17:27:14,4580,OFF
1,rsa2048,4,98,0.7242090068757534,2026-04-27T17:27:14,4580,OFF
1,rsa2048,4,99,0.7591670146211982,2026-04-27T17:27:14,4580,OFF
1,rsa2048,4,100,0.7364579942077398,2026-04-27T17:27:14,4580,OFF
1,rsa2048,4,101,0.7379159796983004,2026-04-27T17:27:14,4580,OFF
1,rsa2048,4,102,0.7582500111311674,2026-04-27T17:27:14,4580,OFF
1,rsa2048,4,103,0.7323339814320207,2026-04-27T17:27:14,4580,OFF
1,rsa2048,4,104,0.7294169627130032,2026-04-27T17:27:14,4580,OFF
1,rsa2048,4,105,0.7274160161614418,2026-04-27T17:27:14,4580,OFF
1,rsa2048,4,106,0.7259999983943999,2026-04-27T17:27:14,4580,OFF
1,rsa2048,4,107,0.7812919793650508,2026-04-27T17:27:14,4580,OFF
1,rsa2048,4,108,0.7597500225529075,2026-04-27T17:27:14,4580,OFF
1,rsa2048,4,109,0.989624997600913,2026-04-27T17:27:14,4580,OFF
1,rsa2048,4,110,0.74487499659881,2026-04-27T17:27:14,4580,OFF
1,rsa2048,4,111,0.7523749954998493,2026-04-27T17:27:14,4580,OFF
1,rsa2048,4,112,0.7360840099863708,2026-04-27T17:27:14,4580,OFF
1,rsa2048,4,113,0.7653750362806022,2026-04-27T17:27:14,4580,OFF
1,rsa2048,4,114,0.7275000098161399,2026-04-27T17:27:14,4580,OFF
1,rsa2048,4,115,0.7288749911822379,2026-04-27T17:27:14,4580,OFF
1,rsa2048,4,116,0.7252499926835299,2026-04-27T17:27:14,4580,OFF
1,rsa2048,4,117,0.7171670440584421,2026-04-27T17:27:14,4580,OFF
1,rsa2048,4,118,0.7236250094138086,2026-04-27T17:27:14,4580,OFF
1,rsa2048,4,119,0.7544580148532987,2026-04-27T17:27:14,4580,OFF
1,rsa2048,4,120,0.74487499659881,2026-04-27T17:27:14,4580,OFF
1,rsa2048,4,121,0.7213749922811985,2026-04-27T17:27:14,4580,OFF
1,rsa2048,4,122,0.7272500079125166,2026-04-27T17:27:14,4580,OFF
1,rsa2048,4,123,0.7235829834826291,2026-04-27T17:27:14,4580,OFF
1,rsa2048,4,124,0.7219170220196247,2026-04-27T17:27:14,4580,OFF
1,rsa2048,4,125,0.7269590278156102,2026-04-27T17:27:14,4580,OFF
1,rsa2048,4,126,0.7591659668833017,2026-04-27T17:27:14,4580,OFF
1,rsa2048,4,127,0.7234169752337039,2026-04-27T17:27:14,4580,OFF
1,rsa2048,4,128,0.6996250012889504,2026-04-27T17:27:14,4580,OFF
1,rsa2048,4,129,0.7008750108070672,2026-04-27T17:27:14,4580,OFF
1,rsa2048,4,130,0.7005839725024998,2026-04-27T17:27:14,4580,OFF
1,rsa2048,4,131,0.6977500161156058,2026-04-27T17:27:14,4580,OFF
1,rsa2048,4,132,0.6997909513302147,2026-04-27T17:27:14,4580,OFF
1,rsa2048,4,133,0.7024580263532698,2026-04-27T17:27:14,4580,OFF
1,rsa2048,4,134,0.7020829943940043,2026-04-27T17:27:14,4580,OFF
1,rsa2048,4,135,0.714167021214962,2026-04-27T17:27:14,4580,OFF
1,rsa2048,4,136,0.7042909855954349,2026-04-27T17:27:14,4580,OFF
1,rsa2048,4,137,0.736583024263382,2026-04-27T17:27:14,4580,OFF
1,rsa2048,4,138,0.7367079961113632,2026-04-27T17:27:14,4580,OFF
1,rsa2048,4,139,0.7259580306708813,2026-04-27T17:27:14,4580,OFF
1,rsa2048,4,140,0.723542005289346,2026-04-27T17:27:14,4580,OFF
1,rsa2048,4,141,0.8769170381128788,2026-04-27T17:27:14,4580,OFF
1,rsa2048,4,142,0.7219169638119638,2026-04-27T17:27:14,4580,OFF
1,rsa2048,4,143,0.7233340293169022,2026-04-27T17:27:14,4580,OFF
1,rsa2048,4,144,0.7219170220196247,2026-04-27T17:27:14,4580,OFF
1,rsa2048,4,145,0.7270409842021763,2026-04-27T17:27:14,4580,OFF
1,rsa2048,4,146,0.7234580116346478,2026-04-27T17:27:14,4580,OFF
1,rsa2048,4,147,0.7202079868875444,2026-04-27T17:27:14,4580,OFF
1,rsa2048,4,148,0.7218749960884452,2026-04-27T17:27:14,4580,OFF
1,rsa2048,4,149,0.7216669619083405,2026-04-27T17:27:14,4580,OFF
1,rsa2048,4,150,0.7216660305857658,2026-04-27T17:27:14,4580,OFF
1,rsa2048,4,151,0.7331249653361738,2026-04-27T17:27:14,4580,OFF
1,rsa2048,4,152,0.7111660088412464,2026-04-27T17:27:14,4580,OFF
1,rsa2048,4,153,0.7207079906947911,2026-04-27T17:27:14,4580,OFF
1,rsa2048,4,154,0.7222080021165311,2026-04-27T17:27:14,4580,OFF
1,rsa2048,4,155,0.7420830079354346,2026-04-27T17:27:14,4580,OFF
1,rsa2048,4,156,0.7252499926835299,2026-04-27T17:27:14,4580,OFF
1,rsa2048,4,157,0.7645830046385527,2026-04-27T17:27:14,4580,OFF
1,rsa2048,4,158,0.7649579783901572,2026-04-27T17:27:14,4580,OFF
1,rsa2048,4,159,0.7872499991208315,2026-04-27T17:27:14,4580,OFF
1,rsa2048,4,160,0.7414169958792627,2026-04-27T17:27:14,4580,OFF
1,rsa2048,4,161,0.72245899355039,2026-04-27T17:27:14,4580,OFF
1,rsa2048,4,162,0.7283340091817081,2026-04-27T17:27:14,4580,OFF
1,rsa2048,4,163,0.7090420112945139,2026-04-27T17:27:14,4580,OFF
1,rsa2048,4,164,0.7006659870967269,2026-04-27T17:27:14,4580,OFF
1,rsa2048,4,165,0.7100829971022904,2026-04-27T17:27:14,4580,OFF
1,rsa2048,4,166,0.7125829579308629,2026-04-27T17:27:14,4580,OFF
1,rsa2048,4,167,0.7191249751485884,2026-04-27T17:27:14,4580,OFF
1,rsa2048,4,168,0.7252089562825859,2026-04-27T17:27:14,4580,OFF
1,rsa2048,4,169,0.7200000109151006,2026-04-27T17:27:14,4580,OFF
1,rsa2048,4,170,0.7394999847747386,2026-04-27T17:27:14,4580,OFF
1,rsa2048,4,171,0.7226250017993152,2026-04-27T17:27:14,4580,OFF
1,rsa2048,4,172,0.7113749743439257,2026-04-27T17:27:14,4580,OFF
1,rsa2048,4,173,0.9735829662531614,2026-04-27T17:27:14,4580,OFF
1,rsa2048,4,174,0.7185410358943045,2026-04-27T17:27:14,4580,OFF
1,rsa2048,4,175,0.7207920425571501,2026-04-27T17:27:14,4580,OFF
1,rsa2048,4,176,0.7253749645315111,2026-04-27T17:27:14,4580,OFF
1,rsa2048,4,177,0.7223330321721733,2026-04-27T17:27:14,4580,OFF
1,rsa2048,4,178,0.7415420259349048,2026-04-27T17:27:14,4580,OFF
1,rsa2048,4,179,0.7224169676192105,2026-04-27T17:27:14,4580,OFF
1,rsa2048,4,180,0.7143340189941227,2026-04-27T17:27:14,4580,OFF
1,rsa2048,4,181,0.7047089748084545,2026-04-27T17:27:14,4580,OFF
1,rsa2048,4,182,0.697834009770304,2026-04-27T17:27:14,4580,OFF
1,rsa2048,4,183,0.7359170122072101,2026-04-27T17:27:14,4580,OFF
1,rsa2048,4,184,0.7237909594550729,2026-04-27T17:27:14,4580,OFF
1,rsa2048,4,185,0.7191249751485884,2026-04-27T17:27:14,4580,OFF
1,rsa2048,4,186,0.7225419976748526,2026-04-27T17:27:14,4580,OFF
1,rsa2048,4,187,0.7232910138554871,2026-04-27T17:27:14,4580,OFF
1,rsa2048,4,188,0.7234159857034683,2026-04-27T17:27:14,4580,OFF
1,rsa2048,4,189,0.7234580116346478,2026-04-27T17:27:14,4580,OFF
1,rsa2048,4,190,0.7216670201160014,2026-04-27T17:27:14,4580,OFF
1,rsa2048,4,191,0.7819580496288836,2026-04-27T17:27:14,4580,OFF
1,rsa2048,4,192,0.7335830014199018,2026-04-27T17:27:14,4580,OFF
1,rsa2048,4,193,0.7282919832505286,2026-04-27T17:27:14,4580,OFF
1,rsa2048,4,194,0.7289170171134174,2026-04-27T17:27:14,4580,OFF
1,rsa2048,4,195,0.7100000511854887,2026-04-27T17:27:14,4580,OFF
1,rsa2048,4,196,0.7184580317698419,2026-04-27T17:27:14,4580,OFF
1,rsa2048,4,197,0.721791002433747,2026-04-27T17:27:14,4580,OFF
1,rsa2048,4,198,0.7189590251073241,2026-04-27T17:27:14,4580,OFF
1,rsa2048,4,199,0.7106659468263388,2026-04-27T17:27:14,4580,OFF
1,rsa2048,4,200,0.7219580002129078,2026-04-27T17:27:14,4580,OFF
1,rsa2048,4,201,0.7219170220196247,2026-04-27T17:27:14,4580,OFF
1,rsa2048,4,202,0.7088330457918346,2026-04-27T17:27:14,4580,OFF
1,rsa2048,4,203,0.7160839741118252,2026-04-27T17:27:14,4580,OFF
1,rsa2048,4,204,0.7324590114876628,2026-04-27T17:27:14,4580,OFF
1,rsa2048,4,205,0.8774999878369272,2026-04-27T17:27:14,4580,OFF
1,rsa2048,4,206,0.719207979273051,2026-04-27T17:27:14,4580,OFF
1,rsa2048,4,207,0.7660840055905282,2026-04-27T17:27:14,4580,OFF
1,rsa2048,4,208,0.74712501373142,2026-04-27T17:27:14,4580,OFF
1,rsa2048,4,209,0.9021249716170132,2026-04-27T17:27:14,4580,OFF
1,rsa2048,4,210,0.7856670417822897,2026-04-27T17:27:14,4580,OFF
1,rsa2048,4,211,0.7266669999808073,2026-04-27T17:27:14,4580,OFF
1,rsa2048,4,212,0.7190000033006072,2026-04-27T17:27:14,4580,OFF
1,rsa2048,4,213,0.7580000092275441,2026-04-27T17:27:14,4580,OFF
1,rsa2048,4,214,0.7196670048870146,2026-04-27T17:27:14,4580,OFF
1,rsa2048,4,215,0.7211250485852361,2026-04-27T17:27:14,4580,OFF
1,rsa2048,4,216,0.7318749558180571,2026-04-27T17:27:14,4580,OFF
1,rsa2048,4,217,0.6957500008866191,2026-04-27T17:27:14,4580,OFF
1,rsa2048,4,218,0.6973750423640013,2026-04-27T17:27:14,4580,OFF
1,rsa2048,4,219,0.7284999592229724,2026-04-27T17:27:14,4580,OFF
1,rsa2048,4,220,0.7175409700721502,2026-04-27T17:27:14,4580,OFF
1,rsa2048,4,221,0.718125025741756,2026-04-27T17:27:14,4580,OFF
1,rsa2048,4,222,0.710833992343396,2026-04-27T17:27:14,4580,OFF
1,rsa2048,4,223,0.7216670201160014,2026-04-27T17:27:14,4580,OFF
1,rsa2048,4,224,0.7214999641291797,2026-04-27T17:27:14,4580,OFF
1,rsa2048,4,225,0.719540985301137,2026-04-27T17:27:14,4580,OFF
1,rsa2048,4,226,0.7816250436007977,2026-04-27T17:27:14,4580,OFF
1,rsa2048,4,227,0.7171250181272626,2026-04-27T17:27:14,4580,OFF
1,rsa2048,4,228,0.7236250094138086,2026-04-27T17:27:14,4580,OFF
1,rsa2048,4,229,0.7326249615289271,2026-04-27T17:27:14,4580,OFF
1,rsa2048,4,230,0.7209590403363109,2026-04-27T17:27:14,4580,OFF
1,rsa2048,4,231,0.7171250181272626,2026-04-27T17:27:14,4580,OFF
1,rsa2048,4,232,0.720667012501508,2026-04-27T17:27:14,4580,OFF
1,rsa2048,4,233,0.7209579925984144,2026-04-27T17:27:14,4580,OFF
1,rsa2048,4,234,0.7179169915616512,2026-04-27T17:27:14,4580,OFF
1,rsa2048,4,235,0.6979999598115683,2026-04-27T17:27:14,4580,OFF
1,rsa2048,4,236,0.7045830134302378,2026-04-27T17:27:14,4580,OFF
1,rsa2048,4,237,0.8849169826135039,2026-04-27T17:27:14,4580,OFF
1,rsa2048,4,238,0.7236250094138086,2026-04-27T17:27:14,4580,OFF
1,rsa2048,4,239,0.7141249952837825,2026-04-27T17:27:14,4580,OFF
1,rsa2048,4,240,0.720334006473422,2026-04-27T17:27:14,4580,OFF
1,rsa2048,4,241,0.7299580029211938,2026-04-27T17:27:14,4580,OFF
1,rsa2048,4,242,0.7210419862531126,2026-04-27T17:27:14,4580,OFF
1,rsa2048,4,243,0.697124982252717,2026-04-27T17:27:14,4580,OFF
1,rsa2048,4,244,0.7417500019073486,2026-04-27T17:27:14,4580,OFF
1,rsa2048,4,245,0.7222920539788902,2026-04-27T17:27:14,4580,OFF
1,rsa2048,4,246,0.7207079906947911,2026-04-27T17:27:14,4580,OFF
1,rsa2048,4,247,0.7192500052042305,2026-04-27T17:27:14,4580,OFF
1,rsa2048,4,248,0.7196660153567791,2026-04-27T17:27:14,4580,OFF
1,rsa2048,4,249,0.7103339885361493,2026-04-27T17:27:14,4580,OFF
1,rsa2048,4,250,0.7205840083770454,2026-04-27T17:27:14,4580,OFF
1,rsa2048,4,251,0.725333986338228,2026-04-27T17:27:14,4580,OFF
1,rsa2048,4,252,0.7213749922811985,2026-04-27T17:27:14,4580,OFF
1,rsa2048,4,253,0.7048749830573797,2026-04-27T17:27:14,4580,OFF
1,rsa2048,4,254,0.7107910350896418,2026-04-27T17:27:14,4580,OFF
1,rsa2048,4,255,0.7157920044846833,2026-04-27T17:27:14,4580,OFF
1,rsa2048,4,256,0.7185839931480587,2026-04-27T17:27:14,4580,OFF
1,rsa2048,4,257,0.7669170154258609,2026-04-27T17:27:14,4580,OFF
1,rsa2048,4,258,0.7537910132668912,2026-04-27T17:27:14,4580,OFF
1,rsa2048,4,259,0.7574579794891179,2026-04-27T17:27:14,4580,OFF
1,rsa2048,4,260,0.7743749883957207,2026-04-27T17:27:14,4580,OFF
1,rsa2048,4,261,0.7317090057767928,2026-04-27T17:27:14,4580,OFF
1,rsa2048,4,262,0.8707080269232392,2026-04-27T17:27:14,4580,OFF
1,rsa2048,4,263,0.7575829513370991,2026-04-27T17:27:14,4580,OFF
1,rsa2048,4,264,0.753584026824683,2026-04-27T17:27:14,4580,OFF
1,rsa2048,4,265,0.732625019736588,2026-04-27T17:27:14,4580,OFF
1,rsa2048,4,266,0.7348750368691981,2026-04-27T17:27:14,4580,OFF
1,rsa2048,4,267,0.718833995051682,2026-04-27T17:27:14,4580,OFF
1,rsa2048,4,268,0.7092499872669578,2026-04-27T17:27:14,4580,OFF
1,rsa2048,4,269,0.9062080061994493,2026-04-27T17:27:14,4580,OFF
1,rsa2048,4,270,0.7102499948814511,2026-04-27T17:27:14,4580,OFF
1,rsa2048,4,271,0.700709002558142,2026-04-27T17:27:14,4580,OFF
1,rsa2048,4,272,0.7392920088022947,2026-04-27T17:27:14,4580,OFF
1,rsa2048,4,273,0.7425420335493982,2026-04-27T17:27:14,4580,OFF
1,rsa2048,4,274,0.7272500079125166,2026-04-27T17:27:14,4580,OFF
1,rsa2048,4,275,0.7261249702423811,2026-04-27T17:27:14,4580,OFF
1,rsa2048,4,276,0.7275419775396585,2026-04-27T17:27:14,4580,OFF
1,rsa2048,4,277,0.7208749884739518,2026-04-27T17:27:14,4580,OFF
1,rsa2048,4,278,0.7183330017141998,2026-04-27T17:27:14,4580,OFF
1,rsa2048,4,279,0.7394590065814555,2026-04-27T17:27:14,4580,OFF
1,rsa2048,4,280,0.7272090297192335,2026-04-27T17:27:14,4580,OFF
1,rsa2048,4,281,0.7235410157591105,2026-04-27T17:27:14,4580,OFF
1,rsa2048,4,282,0.7236670353449881,2026-04-27T17:27:14,4580,OFF
1,rsa2048,4,283,0.7255829987116158,2026-04-27T17:27:14,4580,OFF
1,rsa2048,4,284,0.7265410386025906,2026-04-27T17:27:14,4580,OFF
1,rsa2048,4,285,0.7257910328917205,2026-04-27T17:27:14,4580,OFF
1,rsa2048,4,286,0.722082972060889,2026-04-27T17:27:14,4580,OFF
1,rsa2048,4,287,0.719584000762552,2026-04-27T17:27:14,4580,OFF
1,rsa2048,4,288,0.7214590441435575,2026-04-27T17:27:14,4580,OFF
1,rsa2048,4,289,0.7222500280477107,2026-04-27T17:27:14,4580,OFF
1,rsa2048,4,290,0.7187080336734653,2026-04-27T17:27:14,4580,OFF
1,rsa2048,4,291,0.7215839577838778,2026-04-27T17:27:14,4580,OFF
1,rsa2048,4,292,0.7193339988589287,2026-04-27T17:27:14,4580,OFF
1,rsa2048,4,293,0.7216249941848218,2026-04-27T17:27:14,4580,OFF
1,rsa2048,4,294,0.7337079732678831,2026-04-27T17:27:14,4580,OFF
1,rsa2048,4,295,0.7215419900603592,2026-04-27T17:27:14,4580,OFF
1,rsa2048,4,296,0.7156670326367021,2026-04-27T17:27:14,4580,OFF
1,rsa2048,4,297,0.7410420221276581,2026-04-27T17:27:14,4580,OFF
1,rsa2048,4,298,0.7297919946722686,2026-04-27T17:27:14,4580,OFF
1,rsa2048,4,299,0.7265829481184483,2026-04-27T17:27:14,4580,OFF
1,rsa2048,4,300,0.7237910176627338,2026-04-27T17:27:14,4580,OFF
1,rsa2048,4,301,0.877374957781285,2026-04-27T17:27:14,4580,OFF
1,rsa2048,4,302,0.723250035662204,2026-04-27T17:27:14,4580,OFF
1,rsa2048,4,303,0.7219999679364264,2026-04-27T17:27:14,4580,OFF
1,rsa2048,4,304,0.7206250447779894,2026-04-27T17:27:14,4580,OFF
1,rsa2048,4,305,0.7238329853862524,2026-04-27T17:27:14,4580,OFF
1,rsa2048,4,306,0.7220000261440873,2026-04-27T17:27:14,4580,OFF
1,rsa2048,4,307,0.8079580147750676,2026-04-27T17:27:14,4580,OFF
1,rsa2048,4,308,0.7288330234587193,2026-04-27T17:27:14,4580,OFF
1,rsa2048,4,309,0.7375419954769313,2026-04-27T17:27:14,4580,OFF
1,rsa2048,4,310,0.7315000402741134,2026-04-27T17:27:14,4580,OFF
1,rsa2048,4,311,0.7228750037029386,2026-04-27T17:27:14,4580,OFF
1,rsa2048,4,312,0.7253340445458889,2026-04-27T17:27:14,4580,OFF
1,rsa2048,4,313,0.726833997759968,2026-04-27T17:27:14,4580,OFF
1,rsa2048,4,314,0.7515000179409981,2026-04-27T17:27:14,4580,OFF
1,rsa2048,4,315,0.7494579767808318,2026-04-27T17:27:14,4580,OFF
1,rsa2048,4,316,0.7555839838460088,2026-04-27T17:27:14,4580,OFF
1,rsa2048,4,317,0.8178750285878778,2026-04-27T17:27:14,4580,OFF
1,rsa2048,4,318,0.7171659963205457,2026-04-27T17:27:14,4580,OFF
1,rsa2048,4,319,0.7500420324504375,2026-04-27T17:27:14,4580,OFF
1,rsa2048,4,320,0.720290991012007,2026-04-27T17:27:14,4580,OFF
1,rsa2048,4,321,0.7277079857885838,2026-04-27T17:27:14,4580,OFF
1,rsa2048,4,322,0.7292499649338424,2026-04-27T17:27:14,4580,OFF
1,rsa2048,4,323,0.712667009793222,2026-04-27T17:27:14,4580,OFF
1,rsa2048,4,324,0.699666969012469,2026-04-27T17:27:14,4580,OFF
1,rsa2048,4,325,0.7231250056065619,2026-04-27T17:27:14,4580,OFF
1,rsa2048,4,326,0.7354579865932465,2026-04-27T17:27:14,4580,OFF
1,rsa2048,4,327,0.7285409956239164,2026-04-27T17:27:14,4580,OFF
1,rsa2048,4,328,0.7178329979069531,2026-04-27T17:27:14,4580,OFF
1,rsa2048,4,329,0.7213330245576799,2026-04-27T17:27:14,4580,OFF
1,rsa2048,4,330,0.7227080059237778,2026-04-27T17:27:14,4580,OFF
1,rsa2048,4,331,0.7213749922811985,2026-04-27T17:27:14,4580,OFF
1,rsa2048,4,332,0.7134169572964311,2026-04-27T17:27:14,4580,OFF
1,rsa2048,4,333,1.0302499867975712,2026-04-27T17:27:14,4580,OFF
1,rsa2048,4,334,0.7421250338666141,2026-04-27T17:27:14,4580,OFF
1,rsa2048,4,335,0.7350840023718774,2026-04-27T17:27:14,4580,OFF
1,rsa2048,4,336,0.7301250007003546,2026-04-27T17:27:14,4580,OFF
1,rsa2048,4,337,0.7242499850690365,2026-04-27T17:27:14,4580,OFF
1,rsa2048,4,338,0.7203749846667051,2026-04-27T17:27:14,4580,OFF
1,rsa2048,4,339,0.7270419737324119,2026-04-27T17:27:14,4580,OFF
1,rsa2048,4,340,0.7080829818733037,2026-04-27T17:27:14,4580,OFF
1,rsa2048,4,341,0.7028750260360539,2026-04-27T17:27:14,4580,OFF
1,rsa2048,4,342,0.6998329772613943,2026-04-27T17:27:14,4580,OFF
1,rsa2048,4,343,0.7169159944169223,2026-04-27T17:27:14,4580,OFF
1,rsa2048,4,344,0.715250032953918,2026-04-27T17:27:14,4580,OFF
1,rsa2048,4,345,0.72358304169029,2026-04-27T17:27:14,4580,OFF
1,rsa2048,4,346,0.718875031452626,2026-04-27T17:27:14,4580,OFF
1,rsa2048,4,347,0.7218339596875012,2026-04-27T17:27:14,4580,OFF
1,rsa2048,4,348,0.7229169714264572,2026-04-27T17:27:14,4580,OFF
1,rsa2048,4,349,0.7257909746840596,2026-04-27T17:27:14,4580,OFF
1,rsa2048,4,350,0.7124589756131172,2026-04-27T17:27:14,4580,OFF
1,rsa2048,4,351,0.7046659593470395,2026-04-27T17:27:14,4580,OFF
1,rsa2048,4,352,0.7127919816412032,2026-04-27T17:27:14,4580,OFF
1,rsa2048,4,353,0.7096669869497418,2026-04-27T17:27:14,4580,OFF
1,rsa2048,4,354,0.6992080016061664,2026-04-27T17:27:14,4580,OFF
1,rsa2048,4,355,0.6976669537834823,2026-04-27T17:27:14,4580,OFF
1,rsa2048,4,356,0.6965419743210077,2026-04-27T17:27:14,4580,OFF
1,rsa2048,4,357,0.7181669934652746,2026-04-27T17:27:14,4580,OFF
1,rsa2048,4,358,0.7319580181501806,2026-04-27T17:27:14,4580,OFF
1,rsa2048,4,359,0.7842080085538328,2026-04-27T17:27:14,4580,OFF
1,rsa2048,4,360,0.7135419873520732,2026-04-27T17:27:14,4580,OFF
1,rsa2048,4,361,0.702165998518467,2026-04-27T17:27:14,4580,OFF
1,rsa2048,4,362,0.7031660061329603,2026-04-27T17:27:14,4580,OFF
1,rsa2048,4,363,0.6991249974817038,2026-04-27T17:27:14,4580,OFF
1,rsa2048,4,364,0.6972080445848405,2026-04-27T17:27:14,4580,OFF
1,rsa2048,4,365,0.8850829908624291,2026-04-27T17:27:14,4580,OFF
1,rsa2048,4,366,0.7024169899523258,2026-04-27T17:27:14,4580,OFF
1,rsa2048,4,367,0.702250050380826,2026-04-27T17:27:14,4580,OFF
1,rsa2048,4,368,1.9868339877575636,2026-04-27T17:27:14,4580,OFF
1,rsa2048,4,369,0.7288749911822379,2026-04-27T17:27:14,4580,OFF
1,rsa2048,4,370,0.7269579800777137,2026-04-27T17:27:14,4580,OFF
1,rsa2048,4,371,0.7184169953688979,2026-04-27T17:27:14,4580,OFF
1,rsa2048,4,372,0.7229589973576367,2026-04-27T17:27:14,4580,OFF
1,rsa2048,4,373,0.7237080135382712,2026-04-27T17:27:14,4580,OFF
1,rsa2048,4,374,0.7218340178951621,2026-04-27T17:27:14,4580,OFF
1,rsa2048,4,375,0.7233340293169022,2026-04-27T17:27:14,4580,OFF
1,rsa2048,4,376,0.6984160281717777,2026-04-27T17:27:14,4580,OFF
1,rsa2048,4,377,0.6984579958952963,2026-04-27T17:27:14,4580,OFF
1,rsa2048,4,378,0.7445000228472054,2026-04-27T17:27:14,4580,OFF
1,rsa2048,4,379,0.7211670163087547,2026-04-27T17:27:14,4580,OFF
1,rsa2048,4,380,0.7212919881567359,2026-04-27T17:27:14,4580,OFF
1,rsa2048,4,381,0.7193750352598727,2026-04-27T17:27:14,4580,OFF
1,rsa2048,4,382,0.7227080059237778,2026-04-27T17:27:14,4580,OFF
1,rsa2048,4,383,0.7126249838620424,2026-04-27T17:27:14,4580,OFF
1,rsa2048,4,384,0.722791999578476,2026-04-27T17:27:14,4580,OFF
1,rsa2048,4,385,0.7422919734381139,2026-04-27T17:27:14,4580,OFF
1,rsa2048,4,386,0.7212500204332173,2026-04-27T17:27:14,4580,OFF
1,rsa2048,4,387,0.7237080135382712,2026-04-27T17:27:14,4580,OFF
1,rsa2048,4,388,0.720582960639149,2026-04-27T17:27:14,4580,OFF
1,rsa2048,4,389,0.7233329815790057,2026-04-27T17:27:14,4580,OFF
1,rsa2048,4,390,0.7292919908650219,2026-04-27T17:27:14,4580,OFF
1,rsa2048,4,391,0.7213330245576799,2026-04-27T17:27:14,4580,OFF
1,rsa2048,4,392,0.7209169561974704,2026-04-27T17:27:14,4580,OFF
1,rsa2048,4,393,0.7313329842872918,2026-04-27T17:27:14,4580,OFF
1,rsa2048,4,394,0.7209579925984144,2026-04-27T17:27:14,4580,OFF
1,rsa2048,4,395,0.7208340102806687,2026-04-27T17:27:14,4580,OFF
1,rsa2048,4,396,0.7335419650189579,2026-04-27T17:27:14,4580,OFF
1,rsa2048,4,397,0.8787499973550439,2026-04-27T17:27:14,4580,OFF
1,rsa2048,4,398,0.7143340189941227,2026-04-27T17:27:14,4580,OFF
1,rsa2048,4,399,0.721040996722877,2026-04-27T17:27:14,4580,OFF
1,rsa2048,4,400,0.7191250333562493,2026-04-27T17:27:14,4580,OFF
1,rsa2048,4,401,0.7224580040201545,2026-04-27T17:27:14,4580,OFF
1,rsa2048,4,402,0.721332966350019,2026-04-27T17:27:14,4580,OFF
1,rsa2048,4,403,0.7511670119129121,2026-04-27T17:27:14,4580,OFF
1,rsa2048,4,404,0.7292919908650219,2026-04-27T17:27:14,4580,OFF
1,rsa2048,4,405,0.7263330044224858,2026-04-27T17:27:14,4580,OFF
1,rsa2048,4,406,0.7245000451803207,2026-04-27T17:27:14,4580,OFF
1,rsa2048,4,407,0.7926250109449029,2026-04-27T17:27:14,4580,OFF
1,rsa2048,4,408,0.7131249876692891,2026-04-27T17:27:14,4580,OFF
1,rsa2048,4,409,0.748541031498462,2026-04-27T17:27:14,4580,OFF
1,rsa2048,4,410,0.7220419938676059,2026-04-27T17:27:14,4580,OFF
1,rsa2048,4,411,0.7190830074250698,2026-04-27T17:27:14,4580,OFF
1,rsa2048,4,412,0.7234999793581665,2026-04-27T17:27:14,4580,OFF
1,rsa2048,4,413,0.7224170258268714,2026-04-27T17:27:14,4580,OFF
1,rsa2048,4,414,0.7857079617679119,2026-04-27T17:27:14,4580,OFF
1,rsa2048,4,415,0.7341660093516111,2026-04-27T17:27:14,4580,OFF
1,rsa2048,4,416,0.7444579969160259,2026-04-27T17:27:14,4580,OFF
1,rsa2048,4,417,0.7349589723162353,2026-04-27T17:27:14,4580,OFF
1,rsa2048,4,418,0.731165986508131,2026-04-27T17:27:14,4580,OFF
1,rsa2048,4,419,0.7209160248748958,2026-04-27T17:27:14,4580,OFF
1,rsa2048,4,420,0.7212090422399342,2026-04-27T17:27:14,4580,OFF
1,rsa2048,4,421,0.7649590261280537,2026-04-27T17:27:14,4580,OFF
1,rsa2048,4,422,0.7462089997716248,2026-04-27T17:27:14,4580,OFF
1,rsa2048,4,423,0.7921250071376562,2026-04-27T17:27:14,4580,OFF
1,rsa2048,4,424,0.7406669901683927,2026-04-27T17:27:14,4580,OFF
1,rsa2048,4,425,0.7241659914143384,2026-04-27T17:27:14,4580,OFF
1,rsa2048,4,426,0.7285420433618128,2026-04-27T17:27:14,4580,OFF
1,rsa2048,4,427,0.725375022739172,2026-04-27T17:27:14,4580,OFF
1,rsa2048,4,428,0.7276249816641212,2026-04-27T17:27:14,4580,OFF
1,rsa2048,4,429,0.8650410454720259,2026-04-27T17:27:14,4580,OFF
1,rsa2048,4,430,0.702916004229337,2026-04-27T17:27:14,4580,OFF
1,rsa2048,4,431,0.7565830019302666,2026-04-27T17:27:14,4580,OFF
1,rsa2048,4,432,0.7236250094138086,2026-04-27T17:27:14,4580,OFF
1,rsa2048,4,433,0.7276670075953007,2026-04-27T17:27:14,4580,OFF
1,rsa2048,4,434,0.724624958820641,2026-04-27T17:27:14,4580,OFF
1,rsa2048,4,435,0.7175829960033298,2026-04-27T17:27:14,4580,OFF
1,rsa2048,4,436,0.7497919723391533,2026-04-27T17:27:14,4580,OFF
1,rsa2048,4,437,0.7231250056065619,2026-04-27T17:27:14,4580,OFF
1,rsa2048,4,438,0.7448340184055269,2026-04-27T17:27:14,4580,OFF
1,rsa2048,4,439,0.7556250202469528,2026-04-27T17:27:14,4580,OFF
1,rsa2048,4,440,0.7309169741347432,2026-04-27T17:27:14,4580,OFF
1,rsa2048,4,441,0.7405419601127505,2026-04-27T17:27:14,4580,OFF
1,rsa2048,4,442,0.7215419900603592,2026-04-27T17:27:14,4580,OFF
1,rsa2048,4,443,0.7214159704744816,2026-04-27T17:27:14,4580,OFF
1,rsa2048,4,444,0.7230829796753824,2026-04-27T17:27:14,4580,OFF
1,rsa2048,4,445,0.7216249941848218,2026-04-27T17:27:14,4580,OFF
1,rsa2048,4,446,0.719625037163496,2026-04-27T17:27:14,4580,OFF
1,rsa2048,4,447,0.6991249974817038,2026-04-27T17:27:14,4580,OFF
1,rsa2048,4,448,0.7023339858278632,2026-04-27T17:27:14,4580,OFF
1,rsa2048,4,449,0.7475840393453836,2026-04-27T17:27:14,4580,OFF
1,rsa2048,4,450,0.7224170258268714,2026-04-27T17:27:14,4580,OFF
1,rsa2048,4,451,0.7170829921960831,2026-04-27T17:27:14,4580,OFF
1,rsa2048,4,452,0.7212909986265004,2026-04-27T17:27:14,4580,OFF
1,rsa2048,4,453,0.7198750390671194,2026-04-27T17:27:14,4580,OFF
1,rsa2048,4,454,0.7206250447779894,2026-04-27T17:27:14,4580,OFF
1,rsa2048,4,455,0.7165839779190719,2026-04-27T17:27:14,4580,OFF
1,rsa2048,4,456,0.7721660076640546,2026-04-27T17:27:14,4580,OFF
1,rsa2048,4,457,0.7372090476565063,2026-04-27T17:27:14,4580,OFF
1,rsa2048,4,458,0.8474579663015902,2026-04-27T17:27:14,4580,OFF
1,rsa2048,4,459,0.7326669874601066,2026-04-27T17:27:14,4580,OFF
1,rsa2048,4,460,0.7310420041903853,2026-04-27T17:27:15,4580,OFF
1,rsa2048,4,461,0.9050830267369747,2026-04-27T17:27:15,4580,OFF
1,rsa2048,4,462,0.7943329983390868,2026-04-27T17:27:15,4580,OFF
1,rsa2048,4,463,0.755834043957293,2026-04-27T17:27:15,4580,OFF
1,rsa2048,4,464,0.7192500052042305,2026-04-27T17:27:15,4580,OFF
1,rsa2048,4,465,0.7044589729048312,2026-04-27T17:27:15,4580,OFF
1,rsa2048,4,466,0.716750044375658,2026-04-27T17:27:15,4580,OFF
1,rsa2048,4,467,0.7176669896580279,2026-04-27T17:27:15,4580,OFF
1,rsa2048,4,468,0.7247080211527646,2026-04-27T17:27:15,4580,OFF
1,rsa2048,4,469,0.7193330093286932,2026-04-27T17:27:15,4580,OFF
1,rsa2048,4,470,0.7234590011648834,2026-04-27T17:27:15,4580,OFF
1,rsa2048,4,471,0.7223749998956919,2026-04-27T17:27:15,4580,OFF
1,rsa2048,4,472,0.7259999983943999,2026-04-27T17:27:15,4580,OFF
1,rsa2048,4,473,0.7269589696079493,2026-04-27T17:27:15,4580,OFF
1,rsa2048,4,474,0.9109160164371133,2026-04-27T17:27:15,4580,OFF
1,rsa2048,4,475,0.7317080162465572,2026-04-27T17:27:15,4580,OFF
1,rsa2048,4,476,0.7296670228242874,2026-04-27T17:27:15,4580,OFF
1,rsa2048,4,477,0.7210830226540565,2026-04-27T17:27:15,4580,OFF
1,rsa2048,4,478,0.7174999918788671,2026-04-27T17:27:15,4580,OFF
1,rsa2048,4,479,0.7048330153338611,2026-04-27T17:27:15,4580,OFF
1,rsa2048,4,480,0.7274160161614418,2026-04-27T17:27:15,4580,OFF
1,rsa2048,4,481,0.7259999983943999,2026-04-27T17:27:15,4580,OFF
1,rsa2048,4,482,0.7110000005923212,2026-04-27T17:27:15,4580,OFF
1,rsa2048,4,483,0.7033330039121211,2026-04-27T17:27:15,4580,OFF
1,rsa2048,4,484,0.731542007997632,2026-04-27T17:27:15,4580,OFF
1,rsa2048,4,485,0.7310420041903853,2026-04-27T17:27:15,4580,OFF
1,rsa2048,4,486,0.7348340004682541,2026-04-27T17:27:15,4580,OFF
1,rsa2048,4,487,0.7269589696079493,2026-04-27T17:27:15,4580,OFF
1,rsa2048,4,488,0.7190000033006072,2026-04-27T17:27:15,4580,OFF
1,rsa2048,4,489,0.7257920224219561,2026-04-27T17:27:15,4580,OFF
1,rsa2048,4,490,0.7212909986265004,2026-04-27T17:27:15,4580,OFF
1,rsa2048,4,491,0.7215410005301237,2026-04-27T17:27:15,4580,OFF
1,rsa2048,4,492,0.7373749976977706,2026-04-27T17:27:15,4580,OFF
1,rsa2048,4,493,0.8778750197961926,2026-04-27T17:27:15,4580,OFF
1,rsa2048,4,494,0.7251660572364926,2026-04-27T17:27:15,4580,OFF
1,rsa2048,4,495,0.7332079694606364,2026-04-27T17:27:15,4580,OFF
1,rsa2048,4,496,0.7223329739645123,2026-04-27T17:27:15,4580,OFF
1,rsa2048,4,497,0.7192500052042305,2026-04-27T17:27:15,4580,OFF
1,rsa2048,4,498,0.7220419938676059,2026-04-27T17:27:15,4580,OFF
1,rsa2048,4,499,0.7357079884968698,2026-04-27T17:27:15,4580,OFF
1,rsa2048,4,500,0.7212079945020378,2026-04-27T17:27:15,4580,OFF
1,rsa2048,4,501,0.7120000082068145,2026-04-27T17:27:15,4580,OFF
1,rsa2048,4,502,0.7138749933801591,2026-04-27T17:27:15,4580,OFF
1,rsa2048,4,503,0.7170420140028,2026-04-27T17:27:15,4580,OFF
1,rsa2048,4,504,0.7073750020936131,2026-04-27T17:27:15,4580,OFF
1,rsa2048,4,505,0.7030420238152146,2026-04-27T17:27:15,4580,OFF
1,rsa2048,4,506,0.7107089622877538,2026-04-27T17:27:15,4580,OFF
1,rsa2048,4,507,0.750000006519258,2026-04-27T17:27:15,4580,OFF
1,rsa2048,4,508,0.731542007997632,2026-04-27T17:27:15,4580,OFF
1,rsa2048,4,509,0.8054579957388341,2026-04-27T17:27:15,4580,OFF
1,rsa2048,4,510,0.7190419710241258,2026-04-27T17:27:15,4580,OFF
1,rsa2048,4,511,0.7191250333562493,2026-04-27T17:27:15,4580,OFF
1,rsa2048,4,512,0.7052500150166452,2026-04-27T17:27:15,4580,OFF
1,rsa2048,4,513,0.7560839876532555,2026-04-27T17:27:15,4580,OFF
1,rsa2048,4,514,0.7141250534914434,2026-04-27T17:27:15,4580,OFF
1,rsa2048,4,515,0.7075419998727739,2026-04-27T17:27:15,4580,OFF
1,rsa2048,4,516,0.7028330001048744,2026-04-27T17:27:15,4580,OFF
1,rsa2048,4,517,0.7006250089034438,2026-04-27T17:27:15,4580,OFF
1,rsa2048,4,518,0.7052089786157012,2026-04-27T17:27:15,4580,OFF
1,rsa2048,4,519,0.7075000321492553,2026-04-27T17:27:15,4580,OFF
1,rsa2048,4,520,0.7065830286592245,2026-04-27T17:27:15,4580,OFF
1,rsa2048,4,521,0.6852499791420996,2026-04-27T17:27:15,4580,OFF
1,rsa2048,4,522,0.7149169687181711,2026-04-27T17:27:15,4580,OFF
1,rsa2048,4,523,0.7005000370554626,2026-04-27T17:27:15,4580,OFF
1,rsa2048,4,524,0.6851670332252979,2026-04-27T17:27:15,4580,OFF
1,rsa2048,4,525,0.8546250173822045,2026-04-27T17:27:15,4580,OFF
1,rsa2048,4,526,0.7323340396396816,2026-04-27T17:27:15,4580,OFF
1,rsa2048,4,527,0.7843750063329935,2026-04-27T17:27:15,4580,OFF
1,rsa2048,4,528,0.7076669717207551,2026-04-27T17:27:15,4580,OFF
1,rsa2048,4,529,0.7113750325515866,2026-04-27T17:27:15,4580,OFF
1,rsa2048,4,530,0.7495000027120113,2026-04-27T17:27:15,4580,OFF
1,rsa2048,4,531,0.7140000234358013,2026-04-27T17:27:15,4580,OFF
1,rsa2048,4,532,0.6949579692445695,2026-04-27T17:27:15,4580,OFF
1,rsa2048,4,533,0.6995829753577709,2026-04-27T17:27:15,4580,OFF
1,rsa2048,4,534,0.6998750031925738,2026-04-27T17:27:15,4580,OFF
1,rsa2048,4,535,0.7002080092206597,2026-04-27T17:27:15,4580,OFF
1,rsa2048,4,536,0.7023749640211463,2026-04-27T17:27:15,4580,OFF
1,rsa2048,4,537,0.702874967828393,2026-04-27T17:27:15,4580,OFF
1,rsa2048,4,538,0.7067500264383852,2026-04-27T17:27:15,4580,OFF
1,rsa2048,4,539,0.7156249484978616,2026-04-27T17:27:15,4580,OFF
1,rsa2048,4,540,0.7043330115266144,2026-04-27T17:27:15,4580,OFF
1,rsa2048,4,541,0.6999590550549328,2026-04-27T17:27:15,4580,OFF
1,rsa2048,4,542,0.6987919914536178,2026-04-27T17:27:15,4580,OFF
1,rsa2048,4,543,0.6977500161156058,2026-04-27T17:27:15,4580,OFF
1,rsa2048,4,544,0.7234170334413648,2026-04-27T17:27:15,4580,OFF
1,rsa2048,4,545,0.7384589989669621,2026-04-27T17:27:15,4580,OFF
1,rsa2048,4,546,0.705457990989089,2026-04-27T17:27:15,4580,OFF
1,rsa2048,4,547,0.7084169774316251,2026-04-27T17:27:15,4580,OFF
1,rsa2048,4,548,0.7052500150166452,2026-04-27T17:27:15,4580,OFF
1,rsa2048,4,549,0.7008329848758876,2026-04-27T17:27:15,4580,OFF
1,rsa2048,4,550,0.694291025865823,2026-04-27T17:27:15,4580,OFF
1,rsa2048,4,551,0.6872499943710864,2026-04-27T17:27:15,4580,OFF
1,rsa2048,4,552,0.7051670108921826,2026-04-27T17:27:15,4580,OFF
1,rsa2048,4,553,0.7112500024959445,2026-04-27T17:27:15,4580,OFF
1,rsa2048,4,554,0.7174999918788671,2026-04-27T17:27:15,4580,OFF
1,rsa2048,4,555,0.7209160248748958,2026-04-27T17:27:15,4580,OFF
1,rsa2048,4,556,0.7150829769670963,2026-04-27T17:27:15,4580,OFF
1,rsa2048,4,557,0.9129579993896186,2026-04-27T17:27:15,4580,OFF
1,rsa2048,4,558,0.7530839648097754,2026-04-27T17:27:15,4580,OFF
1,rsa2048,4,559,0.959874945692718,2026-04-27T17:27:15,4580,OFF
1,rsa2048,4,560,0.7397920126095414,2026-04-27T17:27:15,4580,OFF
1,rsa2048,4,561,0.7363749900832772,2026-04-27T17:27:15,4580,OFF
1,rsa2048,4,562,0.727167003788054,2026-04-27T17:27:15,4580,OFF
1,rsa2048,4,563,0.8424579864367843,2026-04-27T17:27:15,4580,OFF
1,rsa2048,4,564,0.7169579621404409,2026-04-27T17:27:15,4580,OFF
1,rsa2048,4,565,0.724292011000216,2026-04-27T17:27:15,4580,OFF
1,rsa2048,4,566,0.7190419710241258,2026-04-27T17:27:15,4580,OFF
1,rsa2048,4,567,0.7207079906947911,2026-04-27T17:27:15,4580,OFF
1,rsa2048,4,568,0.7210419862531126,2026-04-27T17:27:15,4580,OFF
1,rsa2048,4,569,0.7215419900603592,2026-04-27T17:27:15,4580,OFF
1,rsa2048,4,570,0.7195000071078539,2026-04-27T17:27:15,4580,OFF
1,rsa2048,4,571,0.7016250165179372,2026-04-27T17:27:15,4580,OFF
1,rsa2048,4,572,0.6993749993853271,2026-04-27T17:27:15,4580,OFF
1,rsa2048,4,573,0.7111249724403024,2026-04-27T17:27:15,4580,OFF
1,rsa2048,4,574,0.7218330283649266,2026-04-27T17:27:15,4580,OFF
1,rsa2048,4,575,0.7236250094138086,2026-04-27T17:27:15,4580,OFF
1,rsa2048,4,576,0.7190000033006072,2026-04-27T17:27:15,4580,OFF
1,rsa2048,4,577,0.7373749976977706,2026-04-27T17:27:15,4580,OFF
1,rsa2048,4,578,0.7215000223368406,2026-04-27T17:27:15,4580,OFF
1,rsa2048,4,579,0.7097080233506858,2026-04-27T17:27:15,4580,OFF
1,rsa2048,4,580,0.7179999956861138,2026-04-27T17:27:15,4580,OFF
1,rsa2048,4,581,0.7349160150624812,2026-04-27T17:27:15,4580,OFF
1,rsa2048,4,582,0.7297919946722686,2026-04-27T17:27:15,4580,OFF
1,rsa2048,4,583,0.7245409651659429,2026-04-27T17:27:15,4580,OFF
1,rsa2048,4,584,0.7211249903775752,2026-04-27T17:27:15,4580,OFF
1,rsa2048,4,585,0.7264160085469484,2026-04-27T17:27:15,4580,OFF
1,rsa2048,4,586,0.7191670010797679,2026-04-27T17:27:15,4580,OFF
1,rsa2048,4,587,0.721791002433747,2026-04-27T17:27:15,4580,OFF
1,rsa2048,4,588,0.7187500013969839,2026-04-27T17:27:15,4580,OFF
1,rsa2048,4,589,0.8721659542061388,2026-04-27T17:27:15,4580,OFF
1,rsa2048,4,590,0.735500012524426,2026-04-27T17:27:15,4580,OFF
1,rsa2048,4,591,0.7222500280477107,2026-04-27T17:27:15,4580,OFF
1,rsa2048,4,592,0.7212499622255564,2026-04-27T17:27:15,4580,OFF
1,rsa2048,4,593,0.7205840083770454,2026-04-27T17:27:15,4580,OFF
1,rsa2048,4,594,0.720999960321933,2026-04-27T17:27:15,4580,OFF
1,rsa2048,4,595,0.722167023923248,2026-04-27T17:27:15,4580,OFF
1,rsa2048,4,596,0.7094589527696371,2026-04-27T17:27:15,4580,OFF
1,rsa2048,4,597,0.7294999668374658,2026-04-27T17:27:15,4580,OFF
1,rsa2048,4,598,0.7202079868875444,2026-04-27T17:27:15,4580,OFF
1,rsa2048,4,599,0.7410419639199972,2026-04-27T17:27:15,4580,OFF
1,rsa2048,4,600,0.732583983335644,2026-04-27T17:27:15,4580,OFF
1,rsa2048,4,601,0.731542007997632,2026-04-27T17:27:15,4580,OFF
1,rsa2048,4,602,0.7270000060088933,2026-04-27T17:27:15,4580,OFF
1,rsa2048,4,603,0.7317080162465572,2026-04-27T17:27:15,4580,OFF
1,rsa2048,4,604,0.7293749949894845,2026-04-27T17:27:15,4580,OFF
1,rsa2048,4,605,0.727540988009423,2026-04-27T17:27:15,4580,OFF
1,rsa2048,4,606,0.7250839844346046,2026-04-27T17:27:15,4580,OFF
1,rsa2048,4,607,0.7545829867012799,2026-04-27T17:27:15,4580,OFF
1,rsa2048,4,608,0.707667029928416,2026-04-27T17:27:15,4580,OFF
1,rsa2048,4,609,0.7258750265464187,2026-04-27T17:27:15,4580,OFF
1,rsa2048,4,610,0.7030839915387332,2026-04-27T17:27:15,4580,OFF
1,rsa2048,4,611,0.7010420085862279,2026-04-27T17:27:15,4580,OFF
1,rsa2048,4,612,0.7042919751256704,2026-04-27T17:27:15,4580,OFF
1,rsa2048,4,613,0.7041670032776892,2026-04-27T17:27:15,4580,OFF
1,rsa2048,4,614,0.7045840029604733,2026-04-27T17:27:15,4580,OFF
1,rsa2048,4,615,0.7006660453043878,2026-04-27T17:27:15,4580,OFF
1,rsa2048,4,616,0.6982909981161356,2026-04-27T17:27:15,4580,OFF
1,rsa2048,4,617,0.7418330060318112,2026-04-27T17:27:15,4580,OFF
1,rsa2048,4,618,0.7963329553604126,2026-04-27T17:27:15,4580,OFF
1,rsa2048,4,619,0.6964579806663096,2026-04-27T17:27:15,4580,OFF
1,rsa2048,4,620,0.6993749993853271,2026-04-27T17:27:15,4580,OFF
1,rsa2048,4,621,0.8664579945616424,2026-04-27T17:27:15,4580,OFF
1,rsa2048,4,622,0.712707987986505,2026-04-27T17:27:15,4580,OFF
1,rsa2048,4,623,0.716333044692874,2026-04-27T17:27:15,4580,OFF
1,rsa2048,4,624,0.7079169736243784,2026-04-27T17:27:15,4580,OFF
1,rsa2048,4,625,0.6951250252313912,2026-04-27T17:27:15,4580,OFF
1,rsa2048,4,626,0.6923340260982513,2026-04-27T17:27:15,4580,OFF
1,rsa2048,4,627,0.7194590289145708,2026-04-27T17:27:15,4580,OFF
1,rsa2048,4,628,0.7031250279396772,2026-04-27T17:27:15,4580,OFF
1,rsa2048,4,629,0.7047499530017376,2026-04-27T17:27:15,4580,OFF
1,rsa2048,4,630,0.709082989487797,2026-04-27T17:27:15,4580,OFF
1,rsa2048,4,631,0.7202090346254408,2026-04-27T17:27:15,4580,OFF
1,rsa2048,4,632,0.7138749933801591,2026-04-27T17:27:15,4580,OFF
1,rsa2048,4,633,0.7129170116968453,2026-04-27T17:27:15,4580,OFF
1,rsa2048,4,634,0.7139579975046217,2026-04-27T17:27:15,4580,OFF
1,rsa2048,4,635,0.8175830007530749,2026-04-27T17:27:15,4580,OFF
1,rsa2048,4,636,0.7084999815560877,2026-04-27T17:27:15,4580,OFF
1,rsa2048,4,637,0.7114999461919069,2026-04-27T17:27:15,4580,OFF
1,rsa2048,4,638,0.713790999725461,2026-04-27T17:27:15,4580,OFF
1,rsa2048,4,639,0.7152499747462571,2026-04-27T17:27:15,4580,OFF
1,rsa2048,4,640,0.7123330142349005,2026-04-27T17:27:15,4580,OFF
1,rsa2048,4,641,0.7169579621404409,2026-04-27T17:27:15,4580,OFF
1,rsa2048,4,642,0.7179999956861138,2026-04-27T17:27:15,4580,OFF
1,rsa2048,4,643,0.7137920474633574,2026-04-27T17:27:15,4580,OFF
1,rsa2048,4,644,0.6981660262681544,2026-04-27T17:27:15,4580,OFF
1,rsa2048,4,645,0.7107920246198773,2026-04-27T17:27:15,4580,OFF
1,rsa2048,4,646,0.6915829726494849,2026-04-27T17:27:15,4580,OFF
1,rsa2048,4,647,0.7088750135153532,2026-04-27T17:27:15,4580,OFF
1,rsa2048,4,648,0.7122920360416174,2026-04-27T17:27:15,4580,OFF
1,rsa2048,4,649,0.7128330180421472,2026-04-27T17:27:15,4580,OFF
1,rsa2048,4,650,0.7138749933801591,2026-04-27T17:27:15,4580,OFF
1,rsa4096,1,1,2.5684169959276915,2026-04-27T17:27:17,1822,OFF
1,rsa4096,1,2,2.529707970097661,2026-04-27T17:27:17,1822,OFF
1,rsa4096,1,3,2.5333749945275486,2026-04-27T17:27:17,1822,OFF
1,rsa4096,1,4,2.5252919876948,2026-04-27T17:27:17,1822,OFF
1,rsa4096,1,5,2.521499991416931,2026-04-27T17:27:17,1822,OFF
1,rsa4096,1,6,2.3487909929826856,2026-04-27T17:27:17,1822,OFF
1,rsa4096,1,7,2.3467499995604157,2026-04-27T17:27:17,1822,OFF
1,rsa4096,1,8,2.3596250102855265,2026-04-27T17:27:17,1822,OFF
1,rsa4096,1,9,2.354666998144239,2026-04-27T17:27:17,1822,OFF
1,rsa4096,1,10,2.3518329835496843,2026-04-27T17:27:17,1822,OFF
1,rsa4096,1,11,2.33633304014802,2026-04-27T17:27:17,1822,OFF
1,rsa4096,1,12,2.3560000117868185,2026-04-27T17:27:17,1822,OFF
1,rsa4096,1,13,2.8879170422442257,2026-04-27T17:27:17,1822,OFF
1,rsa4096,1,14,2.358167024794966,2026-04-27T17:27:17,1822,OFF
1,rsa4096,1,15,2.374042000155896,2026-04-27T17:27:17,1822,OFF
1,rsa4096,1,16,2.351582981646061,2026-04-27T17:27:17,1822,OFF
1,rsa4096,1,17,2.3755839793011546,2026-04-27T17:27:17,1822,OFF
1,rsa4096,1,18,2.344125008676201,2026-04-27T17:27:17,1822,OFF
1,rsa4096,1,19,2.371957991272211,2026-04-27T17:27:17,1822,OFF
1,rsa4096,1,20,2.360957965720445,2026-04-27T17:27:17,1822,OFF
1,rsa4096,1,21,2.3862500092945993,2026-04-27T17:27:17,1822,OFF
1,rsa4096,1,22,2.3917920188978314,2026-04-27T17:27:17,1822,OFF
1,rsa4096,1,23,2.3707919754087925,2026-04-27T17:27:17,1822,OFF
1,rsa4096,1,24,2.3722919868305326,2026-04-27T17:27:17,1822,OFF
1,rsa4096,1,25,2.3569579934701324,2026-04-27T17:27:17,1822,OFF
1,rsa4096,1,26,2.3825839743949473,2026-04-27T17:27:17,1822,OFF
1,rsa4096,1,27,2.380583027843386,2026-04-27T17:27:17,1822,OFF
1,rsa4096,1,28,2.397709002252668,2026-04-27T17:27:17,1822,OFF
1,rsa4096,1,29,2.376583986915648,2026-04-27T17:27:17,1822,OFF
1,rsa4096,1,30,2.3717499570921063,2026-04-27T17:27:17,1822,OFF
1,rsa4096,1,31,2.3875419865362346,2026-04-27T17:27:17,1822,OFF
1,rsa4096,1,32,2.374500036239624,2026-04-27T17:27:17,1822,OFF
1,rsa4096,1,33,2.383750048466027,2026-04-27T17:27:17,1822,OFF
1,rsa4096,1,34,2.376417047344148,2026-04-27T17:27:17,1822,OFF
1,rsa4096,1,35,2.3990829940885305,2026-04-27T17:27:17,1822,OFF
1,rsa4096,1,36,2.395290997810662,2026-04-27T17:27:17,1822,OFF
1,rsa4096,1,37,2.384833001997322,2026-04-27T17:27:17,1822,OFF
1,rsa4096,1,38,2.384417050052434,2026-04-27T17:27:17,1822,OFF
1,rsa4096,1,39,2.365874999668449,2026-04-27T17:27:17,1822,OFF
1,rsa4096,1,40,2.373625000473112,2026-04-27T17:27:17,1822,OFF
1,rsa4096,1,41,2.416375034954399,2026-04-27T17:27:17,1822,OFF
1,rsa4096,1,42,2.3762090131640434,2026-04-27T17:27:17,1822,OFF
1,rsa4096,1,43,2.3743330384604633,2026-04-27T17:27:17,1822,OFF
1,rsa4096,1,44,2.388749970123172,2026-04-27T17:27:17,1822,OFF
1,rsa4096,1,45,2.900417021010071,2026-04-27T17:27:17,1822,OFF
1,rsa4096,1,46,2.35333398450166,2026-04-27T17:27:17,1822,OFF
1,rsa4096,1,47,2.3847079719416797,2026-04-27T17:27:17,1822,OFF
1,rsa4096,1,48,2.374666975811124,2026-04-27T17:27:17,1822,OFF
1,rsa4096,1,49,2.3775420268066227,2026-04-27T17:27:17,1822,OFF
1,rsa4096,1,50,2.4112920509651303,2026-04-27T17:27:17,1822,OFF
1,rsa4096,1,51,2.391041023656726,2026-04-27T17:27:17,1822,OFF
1,rsa4096,1,52,2.3702909820713103,2026-04-27T17:27:17,1822,OFF
1,rsa4096,1,53,2.500708040315658,2026-04-27T17:27:17,1822,OFF
1,rsa4096,1,54,2.6271669776178896,2026-04-27T17:27:17,1822,OFF
1,rsa4096,1,55,2.468041959218681,2026-04-27T17:27:17,1822,OFF
1,rsa4096,1,56,2.328583039343357,2026-04-27T17:27:17,1822,OFF
1,rsa4096,1,57,2.323125023394823,2026-04-27T17:27:17,1822,OFF
1,rsa4096,1,58,2.3270000237971544,2026-04-27T17:27:17,1822,OFF
1,rsa4096,1,59,2.328250033315271,2026-04-27T17:27:17,1822,OFF
1,rsa4096,1,60,2.338708029128611,2026-04-27T17:27:17,1822,OFF
1,rsa4096,1,61,2.332416013814509,2026-04-27T17:27:17,1822,OFF
1,rsa4096,1,62,2.315125020686537,2026-04-27T17:27:17,1822,OFF
1,rsa4096,1,63,2.3259579902514815,2026-04-27T17:27:17,1822,OFF
1,rsa4096,1,64,2.352875017095357,2026-04-27T17:27:17,1822,OFF
1,rsa4096,1,65,2.344332984648645,2026-04-27T17:27:17,1822,OFF
1,rsa4096,1,66,2.326167013961822,2026-04-27T17:27:17,1822,OFF
1,rsa4096,1,67,2.34412495046854,2026-04-27T17:27:17,1822,OFF
1,rsa4096,1,68,2.310834010131657,2026-04-27T17:27:17,1822,OFF
1,rsa4096,1,69,2.320791012607515,2026-04-27T17:27:17,1822,OFF
1,rsa4096,1,70,2.343792002648115,2026-04-27T17:27:17,1822,OFF
1,rsa4096,1,71,2.3179170093499124,2026-04-27T17:27:17,1822,OFF
1,rsa4096,1,72,2.338582999072969,2026-04-27T17:27:17,1822,OFF
1,rsa4096,1,73,2.4135830462910235,2026-04-27T17:27:17,1822,OFF
1,rsa4096,1,74,2.3699579760432243,2026-04-27T17:27:17,1822,OFF
1,rsa4096,1,75,2.37724999897182,2026-04-27T17:27:17,1822,OFF
1,rsa4096,1,76,2.3707079817540944,2026-04-27T17:27:17,1822,OFF
1,rsa4096,1,77,2.953082963358611,2026-04-27T17:27:17,1822,OFF
1,rsa4096,1,78,2.4117499706335366,2026-04-27T17:27:17,1822,OFF
1,rsa4096,1,79,2.3964589927345514,2026-04-27T17:27:17,1822,OFF
1,rsa4096,1,80,2.42416700348258,2026-04-27T17:27:17,1822,OFF
1,rsa4096,1,81,2.4126250064000487,2026-04-27T17:27:17,1822,OFF
1,rsa4096,1,82,2.4082500021904707,2026-04-27T17:27:17,1822,OFF
1,rsa4096,1,83,2.4473340017721057,2026-04-27T17:27:17,1822,OFF
1,rsa4096,1,84,2.4023749865591526,2026-04-27T17:27:17,1822,OFF
1,rsa4096,1,85,2.413624955806881,2026-04-27T17:27:17,1822,OFF
1,rsa4096,1,86,2.427375002298504,2026-04-27T17:27:17,1822,OFF
1,rsa4096,1,87,2.411667024716735,2026-04-27T17:27:17,1822,OFF
1,rsa4096,1,88,2.364999963901937,2026-04-27T17:27:17,1822,OFF
1,rsa4096,1,89,2.341874991543591,2026-04-27T17:27:17,1822,OFF
1,rsa4096,1,90,2.3325829533860087,2026-04-27T17:27:17,1822,OFF
1,rsa4096,1,91,2.3293750127777457,2026-04-27T17:27:17,1822,OFF
1,rsa4096,1,92,2.3617499973624945,2026-04-27T17:27:17,1822,OFF
1,rsa4096,1,93,2.370040980167687,2026-04-27T17:27:17,1822,OFF
1,rsa4096,1,94,2.378124976530671,2026-04-27T17:27:17,1822,OFF
1,rsa4096,1,95,2.3865409893915057,2026-04-27T17:27:17,1822,OFF
1,rsa4096,1,96,2.392292022705078,2026-04-27T17:27:17,1822,OFF
1,rsa4096,1,97,2.41183303296566,2026-04-27T17:27:17,1822,OFF
1,rsa4096,1,98,2.3973750066943467,2026-04-27T17:27:17,1822,OFF
1,rsa4096,1,99,2.354750002268702,2026-04-27T17:27:17,1822,OFF
1,rsa4096,1,100,2.353499992750585,2026-04-27T17:27:17,1822,OFF
1,rsa4096,1,101,2.435875008814037,2026-04-27T17:27:17,1822,OFF
1,rsa4096,1,102,2.4047080078162253,2026-04-27T17:27:17,1822,OFF
1,rsa4096,1,103,2.418458985630423,2026-04-27T17:27:17,1822,OFF
1,rsa4096,1,104,2.5237089721485972,2026-04-27T17:27:17,1822,OFF
1,rsa4096,1,105,2.4899999843910336,2026-04-27T17:27:17,1822,OFF
1,rsa4096,1,106,2.3513329797424376,2026-04-27T17:27:17,1822,OFF
1,rsa4096,1,107,2.3508750018663704,2026-04-27T17:27:17,1822,OFF
1,rsa4096,1,108,2.3552499478682876,2026-04-27T17:27:17,1822,OFF
1,rsa4096,1,109,2.9595409869216383,2026-04-27T17:27:17,1822,OFF
1,rsa4096,1,110,2.373416966293007,2026-04-27T17:27:17,1822,OFF
1,rsa4096,1,111,2.3944589775055647,2026-04-27T17:27:17,1822,OFF
1,rsa4096,1,112,2.372707996983081,2026-04-27T17:27:17,1822,OFF
1,rsa4096,1,113,2.4123750044964254,2026-04-27T17:27:17,1822,OFF
1,rsa4096,1,114,2.374666975811124,2026-04-27T17:27:17,1822,OFF
1,rsa4096,1,115,2.3883749963715672,2026-04-27T17:27:17,1822,OFF
1,rsa4096,1,116,2.378125034738332,2026-04-27T17:27:17,1822,OFF
1,rsa4096,1,117,2.3884160327725112,2026-04-27T17:27:17,1822,OFF
1,rsa4096,1,118,2.403249964118004,2026-04-27T17:27:17,1822,OFF
1,rsa4096,1,119,2.3695830022916198,2026-04-27T17:27:17,1822,OFF
1,rsa4096,1,120,2.383708953857422,2026-04-27T17:27:17,1822,OFF
1,rsa4096,1,121,2.381458005402237,2026-04-27T17:27:17,1822,OFF
1,rsa4096,1,122,2.4114580010063946,2026-04-27T17:27:17,1822,OFF
1,rsa4096,1,123,2.4595000431872904,2026-04-27T17:27:17,1822,OFF
1,rsa4096,1,124,2.403833030257374,2026-04-27T17:27:17,1822,OFF
1,rsa4096,1,125,2.3908750154078007,2026-04-27T17:27:17,1822,OFF
1,rsa4096,1,126,2.4002910358831286,2026-04-27T17:27:17,1822,OFF
1,rsa4096,1,127,2.3916250211186707,2026-04-27T17:27:17,1822,OFF
1,rsa4096,1,128,2.3785409866832197,2026-04-27T17:27:17,1822,OFF
1,rsa4096,1,129,2.387624990660697,2026-04-27T17:27:17,1822,OFF
1,rsa4096,1,130,2.31666601030156,2026-04-27T17:27:17,1822,OFF
1,rsa4096,1,131,2.320999978110194,2026-04-27T17:27:17,1822,OFF
1,rsa4096,1,132,2.343375002965331,2026-04-27T17:27:17,1822,OFF
1,rsa4096,1,133,2.3275419953279197,2026-04-27T17:27:17,1822,OFF
1,rsa4096,1,134,2.3560409899801016,2026-04-27T17:27:17,1822,OFF
1,rsa4096,1,135,2.3336660233326256,2026-04-27T17:27:17,1822,OFF
1,rsa4096,1,136,2.3251670063473284,2026-04-27T17:27:17,1822,OFF
1,rsa4096,1,137,2.3661250015720725,2026-04-27T17:27:17,1822,OFF
1,rsa4096,1,138,2.351958944927901,2026-04-27T17:27:17,1822,OFF
1,rsa4096,1,139,2.3736670264042914,2026-04-27T17:27:17,1822,OFF
1,rsa4096,1,140,2.3698749719187617,2026-04-27T17:27:17,1822,OFF
1,rsa4096,1,141,2.928582951426506,2026-04-27T17:27:17,1822,OFF
1,rsa4096,1,142,2.364707994274795,2026-04-27T17:27:17,1822,OFF
1,rsa4096,1,143,2.386292035225779,2026-04-27T17:27:17,1822,OFF
1,rsa4096,1,144,2.3332079872488976,2026-04-27T17:27:17,1822,OFF
1,rsa4096,1,145,2.313832985237241,2026-04-27T17:27:17,1822,OFF
1,rsa4096,1,146,2.34475004253909,2026-04-27T17:27:17,1822,OFF
1,rsa4096,1,147,2.384709019679576,2026-04-27T17:27:17,1822,OFF
1,rsa4096,1,148,2.321832987945527,2026-04-27T17:27:17,1822,OFF
1,rsa4096,1,149,2.337583980988711,2026-04-27T17:27:17,1822,OFF
1,rsa4096,1,150,2.353666990529746,2026-04-27T17:27:17,1822,OFF
1,rsa4096,1,151,2.3310830001719296,2026-04-27T17:27:17,1822,OFF
1,rsa4096,1,152,2.3791249841451645,2026-04-27T17:27:17,1822,OFF
1,rsa4096,1,153,2.3806660319678485,2026-04-27T17:27:17,1822,OFF
1,rsa4096,1,154,2.457166963722557,2026-04-27T17:27:17,1822,OFF
1,rsa4096,1,155,2.3874579928815365,2026-04-27T17:27:17,1822,OFF
1,rsa4096,1,156,2.3771249689161777,2026-04-27T17:27:17,1822,OFF
1,rsa4096,1,157,2.393165952526033,2026-04-27T17:27:17,1822,OFF
1,rsa4096,1,158,2.338875026907772,2026-04-27T17:27:17,1822,OFF
1,rsa4096,1,159,2.3348749964497983,2026-04-27T17:27:17,1822,OFF
1,rsa4096,1,160,2.352875017095357,2026-04-27T17:27:17,1822,OFF
1,rsa4096,1,161,2.3445409606210887,2026-04-27T17:27:17,1822,OFF
1,rsa4096,1,162,2.3718749871477485,2026-04-27T17:27:17,1822,OFF
1,rsa4096,1,163,2.3851669975556433,2026-04-27T17:27:17,1822,OFF
1,rsa4096,1,164,2.301707980223,2026-04-27T17:27:17,1822,OFF
1,rsa4096,1,165,2.326000016182661,2026-04-27T17:27:17,1822,OFF
1,rsa4096,1,166,2.341040992178023,2026-04-27T17:27:17,1822,OFF
1,rsa4096,1,167,2.3706249776296318,2026-04-27T17:27:17,1822,OFF
1,rsa4096,1,168,2.395500021521002,2026-04-27T17:27:17,1822,OFF
1,rsa4096,1,169,2.434041991364211,2026-04-27T17:27:17,1822,OFF
1,rsa4096,1,170,2.405792009085417,2026-04-27T17:27:17,1822,OFF
1,rsa4096,1,171,2.3853330058045685,2026-04-27T17:27:17,1822,OFF
1,rsa4096,1,172,2.4047920014709234,2026-04-27T17:27:17,1822,OFF
1,rsa4096,1,173,2.9546250007115304,2026-04-27T17:27:17,1822,OFF
1,rsa4096,1,174,2.382667036727071,2026-04-27T17:27:17,1822,OFF
1,rsa4096,1,175,2.3841660004109144,2026-04-27T17:27:17,1822,OFF
1,rsa4096,1,176,2.390832989476621,2026-04-27T17:27:17,1822,OFF
1,rsa4096,1,177,2.3064169799908996,2026-04-27T17:27:17,1822,OFF
1,rsa4096,1,178,2.306082984432578,2026-04-27T17:27:17,1822,OFF
1,rsa4096,1,179,2.3873330210335553,2026-04-27T17:27:17,1822,OFF
1,rsa4096,1,180,2.311374992132187,2026-04-27T17:27:17,1822,OFF
1,rsa4096,1,181,2.3320000036619604,2026-04-27T17:27:17,1822,OFF
1,rsa4096,1,182,2.3107919842004776,2026-04-27T17:27:17,1822,OFF
1,rsa4096,1,183,2.317209029570222,2026-04-27T17:27:17,1822,OFF
1,rsa4096,1,184,2.340500010177493,2026-04-27T17:27:17,1822,OFF
1,rsa4096,1,185,2.343208994716406,2026-04-27T17:27:17,1822,OFF
1,rsa4096,1,186,2.3520420072600245,2026-04-27T17:27:17,1822,OFF
1,rsa4096,1,187,2.381957951001823,2026-04-27T17:27:17,1822,OFF
1,rsa4096,1,188,2.313750039320439,2026-04-27T17:27:17,1822,OFF
1,rsa4096,1,189,2.3326660157181323,2026-04-27T17:27:17,1822,OFF
1,rsa4096,1,190,2.3078329977579415,2026-04-27T17:27:17,1822,OFF
1,rsa4096,1,191,2.3287920048460364,2026-04-27T17:27:17,1822,OFF
1,rsa4096,1,192,2.297000028192997,2026-04-27T17:27:17,1822,OFF
1,rsa4096,1,193,2.372374990954995,2026-04-27T17:27:17,1822,OFF
1,rsa4096,1,194,2.3964160354807973,2026-04-27T17:27:17,1822,OFF
1,rsa4096,1,195,2.39537499146536,2026-04-27T17:27:17,1822,OFF
1,rsa4096,1,196,2.3466249695047736,2026-04-27T17:27:17,1822,OFF
1,rsa4096,1,197,2.3445000406354666,2026-04-27T17:27:17,1822,OFF
1,rsa4096,1,198,2.3928749724291265,2026-04-27T17:27:17,1822,OFF
1,rsa4096,1,199,2.4153339909389615,2026-04-27T17:27:17,1822,OFF
1,rsa4096,1,200,2.4787920410744846,2026-04-27T17:27:17,1822,OFF
1,rsa4096,1,201,2.5171669549308717,2026-04-27T17:27:17,1822,OFF
1,rsa4096,1,202,2.534958010073751,2026-04-27T17:27:17,1822,OFF
1,rsa4096,1,203,2.787041012197733,2026-04-27T17:27:17,1822,OFF
1,rsa4096,1,204,2.966666012071073,2026-04-27T17:27:17,1822,OFF
1,rsa4096,1,205,3.4574170131236315,2026-04-27T17:27:17,1822,OFF
1,rsa4096,1,206,2.6755420258268714,2026-04-27T17:27:17,1822,OFF
1,rsa4096,1,207,2.632750023622066,2026-04-27T17:27:17,1822,OFF
1,rsa4096,1,208,2.7026250027120113,2026-04-27T17:27:17,1822,OFF
1,rsa4096,1,209,2.4852080387063324,2026-04-27T17:27:17,1822,OFF
1,rsa4096,1,210,2.6026659761555493,2026-04-27T17:27:17,1822,OFF
1,rsa4096,1,211,2.379957993980497,2026-04-27T17:27:17,1822,OFF
1,rsa4096,1,212,2.3999169934540987,2026-04-27T17:27:17,1822,OFF
1,rsa4096,1,213,2.40116601344198,2026-04-27T17:27:17,1822,OFF
1,rsa4096,1,214,2.446333004627377,2026-04-27T17:27:17,1822,OFF
1,rsa4096,1,215,2.4815420038066804,2026-04-27T17:27:17,1822,OFF
1,rsa4096,1,216,2.4334589834325016,2026-04-27T17:27:17,1822,OFF
1,rsa4096,1,217,2.5083330110646784,2026-04-27T17:27:17,1822,OFF
1,rsa4096,1,218,2.4189999676309526,2026-04-27T17:27:17,1822,OFF
1,rsa4096,1,219,2.4179579922929406,2026-04-27T17:27:17,1822,OFF
1,rsa4096,1,220,2.510166959837079,2026-04-27T17:27:17,1822,OFF
1,rsa4096,1,221,2.460167044773698,2026-04-27T17:27:17,1822,OFF
1,rsa4096,1,222,2.4550000089220703,2026-04-27T17:27:17,1822,OFF
1,rsa4096,1,223,2.6271669776178896,2026-04-27T17:27:17,1822,OFF
1,rsa4096,1,224,2.6651250082068145,2026-04-27T17:27:17,1822,OFF
1,rsa4096,1,225,2.5470840046182275,2026-04-27T17:27:17,1822,OFF
1,rsa4096,1,226,2.6253340183757246,2026-04-27T17:27:17,1822,OFF
1,rsa4096,1,227,2.5134170427918434,2026-04-27T17:27:17,1822,OFF
1,rsa4096,1,228,2.558666979894042,2026-04-27T17:27:17,1822,OFF
1,rsa4096,1,229,2.649292000569403,2026-04-27T17:27:17,1822,OFF
1,rsa4096,1,230,2.5556249893270433,2026-04-27T17:27:17,1822,OFF
1,rsa4096,1,231,2.5338329724036157,2026-04-27T17:27:17,1822,OFF
1,rsa4096,1,232,2.5802080053836107,2026-04-27T17:27:17,1822,OFF
1,rsa4096,1,233,2.5903339846991003,2026-04-27T17:27:17,1822,OFF
1,rsa4096,1,234,2.515917003620416,2026-04-27T17:27:17,1822,OFF
1,rsa4096,1,235,2.527249976992607,2026-04-27T17:27:17,1822,OFF
1,rsa4096,1,236,2.557958010584116,2026-04-27T17:27:17,1822,OFF
1,rsa4096,1,237,3.2173750223591924,2026-04-27T17:27:17,1822,OFF
1,rsa4096,1,238,2.617709047626704,2026-04-27T17:27:17,1822,OFF
1,rsa4096,1,239,3.17574996734038,2026-04-27T17:27:17,1822,OFF
1,rsa4096,1,240,2.887208014726639,2026-04-27T17:27:17,1822,OFF
1,rsa4096,1,241,2.521499991416931,2026-04-27T17:27:17,1822,OFF
1,rsa4096,1,242,2.5196250062435865,2026-04-27T17:27:17,1822,OFF
1,rsa4096,1,243,2.435249974951148,2026-04-27T17:27:17,1822,OFF
1,rsa4096,1,244,2.4273330345749855,2026-04-27T17:27:17,1822,OFF
1,rsa4096,1,245,2.492374973371625,2026-04-27T17:27:17,1822,OFF
1,rsa4096,1,246,2.5903749628923833,2026-04-27T17:27:17,1822,OFF
1,rsa4096,1,247,2.633750031236559,2026-04-27T17:27:17,1822,OFF
1,rsa4096,1,248,2.542458998505026,2026-04-27T17:27:17,1822,OFF
1,rsa4096,1,249,2.5767499464564025,2026-04-27T17:27:17,1822,OFF
1,rsa4096,1,250,2.5522499927319586,2026-04-27T17:27:17,1822,OFF
1,rsa4096,1,251,2.6475830236449838,2026-04-27T17:27:17,1822,OFF
1,rsa4096,1,252,3.2285000197589397,2026-04-27T17:27:17,1822,OFF
1,rsa4096,1,253,3.140374959912151,2026-04-27T17:27:17,1822,OFF
1,rsa4096,1,254,2.834999992046505,2026-04-27T17:27:17,1822,OFF
1,rsa4096,1,255,2.540582965593785,2026-04-27T17:27:17,1822,OFF
1,rsa4096,1,256,3.62324999878183,2026-04-27T17:27:17,1822,OFF
1,rsa4096,1,257,9.263624961022288,2026-04-27T17:27:17,1822,OFF
1,rsa4096,1,258,3.813207964412868,2026-04-27T17:27:17,1822,OFF
1,rsa4096,1,259,9.655791043769568,2026-04-27T17:27:17,1822,OFF
1,rsa4096,1,260,3.3355409977957606,2026-04-27T17:27:17,1822,OFF
1,rsa4096,1,261,3.6058329860679805,2026-04-27T17:27:17,1822,OFF
1,rsa4096,1,262,2.712916990276426,2026-04-27T17:27:17,1822,OFF
1,rsa4096,1,263,3.1866669887676835,2026-04-27T17:27:17,1822,OFF
1,rsa4096,1,264,3.096083994023502,2026-04-27T17:27:17,1822,OFF
1,rsa4096,1,265,7.694417028687894,2026-04-27T17:27:18,1822,OFF
1,rsa4096,1,266,2.7180829783901572,2026-04-27T17:27:18,1822,OFF
1,rsa4096,1,267,2.722417004406452,2026-04-27T17:27:18,1822,OFF
1,rsa4096,1,268,2.66100000590086,2026-04-27T17:27:18,1822,OFF
1,rsa4096,1,269,3.1504579819738865,2026-04-27T17:27:18,1822,OFF
1,rsa4096,1,270,2.5790409999899566,2026-04-27T17:27:18,1822,OFF
1,rsa4096,1,271,2.787959005217999,2026-04-27T17:27:18,1822,OFF
1,rsa4096,1,272,2.6448750286363065,2026-04-27T17:27:18,1822,OFF
1,rsa4096,1,273,2.9222500161267817,2026-04-27T17:27:18,1822,OFF
1,rsa4096,1,274,2.959707984700799,2026-04-27T17:27:18,1822,OFF
1,rsa4096,1,275,2.6802910142578185,2026-04-27T17:27:18,1822,OFF
1,rsa4096,1,276,2.620500046759844,2026-04-27T17:27:18,1822,OFF
1,rsa4096,1,277,2.632958989124745,2026-04-27T17:27:18,1822,OFF
1,rsa4096,1,278,2.5874999701045454,2026-04-27T17:27:18,1822,OFF
1,rsa4096,1,279,3.670208971016109,2026-04-27T17:27:18,1822,OFF
1,rsa4096,1,280,2.858458028640598,2026-04-27T17:27:18,1822,OFF
1,rsa4096,1,281,2.629874972626567,2026-04-27T17:27:18,1822,OFF
1,rsa4096,1,282,2.7330840239301324,2026-04-27T17:27:18,1822,OFF
1,rsa4096,1,283,2.7282920200377703,2026-04-27T17:27:18,1822,OFF
1,rsa4096,1,284,2.6142499991692603,2026-04-27T17:27:18,1822,OFF
1,rsa4096,1,285,2.693207992706448,2026-04-27T17:27:18,1822,OFF
1,rsa4096,1,286,2.799667010549456,2026-04-27T17:27:18,1822,OFF
1,rsa4096,1,287,2.6130839833058417,2026-04-27T17:27:18,1822,OFF
1,rsa4096,1,288,3.179374965839088,2026-04-27T17:27:18,1822,OFF
1,rsa4096,1,289,2.653916017152369,2026-04-27T17:27:18,1822,OFF
1,rsa4096,1,290,3.509917005430907,2026-04-27T17:27:18,1822,OFF
1,rsa4096,1,291,3.1640829984098673,2026-04-27T17:27:18,1822,OFF
1,rsa4096,1,292,2.8311670175753534,2026-04-27T17:27:18,1822,OFF
1,rsa4096,1,293,2.663165971171111,2026-04-27T17:27:18,1822,OFF
1,rsa4096,1,294,2.7447500033304095,2026-04-27T17:27:18,1822,OFF
1,rsa4096,1,295,3.1872090185061097,2026-04-27T17:27:18,1822,OFF
1,rsa4096,1,296,3.152084012981504,2026-04-27T17:27:18,1822,OFF
1,rsa4096,1,297,2.56679201265797,2026-04-27T17:27:18,1822,OFF
1,rsa4096,1,298,2.557500032708049,2026-04-27T17:27:18,1822,OFF
1,rsa4096,1,299,2.5173749891109765,2026-04-27T17:27:18,1822,OFF
1,rsa4096,1,300,2.511249971576035,2026-04-27T17:27:18,1822,OFF
1,rsa4096,1,301,3.2920420053415,2026-04-27T17:27:18,1822,OFF
1,rsa4096,1,302,2.450708008836955,2026-04-27T17:27:18,1822,OFF
1,rsa4096,1,303,2.5130000431090593,2026-04-27T17:27:18,1822,OFF
1,rsa4096,1,304,2.5209590094164014,2026-04-27T17:27:18,1822,OFF
1,rsa4096,1,305,2.542334026657045,2026-04-27T17:27:18,1822,OFF
1,rsa4096,1,306,2.726666978560388,2026-04-27T17:27:18,1822,OFF
1,rsa4096,1,307,2.4377499939873815,2026-04-27T17:27:18,1822,OFF
1,rsa4096,1,308,2.4570829700678587,2026-04-27T17:27:18,1822,OFF
1,rsa4096,1,309,2.4383330019190907,2026-04-27T17:27:18,1822,OFF
1,rsa4096,1,310,2.4805840221233666,2026-04-27T17:27:18,1822,OFF
1,rsa4096,1,311,2.4558749864809215,2026-04-27T17:27:18,1822,OFF
1,rsa4096,1,312,2.510082966182381,2026-04-27T17:27:18,1822,OFF
1,rsa4096,1,313,2.4418330285698175,2026-04-27T17:27:18,1822,OFF
1,rsa4096,1,314,2.4540419690310955,2026-04-27T17:27:18,1822,OFF
1,rsa4096,1,315,2.5018330197781324,2026-04-27T17:27:18,1822,OFF
1,rsa4096,1,316,2.488708996679634,2026-04-27T17:27:18,1822,OFF
1,rsa4096,1,317,2.4893339723348618,2026-04-27T17:27:18,1822,OFF
1,rsa4096,1,318,2.5164579856209457,2026-04-27T17:27:18,1822,OFF
1,rsa4096,1,319,2.4172079865820706,2026-04-27T17:27:18,1822,OFF
1,rsa4096,1,320,2.441083954181522,2026-04-27T17:27:18,1822,OFF
1,rsa4096,1,321,2.4717080523259938,2026-04-27T17:27:18,1822,OFF
1,rsa4096,1,322,2.476833004038781,2026-04-27T17:27:18,1822,OFF
1,rsa4096,1,323,2.479791990481317,2026-04-27T17:27:18,1822,OFF
1,rsa4096,1,324,2.5997079792432487,2026-04-27T17:27:18,1822,OFF
1,rsa4096,1,325,2.6073329499922693,2026-04-27T17:27:18,1822,OFF
1,rsa4096,1,326,2.6357080205343664,2026-04-27T17:27:18,1822,OFF
1,rsa4096,1,327,2.4472500081174076,2026-04-27T17:27:18,1822,OFF
1,rsa4096,1,328,2.4992090184241533,2026-04-27T17:27:18,1822,OFF
1,rsa4096,1,329,2.448708051815629,2026-04-27T17:27:18,1822,OFF
1,rsa4096,1,330,2.5238749803975224,2026-04-27T17:27:18,1822,OFF
1,rsa4096,1,331,2.460332994814962,2026-04-27T17:27:18,1822,OFF
1,rsa4096,1,332,2.4715420440770686,2026-04-27T17:27:18,1822,OFF
1,rsa4096,1,333,2.9280830058269203,2026-04-27T17:27:18,1822,OFF
1,rsa4096,1,334,2.4184579961001873,2026-04-27T17:27:18,1822,OFF
1,rsa4096,1,335,2.430166001431644,2026-04-27T17:27:18,1822,OFF
1,rsa4096,1,336,2.3912499891594052,2026-04-27T17:27:18,1822,OFF
1,rsa4096,1,337,2.400458964984864,2026-04-27T17:27:18,1822,OFF
1,rsa4096,1,338,2.4251670110970736,2026-04-27T17:27:18,1822,OFF
1,rsa4096,1,339,2.4342910037375987,2026-04-27T17:27:18,1822,OFF
1,rsa4096,1,340,2.438457973767072,2026-04-27T17:27:18,1822,OFF
1,rsa4096,1,341,2.447917009703815,2026-04-27T17:27:18,1822,OFF
1,rsa4096,1,342,2.466833044309169,2026-04-27T17:27:18,1822,OFF
1,rsa4096,1,343,2.4010000051930547,2026-04-27T17:27:18,1822,OFF
1,rsa4096,1,344,2.4155420251190662,2026-04-27T17:27:18,1822,OFF
1,rsa4096,1,345,2.398999989964068,2026-04-27T17:27:18,1822,OFF
1,rsa4096,1,346,2.4865000159479678,2026-04-27T17:27:18,1822,OFF
1,rsa4096,1,347,2.436458016745746,2026-04-27T17:27:18,1822,OFF
1,rsa4096,1,348,2.4906659964472055,2026-04-27T17:27:18,1822,OFF
1,rsa4096,1,349,2.500708040315658,2026-04-27T17:27:18,1822,OFF
1,rsa4096,1,350,2.4785000132396817,2026-04-27T17:27:18,1822,OFF
1,rsa4096,1,351,2.482209005393088,2026-04-27T17:27:18,1822,OFF
1,rsa4096,1,352,2.459249983076006,2026-04-27T17:27:18,1822,OFF
1,rsa4096,1,353,2.445249992888421,2026-04-27T17:27:18,1822,OFF
1,rsa4096,1,354,2.3662499734200537,2026-04-27T17:27:18,1822,OFF
1,rsa4096,1,355,2.464290999341756,2026-04-27T17:27:18,1822,OFF
1,rsa4096,1,356,2.6362500502727926,2026-04-27T17:27:18,1822,OFF
1,rsa4096,1,357,2.399209013674408,2026-04-27T17:27:18,1822,OFF
1,rsa4096,1,358,2.424249949399382,2026-04-27T17:27:18,1822,OFF
1,rsa4096,1,359,2.4187919916585088,2026-04-27T17:27:18,1822,OFF
1,rsa4096,1,360,2.4128329823724926,2026-04-27T17:27:18,1822,OFF
1,rsa4096,1,361,2.455500012729317,2026-04-27T17:27:18,1822,OFF
1,rsa4096,1,362,2.3473750334233046,2026-04-27T17:27:18,1822,OFF
1,rsa4096,1,363,2.380165969952941,2026-04-27T17:27:18,1822,OFF
1,rsa4096,1,364,2.4284159881062806,2026-04-27T17:27:18,1822,OFF
1,rsa4096,1,365,3.0053749796934426,2026-04-27T17:27:18,1822,OFF
1,rsa4096,1,366,2.454458037391305,2026-04-27T17:27:18,1822,OFF
1,rsa4096,1,367,2.40491604199633,2026-04-27T17:27:18,1822,OFF
1,rsa4096,1,368,2.3815419990569353,2026-04-27T17:27:18,1822,OFF
1,rsa4096,1,369,2.4024589802138507,2026-04-27T17:27:18,1822,OFF
1,rsa4096,1,370,2.4304999969899654,2026-04-27T17:27:18,1822,OFF
1,rsa4096,1,371,2.433833957184106,2026-04-27T17:27:18,1822,OFF
1,rsa4096,1,372,2.45274999178946,2026-04-27T17:27:18,1822,OFF
1,rsa4096,1,373,2.4561670143157244,2026-04-27T17:27:18,1822,OFF
1,rsa4096,1,374,2.365084015764296,2026-04-27T17:27:18,1822,OFF
1,rsa4096,1,375,2.3982080165296793,2026-04-27T17:27:18,1822,OFF
1,rsa4096,1,376,2.413707959931344,2026-04-27T17:27:18,1822,OFF
1,rsa4096,1,377,2.4363340344280005,2026-04-27T17:27:18,1822,OFF
1,rsa4096,1,378,2.4528750218451023,2026-04-27T17:27:18,1822,OFF
1,rsa4096,1,379,2.440999960526824,2026-04-27T17:27:18,1822,OFF
1,rsa4096,1,380,2.4770830059424043,2026-04-27T17:27:18,1822,OFF
1,rsa4096,1,381,2.4547919747419655,2026-04-27T17:27:18,1822,OFF
1,rsa4096,1,382,2.4802919942885637,2026-04-27T17:27:18,1822,OFF
1,rsa4096,1,383,2.476166991982609,2026-04-27T17:27:18,1822,OFF
1,rsa4096,1,384,2.455832960549742,2026-04-27T17:27:18,1822,OFF
1,rsa4096,1,385,2.4516659905202687,2026-04-27T17:27:18,1822,OFF
1,rsa4096,1,386,2.4614169960841537,2026-04-27T17:27:18,1822,OFF
1,rsa4096,1,387,2.461459022015333,2026-04-27T17:27:18,1822,OFF
1,rsa4096,1,388,2.4668340338394046,2026-04-27T17:27:18,1822,OFF
1,rsa4096,1,389,2.4886250030249357,2026-04-27T17:27:18,1822,OFF
1,rsa4096,1,390,2.4560000165365636,2026-04-27T17:27:18,1822,OFF
1,rsa4096,1,391,2.46004102518782,2026-04-27T17:27:18,1822,OFF
1,rsa4096,1,392,2.4539169971831143,2026-04-27T17:27:18,1822,OFF
1,rsa4096,1,393,2.356375043746084,2026-04-27T17:27:18,1822,OFF
1,rsa4096,1,394,2.3927909787744284,2026-04-27T17:27:18,1822,OFF
1,rsa4096,1,395,2.4020830169320107,2026-04-27T17:27:18,1822,OFF
1,rsa4096,1,396,2.424083009827882,2026-04-27T17:27:18,1822,OFF
1,rsa4096,1,397,2.949999994598329,2026-04-27T17:27:18,1822,OFF
1,rsa4096,1,398,2.487500023562461,2026-04-27T17:27:18,1822,OFF
1,rsa4096,1,399,2.391125017311424,2026-04-27T17:27:18,1822,OFF
1,rsa4096,1,400,2.4108340148814023,2026-04-27T17:27:18,1822,OFF
1,rsa4096,1,401,2.4357920046895742,2026-04-27T17:27:18,1822,OFF
1,rsa4096,1,402,2.462874981574714,2026-04-27T17:27:18,1822,OFF
1,rsa4096,1,403,2.4763330002315342,2026-04-27T17:27:18,1822,OFF
1,rsa4096,1,404,2.5198329822160304,2026-04-27T17:27:18,1822,OFF
1,rsa4096,1,405,2.5335830287076533,2026-04-27T17:27:18,1822,OFF
1,rsa4096,1,406,2.404750033747405,2026-04-27T17:27:18,1822,OFF
1,rsa4096,1,407,2.447207982186228,2026-04-27T17:27:18,1822,OFF
1,rsa4096,1,408,2.453416003845632,2026-04-27T17:27:18,1822,OFF
1,rsa4096,1,409,2.4717499618418515,2026-04-27T17:27:18,1822,OFF
1,rsa4096,1,410,2.4565000203438103,2026-04-27T17:27:18,1822,OFF
1,rsa4096,1,411,2.392459020484239,2026-04-27T17:27:18,1822,OFF
1,rsa4096,1,412,2.381041005719453,2026-04-27T17:27:18,1822,OFF
1,rsa4096,1,413,2.412582980468869,2026-04-27T17:27:18,1822,OFF
1,rsa4096,1,414,2.430749998893589,2026-04-27T17:27:18,1822,OFF
1,rsa4096,1,415,2.418040996417403,2026-04-27T17:27:18,1822,OFF
1,rsa4096,1,416,2.4264170206151903,2026-04-27T17:27:18,1822,OFF
1,rsa4096,1,417,2.4452920188196003,2026-04-27T17:27:18,1822,OFF
1,rsa4096,1,418,2.3891250020824373,2026-04-27T17:27:18,1822,OFF
1,rsa4096,1,419,2.4010000051930547,2026-04-27T17:27:18,1822,OFF
1,rsa4096,1,420,2.417875046376139,2026-04-27T17:27:18,1822,OFF
1,rsa4096,1,421,2.4410420446656644,2026-04-27T17:27:18,1822,OFF
1,rsa4096,1,422,2.5014589773491025,2026-04-27T17:27:18,1822,OFF
1,rsa4096,1,423,2.4932080414146185,2026-04-27T17:27:18,1822,OFF
1,rsa4096,1,424,2.50025000423193,2026-04-27T17:27:18,1822,OFF
1,rsa4096,1,425,2.451041014865041,2026-04-27T17:27:18,1822,OFF
1,rsa4096,1,426,2.4424580042250454,2026-04-27T17:27:18,1822,OFF
1,rsa4096,1,427,2.4700420326553285,2026-04-27T17:27:18,1822,OFF
1,rsa4096,1,428,2.4598329910077155,2026-04-27T17:27:18,1822,OFF
1,rsa4096,1,429,3.0164169729687274,2026-04-27T17:27:18,1822,OFF
1,rsa4096,1,430,2.4527920177206397,2026-04-27T17:27:18,1822,OFF
1,rsa4096,1,431,2.456250018440187,2026-04-27T17:27:18,1822,OFF
1,rsa4096,1,432,2.450708008836955,2026-04-27T17:27:18,1822,OFF
1,rsa4096,1,433,2.49329098733142,2026-04-27T17:27:18,1822,OFF
1,rsa4096,1,434,2.449124993290752,2026-04-27T17:27:18,1822,OFF
1,rsa4096,1,435,2.4573750561103225,2026-04-27T17:27:18,1822,OFF
1,rsa4096,1,436,2.401208970695734,2026-04-27T17:27:18,1822,OFF
1,rsa4096,1,437,2.4002499994821846,2026-04-27T17:27:18,1822,OFF
1,rsa4096,1,438,2.410750021226704,2026-04-27T17:27:18,1822,OFF
1,rsa4096,1,439,2.409250009804964,2026-04-27T17:27:18,1822,OFF
1,rsa4096,1,440,2.4220829945988953,2026-04-27T17:27:18,1822,OFF
1,rsa4096,1,441,2.4299580254592,2026-04-27T17:27:18,1822,OFF
1,rsa4096,1,442,2.4184579961001873,2026-04-27T17:27:18,1822,OFF
1,rsa4096,1,443,2.3869580472819507,2026-04-27T17:27:18,1822,OFF
1,rsa4096,1,444,2.4180840118788183,2026-04-27T17:27:18,1822,OFF
1,rsa4096,1,445,2.4354159832000732,2026-04-27T17:27:18,1822,OFF
1,rsa4096,1,446,2.4506249465048313,2026-04-27T17:27:18,1822,OFF
1,rsa4096,1,447,2.4534579715691507,2026-04-27T17:27:18,1822,OFF
1,rsa4096,1,448,2.475332992617041,2026-04-27T17:27:18,1822,OFF
1,rsa4096,1,449,2.457124995999038,2026-04-27T17:27:18,1822,OFF
1,rsa4096,1,450,2.473708998877555,2026-04-27T17:27:18,1822,OFF
1,rsa4096,1,451,2.482792013324797,2026-04-27T17:27:18,1822,OFF
1,rsa4096,1,452,2.4594590067863464,2026-04-27T17:27:18,1822,OFF
1,rsa4096,1,453,2.5267910095863044,2026-04-27T17:27:18,1822,OFF
1,rsa4096,1,454,2.500667003914714,2026-04-27T17:27:18,1822,OFF
1,rsa4096,1,455,2.418584015686065,2026-04-27T17:27:18,1822,OFF
1,rsa4096,1,456,2.390832989476621,2026-04-27T17:27:18,1822,OFF
1,rsa4096,1,457,2.438291034195572,2026-04-27T17:27:18,1822,OFF
1,rsa4096,1,458,2.4165420327335596,2026-04-27T17:27:18,1822,OFF
1,rsa4096,1,459,2.4425830342806876,2026-04-27T17:27:18,1822,OFF
1,rsa4096,1,460,2.4174159625545144,2026-04-27T17:27:18,1822,OFF
1,rsa4096,1,461,2.9957499937154353,2026-04-27T17:27:18,1822,OFF
1,rsa4096,1,462,2.442041994072497,2026-04-27T17:27:18,1822,OFF
1,rsa4096,1,463,2.426791994366795,2026-04-27T17:27:18,1822,OFF
1,rsa4096,1,464,2.452499989885837,2026-04-27T17:27:18,1822,OFF
1,rsa4096,1,465,2.443875011522323,2026-04-27T17:27:18,1822,OFF
1,rsa4096,1,466,2.4473749799653888,2026-04-27T17:27:18,1822,OFF
1,rsa4096,1,467,2.407416992355138,2026-04-27T17:27:18,1822,OFF
1,rsa4096,1,468,2.364250016398728,2026-04-27T17:27:18,1822,OFF
1,rsa4096,1,469,2.4392500054091215,2026-04-27T17:27:18,1822,OFF
1,rsa4096,1,470,2.3953330237418413,2026-04-27T17:27:18,1822,OFF
1,rsa4096,1,471,2.3997080279514194,2026-04-27T17:27:18,1822,OFF
1,rsa4096,1,472,2.4433329817838967,2026-04-27T17:27:18,1822,OFF
1,rsa4096,1,473,2.4324170080944896,2026-04-27T17:27:18,1822,OFF
1,rsa4096,1,474,2.447917009703815,2026-04-27T17:27:18,1822,OFF
1,rsa4096,1,475,2.4520839797332883,2026-04-27T17:27:18,1822,OFF
1,rsa4096,1,476,2.434207999613136,2026-04-27T17:27:18,1822,OFF
1,rsa4096,1,477,2.468291961122304,2026-04-27T17:27:18,1822,OFF
1,rsa4096,1,478,2.4559999583289027,2026-04-27T17:27:18,1822,OFF
1,rsa4096,1,479,2.4357920046895742,2026-04-27T17:27:18,1822,OFF
1,rsa4096,1,480,2.4559159646742046,2026-04-27T17:27:18,1822,OFF
1,rsa4096,1,481,2.4294580216519535,2026-04-27T17:27:18,1822,OFF
1,rsa4096,1,482,2.44058296084404,2026-04-27T17:27:18,1822,OFF
1,rsa4096,1,483,2.4390839971601963,2026-04-27T17:27:18,1822,OFF
1,rsa4096,1,484,2.44079198455438,2026-04-27T17:27:18,1822,OFF
1,rsa4096,1,485,2.4458339903503656,2026-04-27T17:27:18,1822,OFF
1,rsa4096,1,486,2.3682499886490405,2026-04-27T17:27:18,1822,OFF
1,rsa4096,1,487,2.418082964140922,2026-04-27T17:27:18,1822,OFF
1,rsa4096,1,488,2.4412909988313913,2026-04-27T17:27:18,1822,OFF
1,rsa4096,1,489,2.4589160457253456,2026-04-27T17:27:18,1822,OFF
1,rsa4096,1,490,2.4657080066390336,2026-04-27T17:27:18,1822,OFF
1,rsa4096,1,491,2.472291002050042,2026-04-27T17:27:18,1822,OFF
1,rsa4096,1,492,2.4698330089449883,2026-04-27T17:27:18,1822,OFF
1,rsa4096,1,493,3.0020829872228205,2026-04-27T17:27:18,1822,OFF
1,rsa4096,1,494,2.4654589942656457,2026-04-27T17:27:18,1822,OFF
1,rsa4096,1,495,2.471916959621012,2026-04-27T17:27:18,1822,OFF
1,rsa4096,1,496,2.4655419983901083,2026-04-27T17:27:18,1822,OFF
1,rsa4096,1,497,2.4549170047976077,2026-04-27T17:27:18,1822,OFF
1,rsa4096,1,498,2.4669169797562063,2026-04-27T17:27:18,1822,OFF
1,rsa4096,1,499,2.3586249444633722,2026-04-27T17:27:18,1822,OFF
1,rsa4096,1,500,2.3790000122971833,2026-04-27T17:27:18,1822,OFF
1,rsa4096,1,501,2.422875026240945,2026-04-27T17:27:18,1822,OFF
1,rsa4096,1,502,2.404708997346461,2026-04-27T17:27:18,1822,OFF
1,rsa4096,1,503,2.4134579580277205,2026-04-27T17:27:18,1822,OFF
1,rsa4096,1,504,2.5783340097405016,2026-04-27T17:27:18,1822,OFF
1,rsa4096,1,505,2.496542001608759,2026-04-27T17:27:18,1822,OFF
1,rsa4096,1,506,2.3695420240983367,2026-04-27T17:27:18,1822,OFF
1,rsa4096,1,507,2.425416954793036,2026-04-27T17:27:18,1822,OFF
1,rsa4096,1,508,2.446291036903858,2026-04-27T17:27:18,1822,OFF
1,rsa4096,1,509,2.4371250183321536,2026-04-27T17:27:18,1822,OFF
1,rsa4096,1,510,2.446250000502914,2026-04-27T17:27:18,1822,OFF
1,rsa4096,1,511,2.4064999888651073,2026-04-27T17:27:18,1822,OFF
1,rsa4096,1,512,2.390541951172054,2026-04-27T17:27:18,1822,OFF
1,rsa4096,1,513,2.4858329561538994,2026-04-27T17:27:18,1822,OFF
1,rsa4096,1,514,2.454125031363219,2026-04-27T17:27:18,1822,OFF
1,rsa4096,1,515,2.4575419956818223,2026-04-27T17:27:18,1822,OFF
1,rsa4096,1,516,2.429666987154633,2026-04-27T17:27:18,1822,OFF
1,rsa4096,1,517,2.4949590442702174,2026-04-27T17:27:18,1822,OFF
1,rsa4096,1,518,2.4382920237258077,2026-04-27T17:27:18,1822,OFF
1,rsa4096,1,519,2.45349999750033,2026-04-27T17:27:18,1822,OFF
1,rsa4096,1,520,2.4495410034433007,2026-04-27T17:27:18,1822,OFF
1,rsa4096,1,521,2.445375022944063,2026-04-27T17:27:18,1822,OFF
1,rsa4096,1,522,2.5037910090759397,2026-04-27T17:27:18,1822,OFF
1,rsa4096,1,523,2.46787496143952,2026-04-27T17:27:18,1822,OFF
1,rsa4096,1,524,2.3735419963486493,2026-04-27T17:27:18,1822,OFF
1,rsa4096,1,525,2.943374973256141,2026-04-27T17:27:18,1822,OFF
1,rsa4096,1,526,2.41424998966977,2026-04-27T17:27:18,1822,OFF
1,rsa4096,1,527,2.4659999762661755,2026-04-27T17:27:18,1822,OFF
1,rsa4096,1,528,2.4516250123269856,2026-04-27T17:27:18,1822,OFF
1,rsa4096,1,529,2.443249977659434,2026-04-27T17:27:18,1822,OFF
1,rsa4096,1,530,2.433291985653341,2026-04-27T17:27:18,1822,OFF
1,rsa4096,1,531,2.3600829881615937,2026-04-27T17:27:18,1822,OFF
1,rsa4096,1,532,2.3874579928815365,2026-04-27T17:27:18,1822,OFF
1,rsa4096,1,533,2.425542043056339,2026-04-27T17:27:18,1822,OFF
1,rsa4096,1,534,2.4357910151593387,2026-04-27T17:27:18,1822,OFF
1,rsa4096,1,535,2.4249169509857893,2026-04-27T17:27:18,1822,OFF
1,rsa4096,1,536,2.4622499477118254,2026-04-27T17:27:18,1822,OFF
1,rsa4096,1,537,2.4480000138282776,2026-04-27T17:27:18,1822,OFF
1,rsa4096,1,538,2.4394170031882823,2026-04-27T17:27:18,1822,OFF
1,rsa4096,1,539,2.4543339968658984,2026-04-27T17:27:18,1822,OFF
1,rsa4096,1,540,2.4474170058965683,2026-04-27T17:27:18,1822,OFF
1,rsa4096,1,541,2.4388330057263374,2026-04-27T17:27:18,1822,OFF
1,rsa4096,1,542,2.4566249921917915,2026-04-27T17:27:18,1822,OFF
1,rsa4096,1,543,2.3302079644054174,2026-04-27T17:27:18,1822,OFF
1,rsa4096,1,544,2.378833945840597,2026-04-27T17:27:18,1822,OFF
1,rsa4096,1,545,2.398959011770785,2026-04-27T17:27:18,1822,OFF
1,rsa4096,1,546,2.4295419570989907,2026-04-27T17:27:18,1822,OFF
1,rsa4096,1,547,2.4210840347222984,2026-04-27T17:27:18,1822,OFF
1,rsa4096,1,548,2.434291993267834,2026-04-27T17:27:18,1822,OFF
1,rsa4096,1,549,2.4142919573932886,2026-04-27T17:27:18,1822,OFF
1,rsa4096,1,550,2.417750016320497,2026-04-27T17:27:18,1822,OFF
1,rsa4096,1,551,2.4345419951714575,2026-04-27T17:27:18,1822,OFF
1,rsa4096,1,552,2.4618750321678817,2026-04-27T17:27:18,1822,OFF
1,rsa4096,1,553,2.428875013720244,2026-04-27T17:27:18,1822,OFF
1,rsa4096,1,554,2.3714589769952,2026-04-27T17:27:18,1822,OFF
1,rsa4096,1,555,2.470542036462575,2026-04-27T17:27:18,1822,OFF
1,rsa4096,1,556,2.551582991145551,2026-04-27T17:27:18,1822,OFF
1,rsa4096,1,557,2.8789580101147294,2026-04-27T17:27:18,1822,OFF
1,rsa4096,1,558,2.4612919660285115,2026-04-27T17:27:18,1822,OFF
1,rsa4096,1,559,2.4347499711439013,2026-04-27T17:27:18,1822,OFF
1,rsa4096,1,560,2.441665972582996,2026-04-27T17:27:18,1822,OFF
1,rsa4096,1,561,2.461666997987777,2026-04-27T17:27:18,1822,OFF
1,rsa4096,1,562,2.4329160223715007,2026-04-27T17:27:18,1822,OFF
1,rsa4096,1,563,2.4488340131938457,2026-04-27T17:27:18,1822,OFF
1,rsa4096,1,564,2.4542920291423798,2026-04-27T17:27:18,1822,OFF
1,rsa4096,1,565,2.495582972187549,2026-04-27T17:27:18,1822,OFF
1,rsa4096,1,566,2.4431669735349715,2026-04-27T17:27:18,1822,OFF
1,rsa4096,1,567,2.495667024049908,2026-04-27T17:27:18,1822,OFF
1,rsa4096,1,568,2.4540829472243786,2026-04-27T17:27:18,1822,OFF
1,rsa4096,1,569,2.4788339505903423,2026-04-27T17:27:18,1822,OFF
1,rsa4096,1,570,2.4518329882994294,2026-04-27T17:27:18,1822,OFF
1,rsa4096,1,571,2.4741669767536223,2026-04-27T17:27:18,1822,OFF
1,rsa4096,1,572,2.480749972164631,2026-04-27T17:27:18,1822,OFF
1,rsa4096,1,573,2.496165980119258,2026-04-27T17:27:18,1822,OFF
1,rsa4096,1,574,2.3215420078486204,2026-04-27T17:27:18,1822,OFF
1,rsa4096,1,575,2.4052499793469906,2026-04-27T17:27:18,1822,OFF
1,rsa4096,1,576,2.4040829739533365,2026-04-27T17:27:18,1822,OFF
1,rsa4096,1,577,2.4545000051148236,2026-04-27T17:27:18,1822,OFF
1,rsa4096,1,578,2.421832992695272,2026-04-27T17:27:18,1822,OFF
1,rsa4096,1,579,2.4209999828599393,2026-04-27T17:27:18,1822,OFF
1,rsa4096,1,580,2.4918330018408597,2026-04-27T17:27:18,1822,OFF
1,rsa4096,1,581,2.4218749604187906,2026-04-27T17:27:18,1822,OFF
1,rsa4096,1,582,2.4219159968197346,2026-04-27T17:27:18,1822,OFF
1,rsa4096,1,583,2.4945830227807164,2026-04-27T17:27:18,1822,OFF
1,rsa4096,1,584,2.4373329943045974,2026-04-27T17:27:18,1822,OFF
1,rsa4096,1,585,2.4313749745488167,2026-04-27T17:27:18,1822,OFF
1,rsa4096,1,586,2.4714579922147095,2026-04-27T17:27:18,1822,OFF
1,rsa4096,1,587,2.456707996316254,2026-04-27T17:27:18,1822,OFF
1,rsa4096,1,588,2.449583960697055,2026-04-27T17:27:18,1822,OFF
1,rsa4096,1,589,3.0503339949063957,2026-04-27T17:27:18,1822,OFF
1,rsa4096,1,590,2.4457090185023844,2026-04-27T17:27:18,1822,OFF
1,rsa4096,1,591,2.437832998111844,2026-04-27T17:27:18,1822,OFF
1,rsa4096,1,592,2.4666659883223474,2026-04-27T17:27:18,1822,OFF
1,rsa4096,1,593,2.4383330019190907,2026-04-27T17:27:18,1822,OFF
1,rsa4096,1,594,2.4389169993810356,2026-04-27T17:27:18,1822,OFF
1,rsa4096,1,595,2.450041996780783,2026-04-27T17:27:18,1822,OFF
1,rsa4096,1,596,2.463916956912726,2026-04-27T17:27:18,1822,OFF
1,rsa4096,1,597,2.4455409729853272,2026-04-27T17:27:18,1822,OFF
1,rsa4096,1,598,2.4722079979255795,2026-04-27T17:27:18,1822,OFF
1,rsa4096,1,599,2.3122080019675195,2026-04-27T17:27:18,1822,OFF
1,rsa4096,1,600,2.3597090039402246,2026-04-27T17:27:18,1822,OFF
1,rsa4096,1,601,2.3722080513834953,2026-04-27T17:27:18,1822,OFF
1,rsa4096,1,602,2.3890419979579747,2026-04-27T17:27:18,1822,OFF
1,rsa4096,1,603,2.449750027153641,2026-04-27T17:27:18,1822,OFF
1,rsa4096,1,604,2.3354170261882246,2026-04-27T17:27:18,1822,OFF
1,rsa4096,1,605,2.593333018012345,2026-04-27T17:27:18,1822,OFF
1,rsa4096,1,606,2.4219590122811496,2026-04-27T17:27:18,1822,OFF
1,rsa4096,1,607,2.424708043690771,2026-04-27T17:27:18,1822,OFF
1,rsa4096,1,608,2.450999978464097,2026-04-27T17:27:18,1822,OFF
1,rsa4096,1,609,2.4529999936930835,2026-04-27T17:27:18,1822,OFF
1,rsa4096,1,610,2.492625033482909,2026-04-27T17:27:18,1822,OFF
1,rsa4096,1,611,2.49104097019881,2026-04-27T17:27:18,1822,OFF
1,rsa4096,1,612,2.416375034954399,2026-04-27T17:27:18,1822,OFF
1,rsa4096,1,613,2.4253750452771783,2026-04-27T17:27:18,1822,OFF
1,rsa4096,1,614,2.487290999852121,2026-04-27T17:27:18,1822,OFF
1,rsa4096,1,615,2.5132499868050218,2026-04-27T17:27:18,1822,OFF
1,rsa4096,1,616,2.44974996894598,2026-04-27T17:27:18,1822,OFF
1,rsa4096,1,617,2.4081250303424895,2026-04-27T17:27:18,1822,OFF
1,rsa4096,1,618,2.4253339506685734,2026-04-27T17:27:18,1822,OFF
1,rsa4096,1,619,2.470750012435019,2026-04-27T17:27:18,1822,OFF
1,rsa4096,1,620,2.483416988980025,2026-04-27T17:27:18,1822,OFF
1,rsa4096,1,621,3.052457992453128,2026-04-27T17:27:18,1822,OFF
1,rsa4096,1,622,2.419915981590748,2026-04-27T17:27:18,1822,OFF
1,rsa4096,1,623,2.4287919513881207,2026-04-27T17:27:18,1822,OFF
1,rsa4096,1,624,2.4094589753076434,2026-04-27T17:27:18,1822,OFF
1,rsa4096,1,625,2.4511669762432575,2026-04-27T17:27:18,1822,OFF
1,rsa4096,1,626,2.477708039805293,2026-04-27T17:27:18,1822,OFF
1,rsa4096,1,627,2.473458996973932,2026-04-27T17:27:18,1822,OFF
1,rsa4096,1,628,2.4774589692242444,2026-04-27T17:27:18,1822,OFF
1,rsa4096,1,629,2.4847500026226044,2026-04-27T17:27:18,1822,OFF
1,rsa4096,1,630,2.45666695991531,2026-04-27T17:27:19,1822,OFF
1,rsa4096,1,631,2.4566249921917915,2026-04-27T17:27:19,1822,OFF
1,rsa4096,1,632,2.4596249568276107,2026-04-27T17:27:19,1822,OFF
1,rsa4096,1,633,2.5031249970197678,2026-04-27T17:27:19,1822,OFF
1,rsa4096,1,634,2.4665420060046017,2026-04-27T17:27:19,1822,OFF
1,rsa4096,1,635,2.504125004634261,2026-04-27T17:27:19,1822,OFF
1,rsa4096,1,636,2.3631249787285924,2026-04-27T17:27:19,1822,OFF
1,rsa4096,1,637,2.401874982751906,2026-04-27T17:27:19,1822,OFF
1,rsa4096,1,638,2.410417015198618,2026-04-27T17:27:19,1822,OFF
1,rsa4096,1,639,2.4557080469094217,2026-04-27T17:27:19,1822,OFF
1,rsa4096,1,640,2.438124967738986,2026-04-27T17:27:19,1822,OFF
1,rsa4096,1,641,2.4356250069104135,2026-04-27T17:27:19,1822,OFF
1,rsa4096,1,642,2.432999957818538,2026-04-27T17:27:19,1822,OFF
1,rsa4096,1,643,2.434207999613136,2026-04-27T17:27:19,1822,OFF
1,rsa4096,1,644,2.4369590100832283,2026-04-27T17:27:19,1822,OFF
1,rsa4096,1,645,2.493749954737723,2026-04-27T17:27:19,1822,OFF
1,rsa4096,1,646,2.4661250063218176,2026-04-27T17:27:19,1822,OFF
1,rsa4096,1,647,2.444916986860335,2026-04-27T17:27:19,1822,OFF
1,rsa4096,1,648,2.503249968867749,2026-04-27T17:27:19,1822,OFF
1,rsa4096,1,649,2.4501250009052455,2026-04-27T17:27:19,1822,OFF
1,rsa4096,1,650,2.455083013046533,2026-04-27T17:27:19,1822,OFF
1,rsa4096,2,1,2.577708975877613,2026-04-27T17:27:21,3664,OFF
1,rsa4096,2,2,2.400832949206233,2026-04-27T17:27:21,3664,OFF
1,rsa4096,2,3,2.3937499499879777,2026-04-27T17:27:21,3664,OFF
1,rsa4096,2,4,2.396833966486156,2026-04-27T17:27:21,3664,OFF
1,rsa4096,2,5,2.400000055786222,2026-04-27T17:27:21,3664,OFF
1,rsa4096,2,6,2.4182500201277435,2026-04-27T17:27:21,3664,OFF
1,rsa4096,2,7,2.388125052675605,2026-04-27T17:27:21,3664,OFF
1,rsa4096,2,8,2.389749977737665,2026-04-27T17:27:21,3664,OFF
1,rsa4096,2,9,2.420583041384816,2026-04-27T17:27:21,3664,OFF
1,rsa4096,2,10,2.4187079980038106,2026-04-27T17:27:21,3664,OFF
1,rsa4096,2,11,2.4348750011995435,2026-04-27T17:27:21,3664,OFF
1,rsa4096,2,12,2.407666004728526,2026-04-27T17:27:21,3664,OFF
1,rsa4096,2,13,2.987459010910243,2026-04-27T17:27:21,3664,OFF
1,rsa4096,2,14,2.431625034660101,2026-04-27T17:27:21,3664,OFF
1,rsa4096,2,15,2.430125023238361,2026-04-27T17:27:21,3664,OFF
1,rsa4096,2,16,2.422125020530075,2026-04-27T17:27:21,3664,OFF
1,rsa4096,2,17,2.4299159995280206,2026-04-27T17:27:21,3664,OFF
1,rsa4096,2,18,2.4246249813586473,2026-04-27T17:27:21,3664,OFF
1,rsa4096,2,19,2.4821250117383897,2026-04-27T17:27:21,3664,OFF
1,rsa4096,2,20,2.465416968334466,2026-04-27T17:27:21,3664,OFF
1,rsa4096,2,21,2.4557079887017608,2026-04-27T17:27:21,3664,OFF
1,rsa4096,2,22,2.434916968923062,2026-04-27T17:27:21,3664,OFF
1,rsa4096,2,23,2.461416006553918,2026-04-27T17:27:21,3664,OFF
1,rsa4096,2,24,2.459542010910809,2026-04-27T17:27:21,3664,OFF
1,rsa4096,2,25,2.4400000111199915,2026-04-27T17:27:21,3664,OFF
1,rsa4096,2,26,2.4597080191597342,2026-04-27T17:27:21,3664,OFF
1,rsa4096,2,27,2.423665951937437,2026-04-27T17:27:21,3664,OFF
1,rsa4096,2,28,2.4458749685436487,2026-04-27T17:27:21,3664,OFF
1,rsa4096,2,29,2.445666992571205,2026-04-27T17:27:21,3664,OFF
1,rsa4096,2,30,2.444583980832249,2026-04-27T17:27:21,3664,OFF
1,rsa4096,2,31,2.4444159935228527,2026-04-27T17:27:21,3664,OFF
1,rsa4096,2,32,2.4470839998684824,2026-04-27T17:27:21,3664,OFF
1,rsa4096,2,33,2.4722079979255795,2026-04-27T17:27:21,3664,OFF
1,rsa4096,2,34,2.4550000089220703,2026-04-27T17:27:21,3664,OFF
1,rsa4096,2,35,2.4613330024294555,2026-04-27T17:27:21,3664,OFF
1,rsa4096,2,36,2.445666992571205,2026-04-27T17:27:21,3664,OFF
1,rsa4096,2,37,2.461583004333079,2026-04-27T17:27:21,3664,OFF
1,rsa4096,2,38,2.4658330366946757,2026-04-27T17:27:21,3664,OFF
1,rsa4096,2,39,2.423750003799796,2026-04-27T17:27:21,3664,OFF
1,rsa4096,2,40,2.427875006105751,2026-04-27T17:27:21,3664,OFF
1,rsa4096,2,41,2.461375028360635,2026-04-27T17:27:21,3664,OFF
1,rsa4096,2,42,2.461791969835758,2026-04-27T17:27:21,3664,OFF
1,rsa4096,2,43,2.4697090266272426,2026-04-27T17:27:21,3664,OFF
1,rsa4096,2,44,2.4868749896995723,2026-04-27T17:27:21,3664,OFF
1,rsa4096,2,45,3.007249964866787,2026-04-27T17:27:21,3664,OFF
1,rsa4096,2,46,2.461374970152974,2026-04-27T17:27:21,3664,OFF
1,rsa4096,2,47,2.4758329964242876,2026-04-27T17:27:21,3664,OFF
1,rsa4096,2,48,2.4807079462334514,2026-04-27T17:27:21,3664,OFF
1,rsa4096,2,49,2.4673339794389904,2026-04-27T17:27:21,3664,OFF
1,rsa4096,2,50,2.4680420174263418,2026-04-27T17:27:21,3664,OFF
1,rsa4096,2,51,2.4623749777674675,2026-04-27T17:27:21,3664,OFF
1,rsa4096,2,52,2.4729580036364496,2026-04-27T17:27:21,3664,OFF
1,rsa4096,2,53,2.4835410295054317,2026-04-27T17:27:21,3664,OFF
1,rsa4096,2,54,2.6700000162236392,2026-04-27T17:27:21,3664,OFF
1,rsa4096,2,55,2.4721670197322965,2026-04-27T17:27:21,3664,OFF
1,rsa4096,2,56,2.461666997987777,2026-04-27T17:27:21,3664,OFF
1,rsa4096,2,57,2.4643749929964542,2026-04-27T17:27:21,3664,OFF
1,rsa4096,2,58,2.45779100805521,2026-04-27T17:27:21,3664,OFF
1,rsa4096,2,59,2.474500040989369,2026-04-27T17:27:21,3664,OFF
1,rsa4096,2,60,2.4740410153754056,2026-04-27T17:27:21,3664,OFF
1,rsa4096,2,61,2.4435410159640014,2026-04-27T17:27:21,3664,OFF
1,rsa4096,2,62,2.483790973201394,2026-04-27T17:27:21,3664,OFF
1,rsa4096,2,63,2.3801669594831765,2026-04-27T17:27:21,3664,OFF
1,rsa4096,2,64,2.3986250162124634,2026-04-27T17:27:21,3664,OFF
1,rsa4096,2,65,2.437499992083758,2026-04-27T17:27:21,3664,OFF
1,rsa4096,2,66,2.4830829934217036,2026-04-27T17:27:21,3664,OFF
1,rsa4096,2,67,2.4260409991256893,2026-04-27T17:27:21,3664,OFF
1,rsa4096,2,68,2.446041035000235,2026-04-27T17:27:21,3664,OFF
1,rsa4096,2,69,2.4705410469323397,2026-04-27T17:27:21,3664,OFF
1,rsa4096,2,70,2.4595000431872904,2026-04-27T17:27:21,3664,OFF
1,rsa4096,2,71,2.4658339680172503,2026-04-27T17:27:21,3664,OFF
1,rsa4096,2,72,2.497082983609289,2026-04-27T17:27:21,3664,OFF
1,rsa4096,2,73,2.4741250090301037,2026-04-27T17:27:21,3664,OFF
1,rsa4096,2,74,2.4525000480934978,2026-04-27T17:27:21,3664,OFF
1,rsa4096,2,75,2.4818340316414833,2026-04-27T17:27:21,3664,OFF
1,rsa4096,2,76,2.4632919812574983,2026-04-27T17:27:21,3664,OFF
1,rsa4096,2,77,2.9939159867353737,2026-04-27T17:27:21,3664,OFF
1,rsa4096,2,78,2.474999986588955,2026-04-27T17:27:21,3664,OFF
1,rsa4096,2,79,2.501749957446009,2026-04-27T17:27:21,3664,OFF
1,rsa4096,2,80,2.458584029227495,2026-04-27T17:27:21,3664,OFF
1,rsa4096,2,81,2.455500012729317,2026-04-27T17:27:21,3664,OFF
1,rsa4096,2,82,2.511124999728054,2026-04-27T17:27:21,3664,OFF
1,rsa4096,2,83,2.4830420152284205,2026-04-27T17:27:21,3664,OFF
1,rsa4096,2,84,2.4672920117154717,2026-04-27T17:27:21,3664,OFF
1,rsa4096,2,85,2.433417015708983,2026-04-27T17:27:21,3664,OFF
1,rsa4096,2,86,2.430542022921145,2026-04-27T17:27:21,3664,OFF
1,rsa4096,2,87,2.4425830342806876,2026-04-27T17:27:21,3664,OFF
1,rsa4096,2,88,2.490042010322213,2026-04-27T17:27:21,3664,OFF
1,rsa4096,2,89,2.472999971359968,2026-04-27T17:27:21,3664,OFF
1,rsa4096,2,90,2.4650420527905226,2026-04-27T17:27:21,3664,OFF
1,rsa4096,2,91,2.447833016049117,2026-04-27T17:27:21,3664,OFF
1,rsa4096,2,92,2.441457996610552,2026-04-27T17:27:21,3664,OFF
1,rsa4096,2,93,2.4839589605107903,2026-04-27T17:27:21,3664,OFF
1,rsa4096,2,94,2.4752499884925783,2026-04-27T17:27:21,3664,OFF
1,rsa4096,2,95,2.4871660280041397,2026-04-27T17:27:21,3664,OFF
1,rsa4096,2,96,2.4757080245763063,2026-04-27T17:27:21,3664,OFF
1,rsa4096,2,97,2.480875002220273,2026-04-27T17:27:21,3664,OFF
1,rsa4096,2,98,2.419415977783501,2026-04-27T17:27:21,3664,OFF
1,rsa4096,2,99,2.4634170113131404,2026-04-27T17:27:21,3664,OFF
1,rsa4096,2,100,2.470041043125093,2026-04-27T17:27:21,3664,OFF
1,rsa4096,2,101,2.4676250177435577,2026-04-27T17:27:21,3664,OFF
1,rsa4096,2,102,2.465166966430843,2026-04-27T17:27:21,3664,OFF
1,rsa4096,2,103,2.5126669788733125,2026-04-27T17:27:21,3664,OFF
1,rsa4096,2,104,2.6436669868417084,2026-04-27T17:27:21,3664,OFF
1,rsa4096,2,105,2.454083994962275,2026-04-27T17:27:21,3664,OFF
1,rsa4096,2,106,2.440290991216898,2026-04-27T17:27:21,3664,OFF
1,rsa4096,2,107,2.47012497857213,2026-04-27T17:27:21,3664,OFF
1,rsa4096,2,108,2.4876249954104424,2026-04-27T17:27:21,3664,OFF
1,rsa4096,2,109,3.017250041011721,2026-04-27T17:27:21,3664,OFF
1,rsa4096,2,110,2.5173749891109765,2026-04-27T17:27:21,3664,OFF
1,rsa4096,2,111,2.4890839704312384,2026-04-27T17:27:21,3664,OFF
1,rsa4096,2,112,2.506875025574118,2026-04-27T17:27:21,3664,OFF
1,rsa4096,2,113,2.467749989591539,2026-04-27T17:27:21,3664,OFF
1,rsa4096,2,114,2.4726249976083636,2026-04-27T17:27:21,3664,OFF
1,rsa4096,2,115,2.5160000077448785,2026-04-27T17:27:21,3664,OFF
1,rsa4096,2,116,2.4380830000154674,2026-04-27T17:27:21,3664,OFF
1,rsa4096,2,117,2.3922500549815595,2026-04-27T17:27:21,3664,OFF
1,rsa4096,2,118,2.4263340164907277,2026-04-27T17:27:21,3664,OFF
1,rsa4096,2,119,2.4471660144627094,2026-04-27T17:27:21,3664,OFF
1,rsa4096,2,120,2.4750420125201344,2026-04-27T17:27:21,3664,OFF
1,rsa4096,2,121,2.458208007737994,2026-04-27T17:27:21,3664,OFF
1,rsa4096,2,122,2.4841250269673765,2026-04-27T17:27:21,3664,OFF
1,rsa4096,2,123,2.41499999538064,2026-04-27T17:27:21,3664,OFF
1,rsa4096,2,124,2.4340000236406922,2026-04-27T17:27:21,3664,OFF
1,rsa4096,2,125,2.4687499972060323,2026-04-27T17:27:21,3664,OFF
1,rsa4096,2,126,2.4560830206610262,2026-04-27T17:27:21,3664,OFF
1,rsa4096,2,127,2.472749969456345,2026-04-27T17:27:21,3664,OFF
1,rsa4096,2,128,2.4397909874096513,2026-04-27T17:27:21,3664,OFF
1,rsa4096,2,129,2.459749986883253,2026-04-27T17:27:21,3664,OFF
1,rsa4096,2,130,2.4736669729463756,2026-04-27T17:27:21,3664,OFF
1,rsa4096,2,131,2.4889999767765403,2026-04-27T17:27:21,3664,OFF
1,rsa4096,2,132,2.4675409658811986,2026-04-27T17:27:21,3664,OFF
1,rsa4096,2,133,2.472416963428259,2026-04-27T17:27:21,3664,OFF
1,rsa4096,2,134,2.483457967173308,2026-04-27T17:27:21,3664,OFF
1,rsa4096,2,135,2.4507089983671904,2026-04-27T17:27:21,3664,OFF
1,rsa4096,2,136,2.4624160141684115,2026-04-27T17:27:21,3664,OFF
1,rsa4096,2,137,2.481791947502643,2026-04-27T17:27:21,3664,OFF
1,rsa4096,2,138,2.482375013642013,2026-04-27T17:27:21,3664,OFF
1,rsa4096,2,139,2.500667003914714,2026-04-27T17:27:21,3664,OFF
1,rsa4096,2,140,2.4144169874489307,2026-04-27T17:27:21,3664,OFF
1,rsa4096,2,141,3.0040409765206277,2026-04-27T17:27:21,3664,OFF
1,rsa4096,2,142,2.4487500195391476,2026-04-27T17:27:21,3664,OFF
1,rsa4096,2,143,2.4093330139294267,2026-04-27T17:27:21,3664,OFF
1,rsa4096,2,144,2.452292013913393,2026-04-27T17:27:21,3664,OFF
1,rsa4096,2,145,2.410167013294995,2026-04-27T17:27:21,3664,OFF
1,rsa4096,2,146,2.457084017805755,2026-04-27T17:27:21,3664,OFF
1,rsa4096,2,147,2.424374979455024,2026-04-27T17:27:21,3664,OFF
1,rsa4096,2,148,2.4608750245533884,2026-04-27T17:27:21,3664,OFF
1,rsa4096,2,149,2.467291022185236,2026-04-27T17:27:21,3664,OFF
1,rsa4096,2,150,2.4773330078460276,2026-04-27T17:27:21,3664,OFF
1,rsa4096,2,151,2.4772920296527445,2026-04-27T17:27:21,3664,OFF
1,rsa4096,2,152,2.4688750272616744,2026-04-27T17:27:21,3664,OFF
1,rsa4096,2,153,2.5280829868279397,2026-04-27T17:27:21,3664,OFF
1,rsa4096,2,154,2.7131669921800494,2026-04-27T17:27:21,3664,OFF
1,rsa4096,2,155,2.4346670252270997,2026-04-27T17:27:21,3664,OFF
1,rsa4096,2,156,2.4094590335153043,2026-04-27T17:27:21,3664,OFF
1,rsa4096,2,157,2.401583013124764,2026-04-27T17:27:21,3664,OFF
1,rsa4096,2,158,2.3975829826667905,2026-04-27T17:27:21,3664,OFF
1,rsa4096,2,159,2.4973329855129123,2026-04-27T17:27:21,3664,OFF
1,rsa4096,2,160,2.37183301942423,2026-04-27T17:27:21,3664,OFF
1,rsa4096,2,161,2.394291979726404,2026-04-27T17:27:21,3664,OFF
1,rsa4096,2,162,2.4725000257603824,2026-04-27T17:27:21,3664,OFF
1,rsa4096,2,163,2.439709031023085,2026-04-27T17:27:21,3664,OFF
1,rsa4096,2,164,2.4599579628556967,2026-04-27T17:27:21,3664,OFF
1,rsa4096,2,165,2.4757080245763063,2026-04-27T17:27:21,3664,OFF
1,rsa4096,2,166,2.411791996564716,2026-04-27T17:27:21,3664,OFF
1,rsa4096,2,167,2.389749977737665,2026-04-27T17:27:21,3664,OFF
1,rsa4096,2,168,2.3963749990798533,2026-04-27T17:27:21,3664,OFF
1,rsa4096,2,169,2.404833969194442,2026-04-27T17:27:21,3664,OFF
1,rsa4096,2,170,2.4260839563794434,2026-04-27T17:27:21,3664,OFF
1,rsa4096,2,171,2.404041006229818,2026-04-27T17:27:21,3664,OFF
1,rsa4096,2,172,2.450500032864511,2026-04-27T17:27:21,3664,OFF
1,rsa4096,2,173,2.9923749971203506,2026-04-27T17:27:21,3664,OFF
1,rsa4096,2,174,2.4685829994268715,2026-04-27T17:27:21,3664,OFF
1,rsa4096,2,175,2.4739160435274243,2026-04-27T17:27:21,3664,OFF
1,rsa4096,2,176,2.4755840422585607,2026-04-27T17:27:21,3664,OFF
1,rsa4096,2,177,2.450584026519209,2026-04-27T17:27:21,3664,OFF
1,rsa4096,2,178,2.440667012706399,2026-04-27T17:27:21,3664,OFF
1,rsa4096,2,179,2.39162496291101,2026-04-27T17:27:21,3664,OFF
1,rsa4096,2,180,2.425125043373555,2026-04-27T17:27:21,3664,OFF
1,rsa4096,2,181,2.414708025753498,2026-04-27T17:27:21,3664,OFF
1,rsa4096,2,182,2.429792017210275,2026-04-27T17:27:21,3664,OFF
1,rsa4096,2,183,2.449291991069913,2026-04-27T17:27:21,3664,OFF
1,rsa4096,2,184,2.4677920155227184,2026-04-27T17:27:21,3664,OFF
1,rsa4096,2,185,2.378624980337918,2026-04-27T17:27:21,3664,OFF
1,rsa4096,2,186,2.3894169717095792,2026-04-27T17:27:21,3664,OFF
1,rsa4096,2,187,2.434082969557494,2026-04-27T17:27:21,3664,OFF
1,rsa4096,2,188,2.464583027176559,2026-04-27T17:27:21,3664,OFF
1,rsa4096,2,189,2.4504580069333315,2026-04-27T17:27:21,3664,OFF
1,rsa4096,2,190,2.4798749946057796,2026-04-27T17:27:21,3664,OFF
1,rsa4096,2,191,2.4161250330507755,2026-04-27T17:27:21,3664,OFF
1,rsa4096,2,192,2.412457950413227,2026-04-27T17:27:21,3664,OFF
1,rsa4096,2,193,2.427999977953732,2026-04-27T17:27:21,3664,OFF
1,rsa4096,2,194,2.4383330019190907,2026-04-27T17:27:21,3664,OFF
1,rsa4096,2,195,2.4691250291652977,2026-04-27T17:27:21,3664,OFF
1,rsa4096,2,196,2.4699170025996864,2026-04-27T17:27:21,3664,OFF
1,rsa4096,2,197,2.559416985604912,2026-04-27T17:27:21,3664,OFF
1,rsa4096,2,198,2.472582971677184,2026-04-27T17:27:21,3664,OFF
1,rsa4096,2,199,2.488165977410972,2026-04-27T17:27:21,3664,OFF
1,rsa4096,2,200,2.4806250003166497,2026-04-27T17:27:21,3664,OFF
1,rsa4096,2,201,2.4852080387063324,2026-04-27T17:27:21,3664,OFF
1,rsa4096,2,202,2.476458961609751,2026-04-27T17:27:21,3664,OFF
1,rsa4096,2,203,2.5515409652143717,2026-04-27T17:27:21,3664,OFF
1,rsa4096,2,204,2.6667079655453563,2026-04-27T17:27:21,3664,OFF
1,rsa4096,2,205,3.030249965377152,2026-04-27T17:27:21,3664,OFF
1,rsa4096,2,206,2.490375016350299,2026-04-27T17:27:21,3664,OFF
1,rsa4096,2,207,2.476499998010695,2026-04-27T17:27:21,3664,OFF
1,rsa4096,2,208,2.4827500456012785,2026-04-27T17:27:21,3664,OFF
1,rsa4096,2,209,2.4761660024523735,2026-04-27T17:27:21,3664,OFF
1,rsa4096,2,210,2.385209023486823,2026-04-27T17:27:21,3664,OFF
1,rsa4096,2,211,2.3780829505994916,2026-04-27T17:27:21,3664,OFF
1,rsa4096,2,212,2.407583990134299,2026-04-27T17:27:21,3664,OFF
1,rsa4096,2,213,2.4379160022363067,2026-04-27T17:27:21,3664,OFF
1,rsa4096,2,214,2.46170797618106,2026-04-27T17:27:21,3664,OFF
1,rsa4096,2,215,2.4826660519465804,2026-04-27T17:27:21,3664,OFF
1,rsa4096,2,216,2.4605829967185855,2026-04-27T17:27:21,3664,OFF
1,rsa4096,2,217,2.4774170015007257,2026-04-27T17:27:21,3664,OFF
1,rsa4096,2,218,2.475875022355467,2026-04-27T17:27:21,3664,OFF
1,rsa4096,2,219,2.464582968968898,2026-04-27T17:27:21,3664,OFF
1,rsa4096,2,220,2.479833026882261,2026-04-27T17:27:21,3664,OFF
1,rsa4096,2,221,2.509916026610881,2026-04-27T17:27:21,3664,OFF
1,rsa4096,2,222,2.4959580041468143,2026-04-27T17:27:21,3664,OFF
1,rsa4096,2,223,2.4054579553194344,2026-04-27T17:27:21,3664,OFF
1,rsa4096,2,224,2.4765830021351576,2026-04-27T17:27:21,3664,OFF
1,rsa4096,2,225,2.44824995752424,2026-04-27T17:27:21,3664,OFF
1,rsa4096,2,226,2.4762499961070716,2026-04-27T17:27:21,3664,OFF
1,rsa4096,2,227,2.469874976668507,2026-04-27T17:27:21,3664,OFF
1,rsa4096,2,228,2.5078330072574317,2026-04-27T17:27:21,3664,OFF
1,rsa4096,2,229,2.4812499759718776,2026-04-27T17:27:21,3664,OFF
1,rsa4096,2,230,2.4912080261856318,2026-04-27T17:27:21,3664,OFF
1,rsa4096,2,231,2.524250012356788,2026-04-27T17:27:21,3664,OFF
1,rsa4096,2,232,2.5127920089289546,2026-04-27T17:27:21,3664,OFF
1,rsa4096,2,233,2.49633303610608,2026-04-27T17:27:21,3664,OFF
1,rsa4096,2,234,2.5031669647432864,2026-04-27T17:27:21,3664,OFF
1,rsa4096,2,235,2.5185419945046306,2026-04-27T17:27:21,3664,OFF
1,rsa4096,2,236,2.5082079810090363,2026-04-27T17:27:21,3664,OFF
1,rsa4096,2,237,3.131709003355354,2026-04-27T17:27:21,3664,OFF
1,rsa4096,2,238,2.532334008719772,2026-04-27T17:27:21,3664,OFF
1,rsa4096,2,239,2.51837499672547,2026-04-27T17:27:21,3664,OFF
1,rsa4096,2,240,2.4138750159181654,2026-04-27T17:27:21,3664,OFF
1,rsa4096,2,241,2.39108398091048,2026-04-27T17:27:21,3664,OFF
1,rsa4096,2,242,2.4294580216519535,2026-04-27T17:27:21,3664,OFF
1,rsa4096,2,243,2.4190839612856507,2026-04-27T17:27:21,3664,OFF
1,rsa4096,2,244,2.4329580483026803,2026-04-27T17:27:21,3664,OFF
1,rsa4096,2,245,2.437499992083758,2026-04-27T17:27:21,3664,OFF
1,rsa4096,2,246,2.444583980832249,2026-04-27T17:27:21,3664,OFF
1,rsa4096,2,247,2.3913340410217643,2026-04-27T17:27:21,3664,OFF
1,rsa4096,2,248,2.4300829973071814,2026-04-27T17:27:21,3664,OFF
1,rsa4096,2,249,2.4845419684424996,2026-04-27T17:27:21,3664,OFF
1,rsa4096,2,250,2.441124990582466,2026-04-27T17:27:21,3664,OFF
1,rsa4096,2,251,2.483125019352883,2026-04-27T17:27:21,3664,OFF
1,rsa4096,2,252,2.493667008820921,2026-04-27T17:27:21,3664,OFF
1,rsa4096,2,253,2.5129999849013984,2026-04-27T17:27:21,3664,OFF
1,rsa4096,2,254,2.53520900150761,2026-04-27T17:27:21,3664,OFF
1,rsa4096,2,255,2.4290410219691694,2026-04-27T17:27:21,3664,OFF
1,rsa4096,2,256,2.4247089750133455,2026-04-27T17:27:21,3664,OFF
1,rsa4096,2,257,2.435875008814037,2026-04-27T17:27:21,3664,OFF
1,rsa4096,2,258,2.457916969433427,2026-04-27T17:27:21,3664,OFF
1,rsa4096,2,259,2.4956249981187284,2026-04-27T17:27:21,3664,OFF
1,rsa4096,2,260,2.3935000062920153,2026-04-27T17:27:21,3664,OFF
1,rsa4096,2,261,2.4161249748431146,2026-04-27T17:27:21,3664,OFF
1,rsa4096,2,262,2.483165997546166,2026-04-27T17:27:21,3664,OFF
1,rsa4096,2,263,2.475833985954523,2026-04-27T17:27:21,3664,OFF
1,rsa4096,2,264,2.471957996021956,2026-04-27T17:27:21,3664,OFF
1,rsa4096,2,265,2.435250033158809,2026-04-27T17:27:21,3664,OFF
1,rsa4096,2,266,2.4161249748431146,2026-04-27T17:27:21,3664,OFF
1,rsa4096,2,267,2.4288749555125833,2026-04-27T17:27:21,3664,OFF
1,rsa4096,2,268,2.4688749690540135,2026-04-27T17:27:21,3664,OFF
1,rsa4096,2,269,2.999999967869371,2026-04-27T17:27:21,3664,OFF
1,rsa4096,2,270,2.4638749891892076,2026-04-27T17:27:21,3664,OFF
1,rsa4096,2,271,2.4805000284686685,2026-04-27T17:27:21,3664,OFF
1,rsa4096,2,272,2.508374978788197,2026-04-27T17:27:21,3664,OFF
1,rsa4096,2,273,2.465958008542657,2026-04-27T17:27:21,3664,OFF
1,rsa4096,2,274,2.4896670365706086,2026-04-27T17:27:21,3664,OFF
1,rsa4096,2,275,2.4710840079933405,2026-04-27T17:27:21,3664,OFF
1,rsa4096,2,276,2.4753750185482204,2026-04-27T17:27:21,3664,OFF
1,rsa4096,2,277,2.446416998282075,2026-04-27T17:27:21,3664,OFF
1,rsa4096,2,278,2.3996250238269567,2026-04-27T17:27:21,3664,OFF
1,rsa4096,2,279,2.4212500429712236,2026-04-27T17:27:21,3664,OFF
1,rsa4096,2,280,2.452332992106676,2026-04-27T17:27:21,3664,OFF
1,rsa4096,2,281,2.4459580308757722,2026-04-27T17:27:21,3664,OFF
1,rsa4096,2,282,2.5005839997902513,2026-04-27T17:27:21,3664,OFF
1,rsa4096,2,283,2.4972499813884497,2026-04-27T17:27:21,3664,OFF
1,rsa4096,2,284,2.4900829885154963,2026-04-27T17:27:21,3664,OFF
1,rsa4096,2,285,2.4818750098347664,2026-04-27T17:27:21,3664,OFF
1,rsa4096,2,286,2.4897080147638917,2026-04-27T17:27:21,3664,OFF
1,rsa4096,2,287,2.494624990504235,2026-04-27T17:27:21,3664,OFF
1,rsa4096,2,288,2.4845829466357827,2026-04-27T17:27:21,3664,OFF
1,rsa4096,2,289,2.489707956556231,2026-04-27T17:27:21,3664,OFF
1,rsa4096,2,290,2.5407500215806067,2026-04-27T17:27:21,3664,OFF
1,rsa4096,2,291,2.4269590503536165,2026-04-27T17:27:21,3664,OFF
1,rsa4096,2,292,2.786708006169647,2026-04-27T17:27:21,3664,OFF
1,rsa4096,2,293,2.4543339968658984,2026-04-27T17:27:21,3664,OFF
1,rsa4096,2,294,2.6947500300593674,2026-04-27T17:27:21,3664,OFF
1,rsa4096,2,295,2.7417499804869294,2026-04-27T17:27:21,3664,OFF
1,rsa4096,2,296,2.7521660085767508,2026-04-27T17:27:21,3664,OFF
1,rsa4096,2,297,2.6957080117426813,2026-04-27T17:27:21,3664,OFF
1,rsa4096,2,298,2.729791041929275,2026-04-27T17:27:21,3664,OFF
1,rsa4096,2,299,2.5586659903638065,2026-04-27T17:27:21,3664,OFF
1,rsa4096,2,300,2.4827919551171362,2026-04-27T17:27:21,3664,OFF
1,rsa4096,2,301,3.0489579658024013,2026-04-27T17:27:21,3664,OFF
1,rsa4096,2,302,2.4746250128373504,2026-04-27T17:27:21,3664,OFF
1,rsa4096,2,303,2.9375829617492855,2026-04-27T17:27:21,3664,OFF
1,rsa4096,2,304,2.518833032809198,2026-04-27T17:27:21,3664,OFF
1,rsa4096,2,305,2.72733299061656,2026-04-27T17:27:21,3664,OFF
1,rsa4096,2,306,2.7258750051259995,2026-04-27T17:27:21,3664,OFF
1,rsa4096,2,307,3.512334020342678,2026-04-27T17:27:21,3664,OFF
1,rsa4096,2,308,9.647624974604696,2026-04-27T17:27:21,3664,OFF
1,rsa4096,2,309,5.547459004446864,2026-04-27T17:27:21,3664,OFF
1,rsa4096,2,310,3.6406249855645,2026-04-27T17:27:21,3664,OFF
1,rsa4096,2,311,5.082875024527311,2026-04-27T17:27:21,3664,OFF
1,rsa4096,2,312,2.6382909854874015,2026-04-27T17:27:21,3664,OFF
1,rsa4096,2,313,2.6664590113796294,2026-04-27T17:27:22,3664,OFF
1,rsa4096,2,314,2.645915956236422,2026-04-27T17:27:22,3664,OFF
1,rsa4096,2,315,2.6644589961506426,2026-04-27T17:27:22,3664,OFF
1,rsa4096,2,316,2.6499999803490937,2026-04-27T17:27:22,3664,OFF
1,rsa4096,2,317,2.6375000015832484,2026-04-27T17:27:22,3664,OFF
1,rsa4096,2,318,2.6941249961964786,2026-04-27T17:27:22,3664,OFF
1,rsa4096,2,319,3.1489580287598073,2026-04-27T17:27:22,3664,OFF
1,rsa4096,2,320,3.625415964052081,2026-04-27T17:27:22,3664,OFF
1,rsa4096,2,321,6.09229103429243,2026-04-27T17:27:22,3664,OFF
1,rsa4096,2,322,2.7347499853931367,2026-04-27T17:27:22,3664,OFF
1,rsa4096,2,323,2.743958029896021,2026-04-27T17:27:22,3664,OFF
1,rsa4096,2,324,2.667540975380689,2026-04-27T17:27:22,3664,OFF
1,rsa4096,2,325,2.742875018157065,2026-04-27T17:27:22,3664,OFF
1,rsa4096,2,326,2.702917030546814,2026-04-27T17:27:22,3664,OFF
1,rsa4096,2,327,2.6796660386025906,2026-04-27T17:27:22,3664,OFF
1,rsa4096,2,328,2.703000034671277,2026-04-27T17:27:22,3664,OFF
1,rsa4096,2,329,2.52979202196002,2026-04-27T17:27:22,3664,OFF
1,rsa4096,2,330,2.618291007820517,2026-04-27T17:27:22,3664,OFF
1,rsa4096,2,331,3.5924589610658586,2026-04-27T17:27:22,3664,OFF
1,rsa4096,2,332,2.6912919711321592,2026-04-27T17:27:22,3664,OFF
1,rsa4096,2,333,3.3604580094106495,2026-04-27T17:27:22,3664,OFF
1,rsa4096,2,334,2.7942919987253845,2026-04-27T17:27:22,3664,OFF
1,rsa4096,2,335,2.708250016439706,2026-04-27T17:27:22,3664,OFF
1,rsa4096,2,336,2.7357919607311487,2026-04-27T17:27:22,3664,OFF
1,rsa4096,2,337,2.90245795622468,2026-04-27T17:27:22,3664,OFF
1,rsa4096,2,338,2.8521670028567314,2026-04-27T17:27:22,3664,OFF
1,rsa4096,2,339,2.7352500474080443,2026-04-27T17:27:22,3664,OFF
1,rsa4096,2,340,2.75591597892344,2026-04-27T17:27:22,3664,OFF
1,rsa4096,2,341,2.583333000075072,2026-04-27T17:27:22,3664,OFF
1,rsa4096,2,342,2.6689160149544477,2026-04-27T17:27:22,3664,OFF
1,rsa4096,2,343,2.6658340357244015,2026-04-27T17:27:22,3664,OFF
1,rsa4096,2,344,2.6607090258039534,2026-04-27T17:27:22,3664,OFF
1,rsa4096,2,345,2.672625007107854,2026-04-27T17:27:22,3664,OFF
1,rsa4096,2,346,2.597374957986176,2026-04-27T17:27:22,3664,OFF
1,rsa4096,2,347,4.049165989272296,2026-04-27T17:27:22,3664,OFF
1,rsa4096,2,348,2.9378749895840883,2026-04-27T17:27:22,3664,OFF
1,rsa4096,2,349,2.708999963942915,2026-04-27T17:27:22,3664,OFF
1,rsa4096,2,350,2.7767500141635537,2026-04-27T17:27:22,3664,OFF
1,rsa4096,2,351,2.6971669867634773,2026-04-27T17:27:22,3664,OFF
1,rsa4096,2,352,2.6269169757142663,2026-04-27T17:27:22,3664,OFF
1,rsa4096,2,353,2.8339580167084932,2026-04-27T17:27:22,3664,OFF
1,rsa4096,2,354,2.659958030562848,2026-04-27T17:27:22,3664,OFF
1,rsa4096,2,355,3.009542007930577,2026-04-27T17:27:22,3664,OFF
1,rsa4096,2,356,2.641750033944845,2026-04-27T17:27:22,3664,OFF
1,rsa4096,2,357,2.6471249875612557,2026-04-27T17:27:22,3664,OFF
1,rsa4096,2,358,2.9417499899864197,2026-04-27T17:27:22,3664,OFF
1,rsa4096,2,359,2.645959029905498,2026-04-27T17:27:22,3664,OFF
1,rsa4096,2,360,2.7967080241069198,2026-04-27T17:27:22,3664,OFF
1,rsa4096,2,361,2.8750000055879354,2026-04-27T17:27:22,3664,OFF
1,rsa4096,2,362,2.769708982668817,2026-04-27T17:27:22,3664,OFF
1,rsa4096,2,363,2.7865419979207218,2026-04-27T17:27:22,3664,OFF
1,rsa4096,2,364,2.8693749918602407,2026-04-27T17:27:22,3664,OFF
1,rsa4096,2,365,3.176792000886053,2026-04-27T17:27:22,3664,OFF
1,rsa4096,2,366,3.2914169714786112,2026-04-27T17:27:22,3664,OFF
1,rsa4096,2,367,2.7070000069215894,2026-04-27T17:27:22,3664,OFF
1,rsa4096,2,368,2.7357920189388096,2026-04-27T17:27:22,3664,OFF
1,rsa4096,2,369,2.6362919597886503,2026-04-27T17:27:22,3664,OFF
1,rsa4096,2,370,2.6025829720310867,2026-04-27T17:27:22,3664,OFF
1,rsa4096,2,371,2.6788339600898325,2026-04-27T17:27:22,3664,OFF
1,rsa4096,2,372,3.4624169929884374,2026-04-27T17:27:22,3664,OFF
1,rsa4096,2,373,2.984791004564613,2026-04-27T17:27:22,3664,OFF
1,rsa4096,2,374,2.624334010761231,2026-04-27T17:27:22,3664,OFF
1,rsa4096,2,375,2.6620409917086363,2026-04-27T17:27:22,3664,OFF
1,rsa4096,2,376,2.750915999058634,2026-04-27T17:27:22,3664,OFF
1,rsa4096,2,377,2.9683340108022094,2026-04-27T17:27:22,3664,OFF
1,rsa4096,2,378,2.661124977748841,2026-04-27T17:27:22,3664,OFF
1,rsa4096,2,379,2.704459009692073,2026-04-27T17:27:22,3664,OFF
1,rsa4096,2,380,2.7905000024475157,2026-04-27T17:27:22,3664,OFF
1,rsa4096,2,381,2.6186660397797823,2026-04-27T17:27:22,3664,OFF
1,rsa4096,2,382,2.6347499806433916,2026-04-27T17:27:22,3664,OFF
1,rsa4096,2,383,2.656750031746924,2026-04-27T17:27:22,3664,OFF
1,rsa4096,2,384,2.5861660251393914,2026-04-27T17:27:22,3664,OFF
1,rsa4096,2,385,2.585250011179596,2026-04-27T17:27:22,3664,OFF
1,rsa4096,2,386,2.578333020210266,2026-04-27T17:27:22,3664,OFF
1,rsa4096,2,387,2.5701250415295362,2026-04-27T17:27:22,3664,OFF
1,rsa4096,2,388,2.61274998774752,2026-04-27T17:27:22,3664,OFF
1,rsa4096,2,389,2.5595829938538373,2026-04-27T17:27:22,3664,OFF
1,rsa4096,2,390,2.5710840127430856,2026-04-27T17:27:22,3664,OFF
1,rsa4096,2,391,2.5666250148788095,2026-04-27T17:27:22,3664,OFF
1,rsa4096,2,392,2.5588340358808637,2026-04-27T17:27:22,3664,OFF
1,rsa4096,2,393,2.6395419845357537,2026-04-27T17:27:22,3664,OFF
1,rsa4096,2,394,2.4138340377248824,2026-04-27T17:27:22,3664,OFF
1,rsa4096,2,395,2.503999974578619,2026-04-27T17:27:22,3664,OFF
1,rsa4096,2,396,2.490833983756602,2026-04-27T17:27:22,3664,OFF
1,rsa4096,2,397,3.1350829522125423,2026-04-27T17:27:22,3664,OFF
1,rsa4096,2,398,2.558082982432097,2026-04-27T17:27:22,3664,OFF
1,rsa4096,2,399,2.5735420058481395,2026-04-27T17:27:22,3664,OFF
1,rsa4096,2,400,2.4301669909618795,2026-04-27T17:27:22,3664,OFF
1,rsa4096,2,401,2.4599580210633576,2026-04-27T17:27:22,3664,OFF
1,rsa4096,2,402,2.4883340229280293,2026-04-27T17:27:22,3664,OFF
1,rsa4096,2,403,2.506333985365927,2026-04-27T17:27:22,3664,OFF
1,rsa4096,2,404,2.468166989274323,2026-04-27T17:27:22,3664,OFF
1,rsa4096,2,405,2.5192920002155006,2026-04-27T17:27:22,3664,OFF
1,rsa4096,2,406,2.6247919886372983,2026-04-27T17:27:22,3664,OFF
1,rsa4096,2,407,2.528916986193508,2026-04-27T17:27:22,3664,OFF
1,rsa4096,2,408,2.522458031307906,2026-04-27T17:27:22,3664,OFF
1,rsa4096,2,409,2.5762910372577608,2026-04-27T17:27:22,3664,OFF
1,rsa4096,2,410,2.549291995819658,2026-04-27T17:27:22,3664,OFF
1,rsa4096,2,411,2.6035410119220614,2026-04-27T17:27:22,3664,OFF
1,rsa4096,2,412,2.4696249747648835,2026-04-27T17:27:22,3664,OFF
1,rsa4096,2,413,2.6574169751256704,2026-04-27T17:27:22,3664,OFF
1,rsa4096,2,414,2.4963750038295984,2026-04-27T17:27:22,3664,OFF
1,rsa4096,2,415,2.537290973123163,2026-04-27T17:27:22,3664,OFF
1,rsa4096,2,416,2.516042033676058,2026-04-27T17:27:22,3664,OFF
1,rsa4096,2,417,2.529959019739181,2026-04-27T17:27:22,3664,OFF
1,rsa4096,2,418,2.5124999810941517,2026-04-27T17:27:22,3664,OFF
1,rsa4096,2,419,2.4832910276018083,2026-04-27T17:27:22,3664,OFF
1,rsa4096,2,420,2.4976669810712337,2026-04-27T17:27:22,3664,OFF
1,rsa4096,2,421,2.5282499846071005,2026-04-27T17:27:22,3664,OFF
1,rsa4096,2,422,2.551790967117995,2026-04-27T17:27:22,3664,OFF
1,rsa4096,2,423,2.5342920562252402,2026-04-27T17:27:22,3664,OFF
1,rsa4096,2,424,2.548208984080702,2026-04-27T17:27:22,3664,OFF
1,rsa4096,2,425,2.5279169785790145,2026-04-27T17:27:22,3664,OFF
1,rsa4096,2,426,2.5415830314159393,2026-04-27T17:27:22,3664,OFF
1,rsa4096,2,427,2.527250035200268,2026-04-27T17:27:22,3664,OFF
1,rsa4096,2,428,2.541917026974261,2026-04-27T17:27:22,3664,OFF
1,rsa4096,2,429,3.0784590053372085,2026-04-27T17:27:22,3664,OFF
1,rsa4096,2,430,2.53649998921901,2026-04-27T17:27:22,3664,OFF
1,rsa4096,2,431,2.524124982301146,2026-04-27T17:27:22,3664,OFF
1,rsa4096,2,432,2.5457500014454126,2026-04-27T17:27:22,3664,OFF
1,rsa4096,2,433,2.5343329762108624,2026-04-27T17:27:22,3664,OFF
1,rsa4096,2,434,2.5477500166743994,2026-04-27T17:27:22,3664,OFF
1,rsa4096,2,435,2.5169160217046738,2026-04-27T17:27:22,3664,OFF
1,rsa4096,2,436,2.4489170173183084,2026-04-27T17:27:22,3664,OFF
1,rsa4096,2,437,2.473499975167215,2026-04-27T17:27:22,3664,OFF
1,rsa4096,2,438,2.496791013982147,2026-04-27T17:27:22,3664,OFF
1,rsa4096,2,439,2.5116659817285836,2026-04-27T17:27:22,3664,OFF
1,rsa4096,2,440,2.5158749776892364,2026-04-27T17:27:22,3664,OFF
1,rsa4096,2,441,2.528540964704007,2026-04-27T17:27:22,3664,OFF
1,rsa4096,2,442,2.5037500308826566,2026-04-27T17:27:22,3664,OFF
1,rsa4096,2,443,2.4848749744705856,2026-04-27T17:27:22,3664,OFF
1,rsa4096,2,444,2.500042028259486,2026-04-27T17:27:22,3664,OFF
1,rsa4096,2,445,2.5027499650605023,2026-04-27T17:27:22,3664,OFF
1,rsa4096,2,446,2.5129999849013984,2026-04-27T17:27:22,3664,OFF
1,rsa4096,2,447,2.5210840394720435,2026-04-27T17:27:22,3664,OFF
1,rsa4096,2,448,2.524042036384344,2026-04-27T17:27:22,3664,OFF
1,rsa4096,2,449,2.5095829623751342,2026-04-27T17:27:22,3664,OFF
1,rsa4096,2,450,2.5419159792363644,2026-04-27T17:27:22,3664,OFF
1,rsa4096,2,451,2.529833000153303,2026-04-27T17:27:22,3664,OFF
1,rsa4096,2,452,2.545583003666252,2026-04-27T17:27:22,3664,OFF
1,rsa4096,2,453,2.5294580264016986,2026-04-27T17:27:22,3664,OFF
1,rsa4096,2,454,2.8786659822799265,2026-04-27T17:27:22,3664,OFF
1,rsa4096,2,455,2.4967080098576844,2026-04-27T17:27:22,3664,OFF
1,rsa4096,2,456,2.4809169699437916,2026-04-27T17:27:22,3664,OFF
1,rsa4096,2,457,2.508667006623,2026-04-27T17:27:22,3664,OFF
1,rsa4096,2,458,2.533624996431172,2026-04-27T17:27:22,3664,OFF
1,rsa4096,2,459,2.54770799074322,2026-04-27T17:27:22,3664,OFF
1,rsa4096,2,460,2.565750037319958,2026-04-27T17:27:22,3664,OFF
1,rsa4096,2,461,3.093875013291836,2026-04-27T17:27:22,3664,OFF
1,rsa4096,2,462,2.5548330158926547,2026-04-27T17:27:22,3664,OFF
1,rsa4096,2,463,2.562207984738052,2026-04-27T17:27:22,3664,OFF
1,rsa4096,2,464,2.5420410092920065,2026-04-27T17:27:22,3664,OFF
1,rsa4096,2,465,2.5877910084091127,2026-04-27T17:27:22,3664,OFF
1,rsa4096,2,466,2.432291046716273,2026-04-27T17:27:22,3664,OFF
1,rsa4096,2,467,2.43687501642853,2026-04-27T17:27:22,3664,OFF
1,rsa4096,2,468,2.455374982673675,2026-04-27T17:27:22,3664,OFF
1,rsa4096,2,469,2.4520829902030528,2026-04-27T17:27:22,3664,OFF
1,rsa4096,2,470,2.4643749929964542,2026-04-27T17:27:22,3664,OFF
1,rsa4096,2,471,2.4466249742545187,2026-04-27T17:27:22,3664,OFF
1,rsa4096,2,472,2.5077920290641487,2026-04-27T17:27:22,3664,OFF
1,rsa4096,2,473,2.4653750006109476,2026-04-27T17:27:22,3664,OFF
1,rsa4096,2,474,2.4715830222703516,2026-04-27T17:27:22,3664,OFF
1,rsa4096,2,475,2.4889170308597386,2026-04-27T17:27:22,3664,OFF
1,rsa4096,2,476,2.4922500015236437,2026-04-27T17:27:22,3664,OFF
1,rsa4096,2,477,2.5025830254890025,2026-04-27T17:27:22,3664,OFF
1,rsa4096,2,478,2.5034999707713723,2026-04-27T17:27:22,3664,OFF
1,rsa4096,2,479,2.492415951564908,2026-04-27T17:27:22,3664,OFF
1,rsa4096,2,480,2.498582995031029,2026-04-27T17:27:22,3664,OFF
1,rsa4096,2,481,2.5494580040685833,2026-04-27T17:27:22,3664,OFF
1,rsa4096,2,482,2.491957973688841,2026-04-27T17:27:22,3664,OFF
1,rsa4096,2,483,2.5047079543583095,2026-04-27T17:27:22,3664,OFF
1,rsa4096,2,484,2.5382079766131938,2026-04-27T17:27:22,3664,OFF
1,rsa4096,2,485,2.4928750353865325,2026-04-27T17:27:22,3664,OFF
1,rsa4096,2,486,2.4937079870142043,2026-04-27T17:27:22,3664,OFF
1,rsa4096,2,487,2.4909169878810644,2026-04-27T17:27:22,3664,OFF
1,rsa4096,2,488,2.480915980413556,2026-04-27T17:27:22,3664,OFF
1,rsa4096,2,489,2.50250002136454,2026-04-27T17:27:22,3664,OFF
1,rsa4096,2,490,2.5137499906122684,2026-04-27T17:27:22,3664,OFF
1,rsa4096,2,491,2.5138750206679106,2026-04-27T17:27:22,3664,OFF
1,rsa4096,2,492,2.5285000447183847,2026-04-27T17:27:22,3664,OFF
1,rsa4096,2,493,3.093999985139817,2026-04-27T17:27:22,3664,OFF
1,rsa4096,2,494,2.5267499731853604,2026-04-27T17:27:22,3664,OFF
1,rsa4096,2,495,2.5363749591633677,2026-04-27T17:27:22,3664,OFF
1,rsa4096,2,496,2.5541249779053032,2026-04-27T17:27:22,3664,OFF
1,rsa4096,2,497,2.4439579574391246,2026-04-27T17:27:22,3664,OFF
1,rsa4096,2,498,2.4911669897846878,2026-04-27T17:27:22,3664,OFF
1,rsa4096,2,499,2.4962080060504377,2026-04-27T17:27:22,3664,OFF
1,rsa4096,2,500,2.491958031896502,2026-04-27T17:27:22,3664,OFF
1,rsa4096,2,501,2.514708961825818,2026-04-27T17:27:22,3664,OFF
1,rsa4096,2,502,2.5065839872695506,2026-04-27T17:27:22,3664,OFF
1,rsa4096,2,503,2.670957997906953,2026-04-27T17:27:22,3664,OFF
1,rsa4096,2,504,2.465625002514571,2026-04-27T17:27:22,3664,OFF
1,rsa4096,2,505,2.525665971916169,2026-04-27T17:27:22,3664,OFF
1,rsa4096,2,506,2.5543750380165875,2026-04-27T17:27:22,3664,OFF
1,rsa4096,2,507,2.509458048734814,2026-04-27T17:27:22,3664,OFF
1,rsa4096,2,508,2.533332968596369,2026-04-27T17:27:22,3664,OFF
1,rsa4096,2,509,2.6221659500151873,2026-04-27T17:27:22,3664,OFF
1,rsa4096,2,510,2.533584018237889,2026-04-27T17:27:22,3664,OFF
1,rsa4096,2,511,2.5442090118303895,2026-04-27T17:27:22,3664,OFF
1,rsa4096,2,512,2.5183340185321867,2026-04-27T17:27:22,3664,OFF
1,rsa4096,2,513,2.559542015660554,2026-04-27T17:27:22,3664,OFF
1,rsa4096,2,514,2.533166960347444,2026-04-27T17:27:22,3664,OFF
1,rsa4096,2,515,2.548250020481646,2026-04-27T17:27:22,3664,OFF
1,rsa4096,2,516,2.527458011172712,2026-04-27T17:27:22,3664,OFF
1,rsa4096,2,517,2.5268750032410026,2026-04-27T17:27:22,3664,OFF
1,rsa4096,2,518,2.5214169872924685,2026-04-27T17:27:22,3664,OFF
1,rsa4096,2,519,2.5400830199941993,2026-04-27T17:27:22,3664,OFF
1,rsa4096,2,520,2.5162079837173223,2026-04-27T17:27:22,3664,OFF
1,rsa4096,2,521,2.47783400118351,2026-04-27T17:27:22,3664,OFF
1,rsa4096,2,522,2.44899996323511,2026-04-27T17:27:22,3664,OFF
1,rsa4096,2,523,2.4748750147409737,2026-04-27T17:27:22,3664,OFF
1,rsa4096,2,524,2.4808330344967544,2026-04-27T17:27:22,3664,OFF
1,rsa4096,2,525,3.0292500159703195,2026-04-27T17:27:22,3664,OFF
1,rsa4096,2,526,2.485667006112635,2026-04-27T17:27:22,3664,OFF
1,rsa4096,2,527,2.5226669968105853,2026-04-27T17:27:22,3664,OFF
1,rsa4096,2,528,2.518917026463896,2026-04-27T17:27:22,3664,OFF
1,rsa4096,2,529,2.5088749825954437,2026-04-27T17:27:22,3664,OFF
1,rsa4096,2,530,2.5186659768223763,2026-04-27T17:27:22,3664,OFF
1,rsa4096,2,531,2.5004579802043736,2026-04-27T17:27:22,3664,OFF
1,rsa4096,2,532,2.4983749608509243,2026-04-27T17:27:22,3664,OFF
1,rsa4096,2,533,2.5025419890880585,2026-04-27T17:27:22,3664,OFF
1,rsa4096,2,534,2.5007500080391765,2026-04-27T17:27:22,3664,OFF
1,rsa4096,2,535,2.517457993235439,2026-04-27T17:27:22,3664,OFF
1,rsa4096,2,536,2.540457993745804,2026-04-27T17:27:22,3664,OFF
1,rsa4096,2,537,2.5081249768845737,2026-04-27T17:27:22,3664,OFF
1,rsa4096,2,538,2.5392500101588666,2026-04-27T17:27:22,3664,OFF
1,rsa4096,2,539,2.44458403903991,2026-04-27T17:27:22,3664,OFF
1,rsa4096,2,540,2.4394160136580467,2026-04-27T17:27:22,3664,OFF
1,rsa4096,2,541,2.4692920269444585,2026-04-27T17:27:22,3664,OFF
1,rsa4096,2,542,2.464999968651682,2026-04-27T17:27:22,3664,OFF
1,rsa4096,2,543,2.470457984600216,2026-04-27T17:27:22,3664,OFF
1,rsa4096,2,544,2.4711249861866236,2026-04-27T17:27:22,3664,OFF
1,rsa4096,2,545,2.502458984963596,2026-04-27T17:27:22,3664,OFF
1,rsa4096,2,546,2.4258330231532454,2026-04-27T17:27:22,3664,OFF
1,rsa4096,2,547,2.4585829814895988,2026-04-27T17:27:22,3664,OFF
1,rsa4096,2,548,2.4895829847082496,2026-04-27T17:27:22,3664,OFF
1,rsa4096,2,549,2.4760839878581464,2026-04-27T17:27:22,3664,OFF
1,rsa4096,2,550,2.478834008798003,2026-04-27T17:27:22,3664,OFF
1,rsa4096,2,551,2.4939170107245445,2026-04-27T17:27:22,3664,OFF
1,rsa4096,2,552,2.4140840396285057,2026-04-27T17:27:22,3664,OFF
1,rsa4096,2,553,2.525417017750442,2026-04-27T17:27:22,3664,OFF
1,rsa4096,2,554,2.578957995865494,2026-04-27T17:27:22,3664,OFF
1,rsa4096,2,555,2.4569169618189335,2026-04-27T17:27:22,3664,OFF
1,rsa4096,2,556,2.4237080360762775,2026-04-27T17:27:22,3664,OFF
1,rsa4096,2,557,2.9659169958904386,2026-04-27T17:27:22,3664,OFF
1,rsa4096,2,558,2.527125005144626,2026-04-27T17:27:22,3664,OFF
1,rsa4096,2,559,2.4805840221233666,2026-04-27T17:27:22,3664,OFF
1,rsa4096,2,560,2.5074579752981663,2026-04-27T17:27:22,3664,OFF
1,rsa4096,2,561,2.481208008248359,2026-04-27T17:27:22,3664,OFF
1,rsa4096,2,562,2.4987090146169066,2026-04-27T17:27:22,3664,OFF
1,rsa4096,2,563,2.4171670083887875,2026-04-27T17:27:22,3664,OFF
1,rsa4096,2,564,2.5346250040456653,2026-04-27T17:27:22,3664,OFF
1,rsa4096,2,565,2.4414159706793725,2026-04-27T17:27:22,3664,OFF
1,rsa4096,2,566,2.4773329496383667,2026-04-27T17:27:22,3664,OFF
1,rsa4096,2,567,2.484958036802709,2026-04-27T17:27:22,3664,OFF
1,rsa4096,2,568,2.490874961949885,2026-04-27T17:27:22,3664,OFF
1,rsa4096,2,569,2.502333023585379,2026-04-27T17:27:22,3664,OFF
1,rsa4096,2,570,2.4860830162651837,2026-04-27T17:27:22,3664,OFF
1,rsa4096,2,571,2.4672920117154717,2026-04-27T17:27:22,3664,OFF
1,rsa4096,2,572,2.503249968867749,2026-04-27T17:27:22,3664,OFF
1,rsa4096,2,573,2.5073749711737037,2026-04-27T17:27:22,3664,OFF
1,rsa4096,2,574,2.504166041035205,2026-04-27T17:27:22,3664,OFF
1,rsa4096,2,575,2.5252079940401018,2026-04-27T17:27:22,3664,OFF
1,rsa4096,2,576,2.457332971971482,2026-04-27T17:27:22,3664,OFF
1,rsa4096,2,577,2.421792014501989,2026-04-27T17:27:22,3664,OFF
1,rsa4096,2,578,2.4645410012453794,2026-04-27T17:27:22,3664,OFF
1,rsa4096,2,579,2.4702089722268283,2026-04-27T17:27:22,3664,OFF
1,rsa4096,2,580,2.473625005222857,2026-04-27T17:27:22,3664,OFF
1,rsa4096,2,581,2.4744170368649065,2026-04-27T17:27:22,3664,OFF
1,rsa4096,2,582,2.476416004355997,2026-04-27T17:27:22,3664,OFF
1,rsa4096,2,583,2.488124999217689,2026-04-27T17:27:22,3664,OFF
1,rsa4096,2,584,2.4869589833542705,2026-04-27T17:27:22,3664,OFF
1,rsa4096,2,585,2.514583000447601,2026-04-27T17:27:22,3664,OFF
1,rsa4096,2,586,2.502000017557293,2026-04-27T17:27:22,3664,OFF
1,rsa4096,2,587,2.4989170487970114,2026-04-27T17:27:22,3664,OFF
1,rsa4096,2,588,2.523833012674004,2026-04-27T17:27:22,3664,OFF
1,rsa4096,2,589,3.0703749507665634,2026-04-27T17:27:22,3664,OFF
1,rsa4096,2,590,2.5070839910767972,2026-04-27T17:27:22,3664,OFF
1,rsa4096,2,591,2.5075419689528644,2026-04-27T17:27:22,3664,OFF
1,rsa4096,2,592,2.5035410071723163,2026-04-27T17:27:22,3664,OFF
1,rsa4096,2,593,2.523167000617832,2026-04-27T17:27:22,3664,OFF
1,rsa4096,2,594,2.5130839785560966,2026-04-27T17:27:22,3664,OFF
1,rsa4096,2,595,2.536332991439849,2026-04-27T17:27:22,3664,OFF
1,rsa4096,2,596,2.6031670277006924,2026-04-27T17:27:22,3664,OFF
1,rsa4096,2,597,2.4474160163663328,2026-04-27T17:27:22,3664,OFF
1,rsa4096,2,598,2.5020420434884727,2026-04-27T17:27:22,3664,OFF
1,rsa4096,2,599,2.4937090347521007,2026-04-27T17:27:22,3664,OFF
1,rsa4096,2,600,2.493457985110581,2026-04-27T17:27:22,3664,OFF
1,rsa4096,2,601,2.4838329991325736,2026-04-27T17:27:22,3664,OFF
1,rsa4096,2,602,2.5064999936148524,2026-04-27T17:27:22,3664,OFF
1,rsa4096,2,603,2.50641698949039,2026-04-27T17:27:22,3664,OFF
1,rsa4096,2,604,2.5187499704770744,2026-04-27T17:27:22,3664,OFF
1,rsa4096,2,605,2.525292045902461,2026-04-27T17:27:22,3664,OFF
1,rsa4096,2,606,2.5001249741762877,2026-04-27T17:27:22,3664,OFF
1,rsa4096,2,607,2.5882080080918968,2026-04-27T17:27:22,3664,OFF
1,rsa4096,2,608,2.489666047040373,2026-04-27T17:27:22,3664,OFF
1,rsa4096,2,609,2.4943339521996677,2026-04-27T17:27:22,3664,OFF
1,rsa4096,2,610,2.5114159798249602,2026-04-27T17:27:22,3664,OFF
1,rsa4096,2,611,2.5670829927548766,2026-04-27T17:27:22,3664,OFF
1,rsa4096,2,612,2.5313340011052787,2026-04-27T17:27:22,3664,OFF
1,rsa4096,2,613,2.5176249910146,2026-04-27T17:27:22,3664,OFF
1,rsa4096,2,614,2.493040985427797,2026-04-27T17:27:22,3664,OFF
1,rsa4096,2,615,2.5112080038525164,2026-04-27T17:27:22,3664,OFF
1,rsa4096,2,616,2.5483329663984478,2026-04-27T17:27:22,3664,OFF
1,rsa4096,2,617,2.50325002707541,2026-04-27T17:27:22,3664,OFF
1,rsa4096,2,618,2.4922910379245877,2026-04-27T17:27:22,3664,OFF
1,rsa4096,2,619,2.563833026215434,2026-04-27T17:27:22,3664,OFF
1,rsa4096,2,620,2.513499988708645,2026-04-27T17:27:22,3664,OFF
1,rsa4096,2,621,3.1083340290933847,2026-04-27T17:27:22,3664,OFF
1,rsa4096,2,622,2.5543749798089266,2026-04-27T17:27:22,3664,OFF
1,rsa4096,2,623,2.527125005144626,2026-04-27T17:27:22,3664,OFF
1,rsa4096,2,624,2.510333026293665,2026-04-27T17:27:22,3664,OFF
1,rsa4096,2,625,2.511124999728054,2026-04-27T17:27:22,3664,OFF
1,rsa4096,2,626,2.5028749951161444,2026-04-27T17:27:22,3664,OFF
1,rsa4096,2,627,2.5089160189963877,2026-04-27T17:27:22,3664,OFF
1,rsa4096,2,628,2.5618330109864473,2026-04-27T17:27:22,3664,OFF
1,rsa4096,2,629,2.526666969060898,2026-04-27T17:27:22,3664,OFF
1,rsa4096,2,630,2.515458967536688,2026-04-27T17:27:22,3664,OFF
1,rsa4096,2,631,2.5744999875314534,2026-04-27T17:27:22,3664,OFF
1,rsa4096,2,632,2.5327500188723207,2026-04-27T17:27:22,3664,OFF
1,rsa4096,2,633,2.533084014430642,2026-04-27T17:27:22,3664,OFF
1,rsa4096,2,634,2.568333991803229,2026-04-27T17:27:22,3664,OFF
1,rsa4096,2,635,2.543209004215896,2026-04-27T17:27:22,3664,OFF
1,rsa4096,2,636,2.529374964069575,2026-04-27T17:27:22,3664,OFF
1,rsa4096,2,637,2.5799169670790434,2026-04-27T17:27:22,3664,OFF
1,rsa4096,2,638,2.424250007607043,2026-04-27T17:27:22,3664,OFF
1,rsa4096,2,639,2.4846249725669622,2026-04-27T17:27:22,3664,OFF
1,rsa4096,2,640,2.558542008046061,2026-04-27T17:27:22,3664,OFF
1,rsa4096,2,641,2.4933330132625997,2026-04-27T17:27:22,3664,OFF
1,rsa4096,2,642,2.515750005841255,2026-04-27T17:27:22,3664,OFF
1,rsa4096,2,643,2.510459045879543,2026-04-27T17:27:22,3664,OFF
1,rsa4096,2,644,2.5223750271834433,2026-04-27T17:27:22,3664,OFF
1,rsa4096,2,645,2.508791978470981,2026-04-27T17:27:22,3664,OFF
1,rsa4096,2,646,2.5427499786019325,2026-04-27T17:27:22,3664,OFF
1,rsa4096,2,647,2.537374966777861,2026-04-27T17:27:22,3664,OFF
1,rsa4096,2,648,2.5249170139431953,2026-04-27T17:27:22,3664,OFF
1,rsa4096,2,649,2.53950001206249,2026-04-27T17:27:22,3664,OFF
1,rsa4096,2,650,2.5162079837173223,2026-04-27T17:27:22,3664,OFF
1,rsa4096,3,1,2.6090419851243496,2026-04-27T17:27:25,5506,OFF
1,rsa4096,3,2,2.607958042062819,2026-04-27T17:27:25,5506,OFF
1,rsa4096,3,3,2.444499987177551,2026-04-27T17:27:25,5506,OFF
1,rsa4096,3,4,2.422707970254123,2026-04-27T17:27:25,5506,OFF
1,rsa4096,3,5,2.4118750006891787,2026-04-27T17:27:25,5506,OFF
1,rsa4096,3,6,2.405374951194972,2026-04-27T17:27:25,5506,OFF
1,rsa4096,3,7,2.4045419995673,2026-04-27T17:27:25,5506,OFF
1,rsa4096,3,8,2.4631249834783375,2026-04-27T17:27:25,5506,OFF
1,rsa4096,3,9,2.4537089630030096,2026-04-27T17:27:25,5506,OFF
1,rsa4096,3,10,2.441416960209608,2026-04-27T17:27:25,5506,OFF
1,rsa4096,3,11,2.4361659889109433,2026-04-27T17:27:25,5506,OFF
1,rsa4096,3,12,2.4394170031882823,2026-04-27T17:27:25,5506,OFF
1,rsa4096,3,13,2.984083956107497,2026-04-27T17:27:25,5506,OFF
1,rsa4096,3,14,2.43666599271819,2026-04-27T17:27:25,5506,OFF
1,rsa4096,3,15,2.462874981574714,2026-04-27T17:27:25,5506,OFF
1,rsa4096,3,16,2.443124947603792,2026-04-27T17:27:25,5506,OFF
1,rsa4096,3,17,2.4552090326324105,2026-04-27T17:27:25,5506,OFF
1,rsa4096,3,18,2.446541970130056,2026-04-27T17:27:25,5506,OFF
1,rsa4096,3,19,2.470292034558952,2026-04-27T17:27:25,5506,OFF
1,rsa4096,3,20,2.4668750120326877,2026-04-27T17:27:25,5506,OFF
1,rsa4096,3,21,2.4592920090071857,2026-04-27T17:27:25,5506,OFF
1,rsa4096,3,22,2.466500038281083,2026-04-27T17:27:25,5506,OFF
1,rsa4096,3,23,2.43816600413993,2026-04-27T17:27:25,5506,OFF
1,rsa4096,3,24,2.4744580150581896,2026-04-27T17:27:25,5506,OFF
1,rsa4096,3,25,2.4694590247236192,2026-04-27T17:27:25,5506,OFF
1,rsa4096,3,26,2.473832981195301,2026-04-27T17:27:25,5506,OFF
1,rsa4096,3,27,2.4615000002086163,2026-04-27T17:27:25,5506,OFF
1,rsa4096,3,28,2.476082998327911,2026-04-27T17:27:25,5506,OFF
1,rsa4096,3,29,2.472124993801117,2026-04-27T17:27:25,5506,OFF
1,rsa4096,3,30,2.4642079952172935,2026-04-27T17:27:25,5506,OFF
1,rsa4096,3,31,2.4682909715920687,2026-04-27T17:27:25,5506,OFF
1,rsa4096,3,32,2.4473750381730497,2026-04-27T17:27:25,5506,OFF
1,rsa4096,3,33,2.491624967660755,2026-04-27T17:27:25,5506,OFF
1,rsa4096,3,34,2.4729580036364496,2026-04-27T17:27:25,5506,OFF
1,rsa4096,3,35,2.473499975167215,2026-04-27T17:27:25,5506,OFF
1,rsa4096,3,36,2.4812500341795385,2026-04-27T17:27:25,5506,OFF
1,rsa4096,3,37,2.4608750245533884,2026-04-27T17:27:25,5506,OFF
1,rsa4096,3,38,2.4835829972289503,2026-04-27T17:27:25,5506,OFF
1,rsa4096,3,39,2.4700419744476676,2026-04-27T17:27:25,5506,OFF
1,rsa4096,3,40,2.4700830108486116,2026-04-27T17:27:25,5506,OFF
1,rsa4096,3,41,2.4770830059424043,2026-04-27T17:27:25,5506,OFF
1,rsa4096,3,42,2.489459002390504,2026-04-27T17:27:25,5506,OFF
1,rsa4096,3,43,2.4887920008040965,2026-04-27T17:27:25,5506,OFF
1,rsa4096,3,44,2.4824999854899943,2026-04-27T17:27:25,5506,OFF
1,rsa4096,3,45,3.0073330271989107,2026-04-27T17:27:25,5506,OFF
1,rsa4096,3,46,2.489625010639429,2026-04-27T17:27:25,5506,OFF
1,rsa4096,3,47,2.4988329969346523,2026-04-27T17:27:25,5506,OFF
1,rsa4096,3,48,2.48599995393306,2026-04-27T17:27:25,5506,OFF
1,rsa4096,3,49,2.4811660405248404,2026-04-27T17:27:25,5506,OFF
1,rsa4096,3,50,2.4850419722497463,2026-04-27T17:27:25,5506,OFF
1,rsa4096,3,51,2.4912499939091504,2026-04-27T17:27:25,5506,OFF
1,rsa4096,3,52,2.4841250269673765,2026-04-27T17:27:25,5506,OFF
1,rsa4096,3,53,2.592541975900531,2026-04-27T17:27:25,5506,OFF
1,rsa4096,3,54,2.6049999869428575,2026-04-27T17:27:25,5506,OFF
1,rsa4096,3,55,2.479167014826089,2026-04-27T17:27:25,5506,OFF
1,rsa4096,3,56,2.456834015902132,2026-04-27T17:27:25,5506,OFF
1,rsa4096,3,57,2.462874981574714,2026-04-27T17:27:25,5506,OFF
1,rsa4096,3,58,2.5927089736796916,2026-04-27T17:27:25,5506,OFF
1,rsa4096,3,59,2.4297089548781514,2026-04-27T17:27:25,5506,OFF
1,rsa4096,3,60,2.431500004604459,2026-04-27T17:27:25,5506,OFF
1,rsa4096,3,61,2.4084579781629145,2026-04-27T17:27:25,5506,OFF
1,rsa4096,3,62,2.404249971732497,2026-04-27T17:27:25,5506,OFF
1,rsa4096,3,63,2.428916981443763,2026-04-27T17:27:25,5506,OFF
1,rsa4096,3,64,2.504625008441508,2026-04-27T17:27:25,5506,OFF
1,rsa4096,3,65,2.4664169759489596,2026-04-27T17:27:25,5506,OFF
1,rsa4096,3,66,2.478417009115219,2026-04-27T17:27:25,5506,OFF
1,rsa4096,3,67,2.47858400689438,2026-04-27T17:27:25,5506,OFF
1,rsa4096,3,68,2.475624962244183,2026-04-27T17:27:25,5506,OFF
1,rsa4096,3,69,2.457584021613002,2026-04-27T17:27:25,5506,OFF
1,rsa4096,3,70,2.4711249861866236,2026-04-27T17:27:25,5506,OFF
1,rsa4096,3,71,2.513459010515362,2026-04-27T17:27:25,5506,OFF
1,rsa4096,3,72,2.5110000278800726,2026-04-27T17:27:25,5506,OFF
1,rsa4096,3,73,2.4816669756546617,2026-04-27T17:27:25,5506,OFF
1,rsa4096,3,74,2.4651659769006073,2026-04-27T17:27:25,5506,OFF
1,rsa4096,3,75,2.483125019352883,2026-04-27T17:27:25,5506,OFF
1,rsa4096,3,76,2.4697910412214696,2026-04-27T17:27:25,5506,OFF
1,rsa4096,3,77,2.9428330017253757,2026-04-27T17:27:25,5506,OFF
1,rsa4096,3,78,2.4254159652628005,2026-04-27T17:27:25,5506,OFF
1,rsa4096,3,79,2.388582972344011,2026-04-27T17:27:25,5506,OFF
1,rsa4096,3,80,2.419041993562132,2026-04-27T17:27:25,5506,OFF
1,rsa4096,3,81,2.454457979183644,2026-04-27T17:27:25,5506,OFF
1,rsa4096,3,82,2.4650830309838057,2026-04-27T17:27:25,5506,OFF
1,rsa4096,3,83,2.437999995891005,2026-04-27T17:27:25,5506,OFF
1,rsa4096,3,84,2.435041998978704,2026-04-27T17:27:25,5506,OFF
1,rsa4096,3,85,2.4224579683505,2026-04-27T17:27:25,5506,OFF
1,rsa4096,3,86,2.4735829792916775,2026-04-27T17:27:25,5506,OFF
1,rsa4096,3,87,2.437916991766542,2026-04-27T17:27:25,5506,OFF
1,rsa4096,3,88,2.4564999621361494,2026-04-27T17:27:25,5506,OFF
1,rsa4096,3,89,2.4572500260546803,2026-04-27T17:27:25,5506,OFF
1,rsa4096,3,90,2.3948749876581132,2026-04-27T17:27:25,5506,OFF
1,rsa4096,3,91,2.4312500027008355,2026-04-27T17:27:25,5506,OFF
1,rsa4096,3,92,2.4421249981969595,2026-04-27T17:27:25,5506,OFF
1,rsa4096,3,93,2.4395830114372075,2026-04-27T17:27:25,5506,OFF
1,rsa4096,3,94,2.4661669740453362,2026-04-27T17:27:25,5506,OFF
1,rsa4096,3,95,2.4692919687367976,2026-04-27T17:27:25,5506,OFF
1,rsa4096,3,96,2.508083009161055,2026-04-27T17:27:25,5506,OFF
1,rsa4096,3,97,2.483291958924383,2026-04-27T17:27:25,5506,OFF
1,rsa4096,3,98,2.4932080414146185,2026-04-27T17:27:25,5506,OFF
1,rsa4096,3,99,2.499625028576702,2026-04-27T17:27:25,5506,OFF
1,rsa4096,3,100,2.476957975886762,2026-04-27T17:27:25,5506,OFF
1,rsa4096,3,101,2.4867919855751097,2026-04-27T17:27:25,5506,OFF
1,rsa4096,3,102,2.393374976236373,2026-04-27T17:27:25,5506,OFF
1,rsa4096,3,103,2.4741250090301037,2026-04-27T17:27:25,5506,OFF
1,rsa4096,3,104,2.6448750286363065,2026-04-27T17:27:25,5506,OFF
1,rsa4096,3,105,2.4977080174721777,2026-04-27T17:27:25,5506,OFF
1,rsa4096,3,106,2.4483330198563635,2026-04-27T17:27:25,5506,OFF
1,rsa4096,3,107,2.4409170146100223,2026-04-27T17:27:25,5506,OFF
1,rsa4096,3,108,2.520583977457136,2026-04-27T17:27:25,5506,OFF
1,rsa4096,3,109,2.9367500101216137,2026-04-27T17:27:25,5506,OFF
1,rsa4096,3,110,2.455500012729317,2026-04-27T17:27:25,5506,OFF
1,rsa4096,3,111,2.5053329882211983,2026-04-27T17:27:25,5506,OFF
1,rsa4096,3,112,2.4791250471025705,2026-04-27T17:27:25,5506,OFF
1,rsa4096,3,113,2.4892500368878245,2026-04-27T17:27:25,5506,OFF
1,rsa4096,3,114,2.4705409887246788,2026-04-27T17:27:25,5506,OFF
1,rsa4096,3,115,2.3796670138835907,2026-04-27T17:27:25,5506,OFF
1,rsa4096,3,116,2.4134580162353814,2026-04-27T17:27:25,5506,OFF
1,rsa4096,3,117,2.4421249981969595,2026-04-27T17:27:25,5506,OFF
1,rsa4096,3,118,2.437042014207691,2026-04-27T17:27:25,5506,OFF
1,rsa4096,3,119,2.451416978146881,2026-04-27T17:27:25,5506,OFF
1,rsa4096,3,120,2.477457979694009,2026-04-27T17:27:25,5506,OFF
1,rsa4096,3,121,2.403082966338843,2026-04-27T17:27:25,5506,OFF
1,rsa4096,3,122,2.425084006972611,2026-04-27T17:27:25,5506,OFF
1,rsa4096,3,123,2.4105829652398825,2026-04-27T17:27:25,5506,OFF
1,rsa4096,3,124,2.462291973643005,2026-04-27T17:27:25,5506,OFF
1,rsa4096,3,125,2.4327500141225755,2026-04-27T17:27:25,5506,OFF
1,rsa4096,3,126,2.4542500032112002,2026-04-27T17:27:25,5506,OFF
1,rsa4096,3,127,2.5025419890880585,2026-04-27T17:27:25,5506,OFF
1,rsa4096,3,128,2.4884999729692936,2026-04-27T17:27:25,5506,OFF
1,rsa4096,3,129,2.4812499759718776,2026-04-27T17:27:25,5506,OFF
1,rsa4096,3,130,2.47441598912701,2026-04-27T17:27:25,5506,OFF
1,rsa4096,3,131,2.499625028576702,2026-04-27T17:27:25,5506,OFF
1,rsa4096,3,132,2.493790991138667,2026-04-27T17:27:25,5506,OFF
1,rsa4096,3,133,2.4297499912790954,2026-04-27T17:27:25,5506,OFF
1,rsa4096,3,134,2.405625011306256,2026-04-27T17:27:25,5506,OFF
1,rsa4096,3,135,2.388124994467944,2026-04-27T17:27:25,5506,OFF
1,rsa4096,3,136,2.4076669942587614,2026-04-27T17:27:25,5506,OFF
1,rsa4096,3,137,2.4118340224958956,2026-04-27T17:27:25,5506,OFF
1,rsa4096,3,138,2.462333010043949,2026-04-27T17:27:25,5506,OFF
1,rsa4096,3,139,2.4767499999143183,2026-04-27T17:27:25,5506,OFF
1,rsa4096,3,140,2.4546670028939843,2026-04-27T17:27:25,5506,OFF
1,rsa4096,3,141,3.0313339666463435,2026-04-27T17:27:25,5506,OFF
1,rsa4096,3,142,2.4806669680401683,2026-04-27T17:27:25,5506,OFF
1,rsa4096,3,143,2.483666001353413,2026-04-27T17:27:25,5506,OFF
1,rsa4096,3,144,2.474375010933727,2026-04-27T17:27:25,5506,OFF
1,rsa4096,3,145,2.4829579633660614,2026-04-27T17:27:25,5506,OFF
1,rsa4096,3,146,2.4976669810712337,2026-04-27T17:27:25,5506,OFF
1,rsa4096,3,147,2.4602499906904995,2026-04-27T17:27:25,5506,OFF
1,rsa4096,3,148,2.496874949429184,2026-04-27T17:27:25,5506,OFF
1,rsa4096,3,149,2.4799579987302423,2026-04-27T17:27:25,5506,OFF
1,rsa4096,3,150,2.491624967660755,2026-04-27T17:27:25,5506,OFF
1,rsa4096,3,151,2.5006660143844783,2026-04-27T17:27:25,5506,OFF
1,rsa4096,3,152,2.483957970980555,2026-04-27T17:27:25,5506,OFF
1,rsa4096,3,153,2.515750005841255,2026-04-27T17:27:25,5506,OFF
1,rsa4096,3,154,2.548249962273985,2026-04-27T17:27:25,5506,OFF
1,rsa4096,3,155,2.5364169850945473,2026-04-27T17:27:25,5506,OFF
1,rsa4096,3,156,2.4945830227807164,2026-04-27T17:27:25,5506,OFF
1,rsa4096,3,157,2.5706670130603015,2026-04-27T17:27:25,5506,OFF
1,rsa4096,3,158,2.4237079778686166,2026-04-27T17:27:25,5506,OFF
1,rsa4096,3,159,2.5004170020110905,2026-04-27T17:27:25,5506,OFF
1,rsa4096,3,160,2.4961669696494937,2026-04-27T17:27:25,5506,OFF
1,rsa4096,3,161,2.5237500085495412,2026-04-27T17:27:25,5506,OFF
1,rsa4096,3,162,2.4937919806689024,2026-04-27T17:27:25,5506,OFF
1,rsa4096,3,163,2.515166997909546,2026-04-27T17:27:25,5506,OFF
1,rsa4096,3,164,2.4383330019190907,2026-04-27T17:27:25,5506,OFF
1,rsa4096,3,165,2.434291993267834,2026-04-27T17:27:25,5506,OFF
1,rsa4096,3,166,2.4317920324392617,2026-04-27T17:27:25,5506,OFF
1,rsa4096,3,167,2.4507910129614174,2026-04-27T17:27:25,5506,OFF
1,rsa4096,3,168,2.4713330203667283,2026-04-27T17:27:25,5506,OFF
1,rsa4096,3,169,2.4652089923620224,2026-04-27T17:27:25,5506,OFF
1,rsa4096,3,170,2.4301669909618795,2026-04-27T17:27:25,5506,OFF
1,rsa4096,3,171,2.4236669996753335,2026-04-27T17:27:25,5506,OFF
1,rsa4096,3,172,2.472457999829203,2026-04-27T17:27:25,5506,OFF
1,rsa4096,3,173,3.020834003109485,2026-04-27T17:27:25,5506,OFF
1,rsa4096,3,174,2.479667018633336,2026-04-27T17:27:25,5506,OFF
1,rsa4096,3,175,2.4767499999143183,2026-04-27T17:27:25,5506,OFF
1,rsa4096,3,176,2.4982080212794244,2026-04-27T17:27:25,5506,OFF
1,rsa4096,3,177,2.5023749913088977,2026-04-27T17:27:25,5506,OFF
1,rsa4096,3,178,2.496750035788864,2026-04-27T17:27:25,5506,OFF
1,rsa4096,3,179,2.5043750065378845,2026-04-27T17:27:25,5506,OFF
1,rsa4096,3,180,2.507540979422629,2026-04-27T17:27:25,5506,OFF
1,rsa4096,3,181,2.5010830140672624,2026-04-27T17:27:25,5506,OFF
1,rsa4096,3,182,2.4720829678699374,2026-04-27T17:27:25,5506,OFF
1,rsa4096,3,183,2.4036249960772693,2026-04-27T17:27:25,5506,OFF
1,rsa4096,3,184,2.4484170135110617,2026-04-27T17:27:25,5506,OFF
1,rsa4096,3,185,2.4913749657571316,2026-04-27T17:27:25,5506,OFF
1,rsa4096,3,186,2.4912090157158673,2026-04-27T17:27:25,5506,OFF
1,rsa4096,3,187,2.4792079930193722,2026-04-27T17:27:25,5506,OFF
1,rsa4096,3,188,2.4871249916031957,2026-04-27T17:27:25,5506,OFF
1,rsa4096,3,189,2.3895420017652214,2026-04-27T17:27:25,5506,OFF
1,rsa4096,3,190,2.427915984299034,2026-04-27T17:27:25,5506,OFF
1,rsa4096,3,191,2.4778330116532743,2026-04-27T17:27:25,5506,OFF
1,rsa4096,3,192,2.47758295154199,2026-04-27T17:27:25,5506,OFF
1,rsa4096,3,193,2.4755839840508997,2026-04-27T17:27:25,5506,OFF
1,rsa4096,3,194,2.5162919773720205,2026-04-27T17:27:25,5506,OFF
1,rsa4096,3,195,2.515000000130385,2026-04-27T17:27:25,5506,OFF
1,rsa4096,3,196,2.5151249719783664,2026-04-27T17:27:25,5506,OFF
1,rsa4096,3,197,2.532124985009432,2026-04-27T17:27:25,5506,OFF
1,rsa4096,3,198,2.5220829993486404,2026-04-27T17:27:25,5506,OFF
1,rsa4096,3,199,2.539167006034404,2026-04-27T17:27:25,5506,OFF
1,rsa4096,3,200,2.5320000131614506,2026-04-27T17:27:25,5506,OFF
1,rsa4096,3,201,2.4197500315494835,2026-04-27T17:27:25,5506,OFF
1,rsa4096,3,202,2.4356249487027526,2026-04-27T17:27:25,5506,OFF
1,rsa4096,3,203,2.5364159955643117,2026-04-27T17:27:25,5506,OFF
1,rsa4096,3,204,2.5950419949367642,2026-04-27T17:27:25,5506,OFF
1,rsa4096,3,205,2.988374966662377,2026-04-27T17:27:25,5506,OFF
1,rsa4096,3,206,2.4922500015236437,2026-04-27T17:27:25,5506,OFF
1,rsa4096,3,207,2.498875022865832,2026-04-27T17:27:25,5506,OFF
1,rsa4096,3,208,2.4657920002937317,2026-04-27T17:27:25,5506,OFF
1,rsa4096,3,209,2.4737080093473196,2026-04-27T17:27:25,5506,OFF
1,rsa4096,3,210,2.5237079826183617,2026-04-27T17:27:25,5506,OFF
1,rsa4096,3,211,2.488250029273331,2026-04-27T17:27:25,5506,OFF
1,rsa4096,3,212,2.50716699520126,2026-04-27T17:27:25,5506,OFF
1,rsa4096,3,213,2.539917011745274,2026-04-27T17:27:25,5506,OFF
1,rsa4096,3,214,2.509333018679172,2026-04-27T17:27:25,5506,OFF
1,rsa4096,3,215,2.531584003008902,2026-04-27T17:27:25,5506,OFF
1,rsa4096,3,216,3.307832987047732,2026-04-27T17:27:25,5506,OFF
1,rsa4096,3,217,2.4721669615246356,2026-04-27T17:27:25,5506,OFF
1,rsa4096,3,218,2.501417009625584,2026-04-27T17:27:25,5506,OFF
1,rsa4096,3,219,2.533958002459258,2026-04-27T17:27:25,5506,OFF
1,rsa4096,3,220,2.518791996408254,2026-04-27T17:27:25,5506,OFF
1,rsa4096,3,221,2.5749579654075205,2026-04-27T17:27:25,5506,OFF
1,rsa4096,3,222,2.4682499933987856,2026-04-27T17:27:25,5506,OFF
1,rsa4096,3,223,2.4409580510109663,2026-04-27T17:27:25,5506,OFF
1,rsa4096,3,224,2.4894579546526074,2026-04-27T17:27:25,5506,OFF
1,rsa4096,3,225,2.4053750094026327,2026-04-27T17:27:25,5506,OFF
1,rsa4096,3,226,2.4231660063378513,2026-04-27T17:27:25,5506,OFF
1,rsa4096,3,227,2.453375025652349,2026-04-27T17:27:25,5506,OFF
1,rsa4096,3,228,2.478084003087133,2026-04-27T17:27:25,5506,OFF
1,rsa4096,3,229,2.480250026565045,2026-04-27T17:27:25,5506,OFF
1,rsa4096,3,230,2.484625030774623,2026-04-27T17:27:25,5506,OFF
1,rsa4096,3,231,2.493708045221865,2026-04-27T17:27:25,5506,OFF
1,rsa4096,3,232,2.4879159755073488,2026-04-27T17:27:25,5506,OFF
1,rsa4096,3,233,2.4912499939091504,2026-04-27T17:27:25,5506,OFF
1,rsa4096,3,234,2.5067090173251927,2026-04-27T17:27:25,5506,OFF
1,rsa4096,3,235,2.525749965570867,2026-04-27T17:27:25,5506,OFF
1,rsa4096,3,236,2.50400003278628,2026-04-27T17:27:25,5506,OFF
1,rsa4096,3,237,3.0434579821303487,2026-04-27T17:27:25,5506,OFF
1,rsa4096,3,238,2.5014999555423856,2026-04-27T17:27:25,5506,OFF
1,rsa4096,3,239,2.527582983020693,2026-04-27T17:27:25,5506,OFF
1,rsa4096,3,240,2.5096250465139747,2026-04-27T17:27:25,5506,OFF
1,rsa4096,3,241,2.4895829847082496,2026-04-27T17:27:25,5506,OFF
1,rsa4096,3,242,2.5016670115292072,2026-04-27T17:27:25,5506,OFF
1,rsa4096,3,243,2.477333997376263,2026-04-27T17:27:25,5506,OFF
1,rsa4096,3,244,2.3953329655341804,2026-04-27T17:27:25,5506,OFF
1,rsa4096,3,245,2.4605419603176415,2026-04-27T17:27:25,5506,OFF
1,rsa4096,3,246,2.4434159859083593,2026-04-27T17:27:25,5506,OFF
1,rsa4096,3,247,2.4732910096645355,2026-04-27T17:27:25,5506,OFF
1,rsa4096,3,248,2.4876249954104424,2026-04-27T17:27:25,5506,OFF
1,rsa4096,3,249,2.513999992515892,2026-04-27T17:27:25,5506,OFF
1,rsa4096,3,250,2.40229198243469,2026-04-27T17:27:25,5506,OFF
1,rsa4096,3,251,2.432249952107668,2026-04-27T17:27:25,5506,OFF
1,rsa4096,3,252,2.4760410306043923,2026-04-27T17:27:25,5506,OFF
1,rsa4096,3,253,2.516208973247558,2026-04-27T17:27:25,5506,OFF
1,rsa4096,3,254,2.4879160337150097,2026-04-27T17:27:25,5506,OFF
1,rsa4096,3,255,2.5234169443137944,2026-04-27T17:27:25,5506,OFF
1,rsa4096,3,256,2.7067919727414846,2026-04-27T17:27:25,5506,OFF
1,rsa4096,3,257,2.494540996849537,2026-04-27T17:27:25,5506,OFF
1,rsa4096,3,258,2.4856249801814556,2026-04-27T17:27:25,5506,OFF
1,rsa4096,3,259,2.544207964092493,2026-04-27T17:27:25,5506,OFF
1,rsa4096,3,260,2.498708025086671,2026-04-27T17:27:25,5506,OFF
1,rsa4096,3,261,2.5042910128831863,2026-04-27T17:27:25,5506,OFF
1,rsa4096,3,262,2.5003330083563924,2026-04-27T17:27:25,5506,OFF
1,rsa4096,3,263,2.4402079870924354,2026-04-27T17:27:25,5506,OFF
1,rsa4096,3,264,2.449417021125555,2026-04-27T17:27:25,5506,OFF
1,rsa4096,3,265,2.4589590029790998,2026-04-27T17:27:25,5506,OFF
1,rsa4096,3,266,2.479917020536959,2026-04-27T17:27:25,5506,OFF
1,rsa4096,3,267,2.4947499623522162,2026-04-27T17:27:25,5506,OFF
1,rsa4096,3,268,2.4994999985210598,2026-04-27T17:27:25,5506,OFF
1,rsa4096,3,269,3.0413750209845603,2026-04-27T17:27:25,5506,OFF
1,rsa4096,3,270,2.5114159798249602,2026-04-27T17:27:25,5506,OFF
1,rsa4096,3,271,2.4929160135798156,2026-04-27T17:27:25,5506,OFF
1,rsa4096,3,272,2.5127080152742565,2026-04-27T17:27:25,5506,OFF
1,rsa4096,3,273,2.502499963156879,2026-04-27T17:27:25,5506,OFF
1,rsa4096,3,274,2.4458750267513096,2026-04-27T17:27:25,5506,OFF
1,rsa4096,3,275,2.4370000464841723,2026-04-27T17:27:25,5506,OFF
1,rsa4096,3,276,2.4712500162422657,2026-04-27T17:27:25,5506,OFF
1,rsa4096,3,277,2.486790996044874,2026-04-27T17:27:25,5506,OFF
1,rsa4096,3,278,2.4892910150811076,2026-04-27T17:27:25,5506,OFF
1,rsa4096,3,279,2.507500001229346,2026-04-27T17:27:25,5506,OFF
1,rsa4096,3,280,2.507791039533913,2026-04-27T17:27:25,5506,OFF
1,rsa4096,3,281,2.5006659561768174,2026-04-27T17:27:25,5506,OFF
1,rsa4096,3,282,2.489500038791448,2026-04-27T17:27:25,5506,OFF
1,rsa4096,3,283,2.506125019863248,2026-04-27T17:27:25,5506,OFF
1,rsa4096,3,284,2.5194170302711427,2026-04-27T17:27:25,5506,OFF
1,rsa4096,3,285,2.5042499764822423,2026-04-27T17:27:25,5506,OFF
1,rsa4096,3,286,2.5116250035353005,2026-04-27T17:27:25,5506,OFF
1,rsa4096,3,287,2.5169579894281924,2026-04-27T17:27:25,5506,OFF
1,rsa4096,3,288,2.539167006034404,2026-04-27T17:27:25,5506,OFF
1,rsa4096,3,289,2.5604580296203494,2026-04-27T17:27:25,5506,OFF
1,rsa4096,3,290,2.530750003643334,2026-04-27T17:27:25,5506,OFF
1,rsa4096,3,291,2.505375014152378,2026-04-27T17:27:25,5506,OFF
1,rsa4096,3,292,2.533624996431172,2026-04-27T17:27:25,5506,OFF
1,rsa4096,3,293,2.3915409692563117,2026-04-27T17:27:25,5506,OFF
1,rsa4096,3,294,2.452665998134762,2026-04-27T17:27:25,5506,OFF
1,rsa4096,3,295,2.42695800261572,2026-04-27T17:27:25,5506,OFF
1,rsa4096,3,296,2.4523750180378556,2026-04-27T17:27:25,5506,OFF
1,rsa4096,3,297,2.478084003087133,2026-04-27T17:27:25,5506,OFF
1,rsa4096,3,298,2.5203750119544566,2026-04-27T17:27:25,5506,OFF
1,rsa4096,3,299,2.493708045221865,2026-04-27T17:27:25,5506,OFF
1,rsa4096,3,300,2.499958034604788,2026-04-27T17:27:25,5506,OFF
1,rsa4096,3,301,3.038333961740136,2026-04-27T17:27:25,5506,OFF
1,rsa4096,3,302,2.514790976420045,2026-04-27T17:27:25,5506,OFF
1,rsa4096,3,303,2.746917016338557,2026-04-27T17:27:25,5506,OFF
1,rsa4096,3,304,2.519250032491982,2026-04-27T17:27:25,5506,OFF
1,rsa4096,3,305,2.4798749946057796,2026-04-27T17:27:25,5506,OFF
1,rsa4096,3,306,2.4082919699139893,2026-04-27T17:27:25,5506,OFF
1,rsa4096,3,307,2.4855000083334744,2026-04-27T17:27:25,5506,OFF
1,rsa4096,3,308,2.494624990504235,2026-04-27T17:27:25,5506,OFF
1,rsa4096,3,309,2.4835419608280063,2026-04-27T17:27:25,5506,OFF
1,rsa4096,3,310,2.3978340323083103,2026-04-27T17:27:25,5506,OFF
1,rsa4096,3,311,2.426833030767739,2026-04-27T17:27:25,5506,OFF
1,rsa4096,3,312,2.4919590214267373,2026-04-27T17:27:25,5506,OFF
1,rsa4096,3,313,2.4967080098576844,2026-04-27T17:27:25,5506,OFF
1,rsa4096,3,314,2.5072499993257225,2026-04-27T17:27:25,5506,OFF
1,rsa4096,3,315,2.5176670169457793,2026-04-27T17:27:25,5506,OFF
1,rsa4096,3,316,2.5075419689528644,2026-04-27T17:27:25,5506,OFF
1,rsa4096,3,317,2.410500019323081,2026-04-27T17:27:25,5506,OFF
1,rsa4096,3,318,2.4491670192219317,2026-04-27T17:27:25,5506,OFF
1,rsa4096,3,319,2.4378749658353627,2026-04-27T17:27:25,5506,OFF
1,rsa4096,3,320,2.478750015143305,2026-04-27T17:27:25,5506,OFF
1,rsa4096,3,321,2.4977499851956964,2026-04-27T17:27:25,5506,OFF
1,rsa4096,3,322,2.5148330023512244,2026-04-27T17:27:25,5506,OFF
1,rsa4096,3,323,2.4429589975625277,2026-04-27T17:27:25,5506,OFF
1,rsa4096,3,324,2.4176249862648547,2026-04-27T17:27:25,5506,OFF
1,rsa4096,3,325,2.486957993824035,2026-04-27T17:27:25,5506,OFF
1,rsa4096,3,326,2.4986250209622085,2026-04-27T17:27:25,5506,OFF
1,rsa4096,3,327,2.488708996679634,2026-04-27T17:27:25,5506,OFF
1,rsa4096,3,328,2.509250014554709,2026-04-27T17:27:25,5506,OFF
1,rsa4096,3,329,2.480749972164631,2026-04-27T17:27:25,5506,OFF
1,rsa4096,3,330,2.4309169966727495,2026-04-27T17:27:25,5506,OFF
1,rsa4096,3,331,2.466167032252997,2026-04-27T17:27:25,5506,OFF
1,rsa4096,3,332,2.509291982278228,2026-04-27T17:27:25,5506,OFF
1,rsa4096,3,333,2.9999580001458526,2026-04-27T17:27:25,5506,OFF
1,rsa4096,3,334,2.501916023902595,2026-04-27T17:27:25,5506,OFF
1,rsa4096,3,335,2.4682910297997296,2026-04-27T17:27:25,5506,OFF
1,rsa4096,3,336,2.418708987534046,2026-04-27T17:27:25,5506,OFF
1,rsa4096,3,337,2.448792045470327,2026-04-27T17:27:25,5506,OFF
1,rsa4096,3,338,2.4947920464910567,2026-04-27T17:27:25,5506,OFF
1,rsa4096,3,339,2.4897910188883543,2026-04-27T17:27:25,5506,OFF
1,rsa4096,3,340,2.4933330132625997,2026-04-27T17:27:25,5506,OFF
1,rsa4096,3,341,2.5059590116143227,2026-04-27T17:27:25,5506,OFF
1,rsa4096,3,342,2.510374994017184,2026-04-27T17:27:25,5506,OFF
1,rsa4096,3,343,2.5021249894052744,2026-04-27T17:27:25,5506,OFF
1,rsa4096,3,344,2.520166977774352,2026-04-27T17:27:25,5506,OFF
1,rsa4096,3,345,2.511708007659763,2026-04-27T17:27:25,5506,OFF
1,rsa4096,3,346,2.5129159912467003,2026-04-27T17:27:25,5506,OFF
1,rsa4096,3,347,2.5582079542800784,2026-04-27T17:27:25,5506,OFF
1,rsa4096,3,348,2.430290973279625,2026-04-27T17:27:25,5506,OFF
1,rsa4096,3,349,2.4585420032963157,2026-04-27T17:27:25,5506,OFF
1,rsa4096,3,350,2.4786670110188425,2026-04-27T17:27:25,5506,OFF
1,rsa4096,3,351,2.4704999523237348,2026-04-27T17:27:25,5506,OFF
1,rsa4096,3,352,2.500416012480855,2026-04-27T17:27:25,5506,OFF
1,rsa4096,3,353,2.5140420184470713,2026-04-27T17:27:25,5506,OFF
1,rsa4096,3,354,2.6685420307330787,2026-04-27T17:27:26,5506,OFF
1,rsa4096,3,355,2.447832957841456,2026-04-27T17:27:26,5506,OFF
1,rsa4096,3,356,2.4204590008594096,2026-04-27T17:27:26,5506,OFF
1,rsa4096,3,357,2.4921249714680016,2026-04-27T17:27:26,5506,OFF
1,rsa4096,3,358,2.4844169965945184,2026-04-27T17:27:26,5506,OFF
1,rsa4096,3,359,2.4854160146787763,2026-04-27T17:27:26,5506,OFF
1,rsa4096,3,360,2.442375000100583,2026-04-27T17:27:26,5506,OFF
1,rsa4096,3,361,2.4468330084346235,2026-04-27T17:27:26,5506,OFF
1,rsa4096,3,362,2.4587499792687595,2026-04-27T17:27:26,5506,OFF
1,rsa4096,3,363,2.4967080098576844,2026-04-27T17:27:26,5506,OFF
1,rsa4096,3,364,2.4920839932747185,2026-04-27T17:27:26,5506,OFF
1,rsa4096,3,365,3.060584014747292,2026-04-27T17:27:26,5506,OFF
1,rsa4096,3,366,2.463499957229942,2026-04-27T17:27:26,5506,OFF
1,rsa4096,3,367,2.4336249916814268,2026-04-27T17:27:26,5506,OFF
1,rsa4096,3,368,2.475332992617041,2026-04-27T17:27:26,5506,OFF
1,rsa4096,3,369,2.4769160081632435,2026-04-27T17:27:26,5506,OFF
1,rsa4096,3,370,2.4708330165594816,2026-04-27T17:27:26,5506,OFF
1,rsa4096,3,371,2.488875004928559,2026-04-27T17:27:26,5506,OFF
1,rsa4096,3,372,2.5271669728681445,2026-04-27T17:27:26,5506,OFF
1,rsa4096,3,373,2.4741659872233868,2026-04-27T17:27:26,5506,OFF
1,rsa4096,3,374,2.508250006940216,2026-04-27T17:27:26,5506,OFF
1,rsa4096,3,375,2.489167032763362,2026-04-27T17:27:26,5506,OFF
1,rsa4096,3,376,2.488582977093756,2026-04-27T17:27:26,5506,OFF
1,rsa4096,3,377,2.4936249828897417,2026-04-27T17:27:26,5506,OFF
1,rsa4096,3,378,2.4858330143615603,2026-04-27T17:27:26,5506,OFF
1,rsa4096,3,379,2.4451250210404396,2026-04-27T17:27:26,5506,OFF
1,rsa4096,3,380,2.460584044456482,2026-04-27T17:27:26,5506,OFF
1,rsa4096,3,381,2.51987500814721,2026-04-27T17:27:26,5506,OFF
1,rsa4096,3,382,2.485083998180926,2026-04-27T17:27:26,5506,OFF
1,rsa4096,3,383,2.500499947927892,2026-04-27T17:27:26,5506,OFF
1,rsa4096,3,384,2.5113329757004976,2026-04-27T17:27:26,5506,OFF
1,rsa4096,3,385,2.4955410044640303,2026-04-27T17:27:26,5506,OFF
1,rsa4096,3,386,2.509040990844369,2026-04-27T17:27:26,5506,OFF
1,rsa4096,3,387,2.5238340022042394,2026-04-27T17:27:26,5506,OFF
1,rsa4096,3,388,2.5265419972129166,2026-04-27T17:27:26,5506,OFF
1,rsa4096,3,389,2.524542040191591,2026-04-27T17:27:26,5506,OFF
1,rsa4096,3,390,2.511915983632207,2026-04-27T17:27:26,5506,OFF
1,rsa4096,3,391,2.5434999843128026,2026-04-27T17:27:26,5506,OFF
1,rsa4096,3,392,2.5860840105451643,2026-04-27T17:27:26,5506,OFF
1,rsa4096,3,393,2.4224579683505,2026-04-27T17:27:26,5506,OFF
1,rsa4096,3,394,2.457332971971482,2026-04-27T17:27:26,5506,OFF
1,rsa4096,3,395,2.4956249981187284,2026-04-27T17:27:26,5506,OFF
1,rsa4096,3,396,2.5045000365935266,2026-04-27T17:27:26,5506,OFF
1,rsa4096,3,397,3.0421249684877694,2026-04-27T17:27:26,5506,OFF
1,rsa4096,3,398,2.5086249806918204,2026-04-27T17:27:26,5506,OFF
1,rsa4096,3,399,2.491125022061169,2026-04-27T17:27:26,5506,OFF
1,rsa4096,3,400,2.49445898225531,2026-04-27T17:27:26,5506,OFF
1,rsa4096,3,401,2.4951670202426612,2026-04-27T17:27:26,5506,OFF
1,rsa4096,3,402,2.5054170400835574,2026-04-27T17:27:26,5506,OFF
1,rsa4096,3,403,2.568459021858871,2026-04-27T17:27:26,5506,OFF
1,rsa4096,3,404,2.5623340043239295,2026-04-27T17:27:26,5506,OFF
1,rsa4096,3,405,2.5167500134557486,2026-04-27T17:27:26,5506,OFF
1,rsa4096,3,406,2.5241250405088067,2026-04-27T17:27:26,5506,OFF
1,rsa4096,3,407,2.5265419972129166,2026-04-27T17:27:26,5506,OFF
1,rsa4096,3,408,2.512625011149794,2026-04-27T17:27:26,5506,OFF
1,rsa4096,3,409,2.5327500188723207,2026-04-27T17:27:26,5506,OFF
1,rsa4096,3,410,2.4481670116074383,2026-04-27T17:27:26,5506,OFF
1,rsa4096,3,411,2.441750024445355,2026-04-27T17:27:26,5506,OFF
1,rsa4096,3,412,2.461041964124888,2026-04-27T17:27:26,5506,OFF
1,rsa4096,3,413,2.520750043913722,2026-04-27T17:27:26,5506,OFF
1,rsa4096,3,414,2.4857920361682773,2026-04-27T17:27:26,5506,OFF
1,rsa4096,3,415,2.489832986611873,2026-04-27T17:27:26,5506,OFF
1,rsa4096,3,416,2.499916998203844,2026-04-27T17:27:26,5506,OFF
1,rsa4096,3,417,2.501583017874509,2026-04-27T17:27:26,5506,OFF
1,rsa4096,3,418,2.498708025086671,2026-04-27T17:27:26,5506,OFF
1,rsa4096,3,419,2.524041978176683,2026-04-27T17:27:26,5506,OFF
1,rsa4096,3,420,2.4998749722726643,2026-04-27T17:27:26,5506,OFF
1,rsa4096,3,421,2.5188750005327165,2026-04-27T17:27:26,5506,OFF
1,rsa4096,3,422,2.460499992594123,2026-04-27T17:27:26,5506,OFF
1,rsa4096,3,423,2.4449999909847975,2026-04-27T17:27:26,5506,OFF
1,rsa4096,3,424,2.452791028190404,2026-04-27T17:27:26,5506,OFF
1,rsa4096,3,425,2.4681250215508044,2026-04-27T17:27:26,5506,OFF
1,rsa4096,3,426,2.483125019352883,2026-04-27T17:27:26,5506,OFF
1,rsa4096,3,427,2.5524170487187803,2026-04-27T17:27:26,5506,OFF
1,rsa4096,3,428,2.5175000191666186,2026-04-27T17:27:26,5506,OFF
1,rsa4096,3,429,3.0447079916484654,2026-04-27T17:27:26,5506,OFF
1,rsa4096,3,430,2.495249966159463,2026-04-27T17:27:26,5506,OFF
1,rsa4096,3,431,2.5197089998982847,2026-04-27T17:27:26,5506,OFF
1,rsa4096,3,432,2.508500008843839,2026-04-27T17:27:26,5506,OFF
1,rsa4096,3,433,2.527582983020693,2026-04-27T17:27:26,5506,OFF
1,rsa4096,3,434,2.509959042072296,2026-04-27T17:27:26,5506,OFF
1,rsa4096,3,435,2.5075419689528644,2026-04-27T17:27:26,5506,OFF
1,rsa4096,3,436,2.5482079945504665,2026-04-27T17:27:26,5506,OFF
1,rsa4096,3,437,2.5208750157617033,2026-04-27T17:27:26,5506,OFF
1,rsa4096,3,438,2.5156670017167926,2026-04-27T17:27:26,5506,OFF
1,rsa4096,3,439,2.497625013347715,2026-04-27T17:27:26,5506,OFF
1,rsa4096,3,440,2.406209008768201,2026-04-27T17:27:26,5506,OFF
1,rsa4096,3,441,2.4539169971831143,2026-04-27T17:27:26,5506,OFF
1,rsa4096,3,442,2.4645000230520964,2026-04-27T17:27:26,5506,OFF
1,rsa4096,3,443,2.4821670376695693,2026-04-27T17:27:26,5506,OFF
1,rsa4096,3,444,2.4710000143386424,2026-04-27T17:27:26,5506,OFF
1,rsa4096,3,445,2.5037500308826566,2026-04-27T17:27:26,5506,OFF
1,rsa4096,3,446,2.502624993212521,2026-04-27T17:27:26,5506,OFF
1,rsa4096,3,447,2.4815420038066804,2026-04-27T17:27:26,5506,OFF
1,rsa4096,3,448,2.5088749825954437,2026-04-27T17:27:26,5506,OFF
1,rsa4096,3,449,2.5143750244751573,2026-04-27T17:27:26,5506,OFF
1,rsa4096,3,450,2.5382080348208547,2026-04-27T17:27:26,5506,OFF
1,rsa4096,3,451,2.495082968380302,2026-04-27T17:27:26,5506,OFF
1,rsa4096,3,452,2.528584038373083,2026-04-27T17:27:26,5506,OFF
1,rsa4096,3,453,2.52979202196002,2026-04-27T17:27:26,5506,OFF
1,rsa4096,3,454,2.433749963529408,2026-04-27T17:27:26,5506,OFF
1,rsa4096,3,455,2.5050409603863955,2026-04-27T17:27:26,5506,OFF
1,rsa4096,3,456,2.4607499944977462,2026-04-27T17:27:26,5506,OFF
1,rsa4096,3,457,2.4937079870142043,2026-04-27T17:27:26,5506,OFF
1,rsa4096,3,458,2.524542040191591,2026-04-27T17:27:26,5506,OFF
1,rsa4096,3,459,2.482042007613927,2026-04-27T17:27:26,5506,OFF
1,rsa4096,3,460,2.5077919708564878,2026-04-27T17:27:26,5506,OFF
1,rsa4096,3,461,3.101875016000122,2026-04-27T17:27:26,5506,OFF
1,rsa4096,3,462,2.517166023608297,2026-04-27T17:27:26,5506,OFF
1,rsa4096,3,463,2.508500008843839,2026-04-27T17:27:26,5506,OFF
1,rsa4096,3,464,2.4640409974381328,2026-04-27T17:27:26,5506,OFF
1,rsa4096,3,465,2.5028340169228613,2026-04-27T17:27:26,5506,OFF
1,rsa4096,3,466,2.51445802859962,2026-04-27T17:27:26,5506,OFF
1,rsa4096,3,467,2.5096249883063138,2026-04-27T17:27:26,5506,OFF
1,rsa4096,3,468,2.536665997467935,2026-04-27T17:27:26,5506,OFF
1,rsa4096,3,469,2.5197920040227473,2026-04-27T17:27:26,5506,OFF
1,rsa4096,3,470,2.4382920237258077,2026-04-27T17:27:26,5506,OFF
1,rsa4096,3,471,2.431917004287243,2026-04-27T17:27:26,5506,OFF
1,rsa4096,3,472,2.507333003450185,2026-04-27T17:27:26,5506,OFF
1,rsa4096,3,473,2.4714169558137655,2026-04-27T17:27:26,5506,OFF
1,rsa4096,3,474,2.4607499944977462,2026-04-27T17:27:26,5506,OFF
1,rsa4096,3,475,2.472084015607834,2026-04-27T17:27:26,5506,OFF
1,rsa4096,3,476,2.451458014547825,2026-04-27T17:27:26,5506,OFF
1,rsa4096,3,477,2.4847500026226044,2026-04-27T17:27:26,5506,OFF
1,rsa4096,3,478,2.482542011421174,2026-04-27T17:27:26,5506,OFF
1,rsa4096,3,479,2.495374996215105,2026-04-27T17:27:26,5506,OFF
1,rsa4096,3,480,2.4910829961299896,2026-04-27T17:27:26,5506,OFF
1,rsa4096,3,481,2.527749980799854,2026-04-27T17:27:26,5506,OFF
1,rsa4096,3,482,2.518207998946309,2026-04-27T17:27:26,5506,OFF
1,rsa4096,3,483,2.4007500032894313,2026-04-27T17:27:26,5506,OFF
1,rsa4096,3,484,2.4359580129384995,2026-04-27T17:27:26,5506,OFF
1,rsa4096,3,485,2.5025420472957194,2026-04-27T17:27:26,5506,OFF
1,rsa4096,3,486,2.502917021047324,2026-04-27T17:27:26,5506,OFF
1,rsa4096,3,487,2.4840410333126783,2026-04-27T17:27:26,5506,OFF
1,rsa4096,3,488,2.500707982107997,2026-04-27T17:27:26,5506,OFF
1,rsa4096,3,489,2.507207973394543,2026-04-27T17:27:26,5506,OFF
1,rsa4096,3,490,2.503208990674466,2026-04-27T17:27:26,5506,OFF
1,rsa4096,3,491,2.493457985110581,2026-04-27T17:27:26,5506,OFF
1,rsa4096,3,492,2.511582977604121,2026-04-27T17:27:26,5506,OFF
1,rsa4096,3,493,3.0688330298289657,2026-04-27T17:27:26,5506,OFF
1,rsa4096,3,494,2.5167499552480876,2026-04-27T17:27:26,5506,OFF
1,rsa4096,3,495,2.4165829527191818,2026-04-27T17:27:26,5506,OFF
1,rsa4096,3,496,2.4288329877890646,2026-04-27T17:27:26,5506,OFF
1,rsa4096,3,497,2.457166032399982,2026-04-27T17:27:26,5506,OFF
1,rsa4096,3,498,2.488458005245775,2026-04-27T17:27:26,5506,OFF
1,rsa4096,3,499,2.508041972760111,2026-04-27T17:27:26,5506,OFF
1,rsa4096,3,500,2.493790991138667,2026-04-27T17:27:26,5506,OFF
1,rsa4096,3,501,2.4882080033421516,2026-04-27T17:27:26,5506,OFF
1,rsa4096,3,502,2.507292025256902,2026-04-27T17:27:26,5506,OFF
1,rsa4096,3,503,2.5021659675985575,2026-04-27T17:27:26,5506,OFF
1,rsa4096,3,504,2.559416985604912,2026-04-27T17:27:26,5506,OFF
1,rsa4096,3,505,2.4907909682951868,2026-04-27T17:27:26,5506,OFF
1,rsa4096,3,506,2.416459028609097,2026-04-27T17:27:26,5506,OFF
1,rsa4096,3,507,2.55462498171255,2026-04-27T17:27:26,5506,OFF
1,rsa4096,3,508,2.496665983926505,2026-04-27T17:27:26,5506,OFF
1,rsa4096,3,509,2.481916977558285,2026-04-27T17:27:26,5506,OFF
1,rsa4096,3,510,2.5150839937850833,2026-04-27T17:27:26,5506,OFF
1,rsa4096,3,511,2.493750012945384,2026-04-27T17:27:26,5506,OFF
1,rsa4096,3,512,2.4926249752752483,2026-04-27T17:27:26,5506,OFF
1,rsa4096,3,513,2.4376250221394002,2026-04-27T17:27:26,5506,OFF
1,rsa4096,3,514,2.459999988786876,2026-04-27T17:27:26,5506,OFF
1,rsa4096,3,515,2.452292013913393,2026-04-27T17:27:26,5506,OFF
1,rsa4096,3,516,2.4880419950932264,2026-04-27T17:27:26,5506,OFF
1,rsa4096,3,517,2.494624990504235,2026-04-27T17:27:26,5506,OFF
1,rsa4096,3,518,2.4879169650375843,2026-04-27T17:27:26,5506,OFF
1,rsa4096,3,519,2.4711249861866236,2026-04-27T17:27:26,5506,OFF
1,rsa4096,3,520,2.4350000312551856,2026-04-27T17:27:26,5506,OFF
1,rsa4096,3,521,2.4831669870764017,2026-04-27T17:27:26,5506,OFF
1,rsa4096,3,522,2.517125045415014,2026-04-27T17:27:26,5506,OFF
1,rsa4096,3,523,2.489958016667515,2026-04-27T17:27:26,5506,OFF
1,rsa4096,3,524,2.5053329882211983,2026-04-27T17:27:26,5506,OFF
1,rsa4096,3,525,3.0259580234996974,2026-04-27T17:27:26,5506,OFF
1,rsa4096,3,526,2.4217080208472908,2026-04-27T17:27:26,5506,OFF
1,rsa4096,3,527,2.4231249699369073,2026-04-27T17:27:26,5506,OFF
1,rsa4096,3,528,2.4669160484336317,2026-04-27T17:27:26,5506,OFF
1,rsa4096,3,529,2.490875020157546,2026-04-27T17:27:26,5506,OFF
1,rsa4096,3,530,2.4972500395961106,2026-04-27T17:27:26,5506,OFF
1,rsa4096,3,531,2.5075420271605253,2026-04-27T17:27:26,5506,OFF
1,rsa4096,3,532,2.498249989002943,2026-04-27T17:27:26,5506,OFF
1,rsa4096,3,533,2.500833012163639,2026-04-27T17:27:26,5506,OFF
1,rsa4096,3,534,2.52416601870209,2026-04-27T17:27:26,5506,OFF
1,rsa4096,3,535,2.5237500085495412,2026-04-27T17:27:26,5506,OFF
1,rsa4096,3,536,2.4975830456241965,2026-04-27T17:27:26,5506,OFF
1,rsa4096,3,537,2.5194589979946613,2026-04-27T17:27:26,5506,OFF
1,rsa4096,3,538,2.4969999794848263,2026-04-27T17:27:26,5506,OFF
1,rsa4096,3,539,2.5044159847311676,2026-04-27T17:27:26,5506,OFF
1,rsa4096,3,540,2.5055829901248217,2026-04-27T17:27:26,5506,OFF
1,rsa4096,3,541,2.4976249551400542,2026-04-27T17:27:26,5506,OFF
1,rsa4096,3,542,2.4963750038295984,2026-04-27T17:27:26,5506,OFF
1,rsa4096,3,543,2.500416012480855,2026-04-27T17:27:26,5506,OFF
1,rsa4096,3,544,2.5201250100508332,2026-04-27T17:27:26,5506,OFF
1,rsa4096,3,545,2.5136250187642872,2026-04-27T17:27:26,5506,OFF
1,rsa4096,3,546,2.5102499639615417,2026-04-27T17:27:26,5506,OFF
1,rsa4096,3,547,2.512000035494566,2026-04-27T17:27:26,5506,OFF
1,rsa4096,3,548,2.5001660105772316,2026-04-27T17:27:26,5506,OFF
1,rsa4096,3,549,2.5261249975301325,2026-04-27T17:27:26,5506,OFF
1,rsa4096,3,550,2.4347499711439013,2026-04-27T17:27:26,5506,OFF
1,rsa4096,3,551,2.427375002298504,2026-04-27T17:27:26,5506,OFF
1,rsa4096,3,552,2.48208298580721,2026-04-27T17:27:26,5506,OFF
1,rsa4096,3,553,2.514457970391959,2026-04-27T17:27:26,5506,OFF
1,rsa4096,3,554,2.5433330447413027,2026-04-27T17:27:26,5506,OFF
1,rsa4096,3,555,2.4625830119475722,2026-04-27T17:27:26,5506,OFF
1,rsa4096,3,556,2.5480420445092022,2026-04-27T17:27:26,5506,OFF
1,rsa4096,3,557,2.993334026541561,2026-04-27T17:27:26,5506,OFF
1,rsa4096,3,558,2.498582995031029,2026-04-27T17:27:26,5506,OFF
1,rsa4096,3,559,2.507625031284988,2026-04-27T17:27:26,5506,OFF
1,rsa4096,3,560,2.521166985388845,2026-04-27T17:27:26,5506,OFF
1,rsa4096,3,561,2.5131249567493796,2026-04-27T17:27:26,5506,OFF
1,rsa4096,3,562,2.52904201624915,2026-04-27T17:27:26,5506,OFF
1,rsa4096,3,563,2.5166660198010504,2026-04-27T17:27:26,5506,OFF
1,rsa4096,3,564,2.5010830140672624,2026-04-27T17:27:26,5506,OFF
1,rsa4096,3,565,2.519249974284321,2026-04-27T17:27:26,5506,OFF
1,rsa4096,3,566,2.5378750287927687,2026-04-27T17:27:26,5506,OFF
1,rsa4096,3,567,2.51558399759233,2026-04-27T17:27:26,5506,OFF
1,rsa4096,3,568,2.5474580470472574,2026-04-27T17:27:26,5506,OFF
1,rsa4096,3,569,2.5228330050595105,2026-04-27T17:27:26,5506,OFF
1,rsa4096,3,570,2.557291998527944,2026-04-27T17:27:26,5506,OFF
1,rsa4096,3,571,2.526167023461312,2026-04-27T17:27:26,5506,OFF
1,rsa4096,3,572,2.560333989094943,2026-04-27T17:27:26,5506,OFF
1,rsa4096,3,573,2.528749988414347,2026-04-27T17:27:26,5506,OFF
1,rsa4096,3,574,2.476416004355997,2026-04-27T17:27:26,5506,OFF
1,rsa4096,3,575,2.4848750326782465,2026-04-27T17:27:26,5506,OFF
1,rsa4096,3,576,2.4831670452840626,2026-04-27T17:27:26,5506,OFF
1,rsa4096,3,577,2.516791981179267,2026-04-27T17:27:26,5506,OFF
1,rsa4096,3,578,2.5311249773949385,2026-04-27T17:27:26,5506,OFF
1,rsa4096,3,579,2.5418750010430813,2026-04-27T17:27:26,5506,OFF
1,rsa4096,3,580,2.5038340245373547,2026-04-27T17:27:26,5506,OFF
1,rsa4096,3,581,2.5064999936148524,2026-04-27T17:27:26,5506,OFF
1,rsa4096,3,582,2.513832994736731,2026-04-27T17:27:26,5506,OFF
1,rsa4096,3,583,2.516792039386928,2026-04-27T17:27:26,5506,OFF
1,rsa4096,3,584,2.50475003849715,2026-04-27T17:27:26,5506,OFF
1,rsa4096,3,585,2.5002920301631093,2026-04-27T17:27:26,5506,OFF
1,rsa4096,3,586,2.4629580439068377,2026-04-27T17:27:26,5506,OFF
1,rsa4096,3,587,2.4834999931044877,2026-04-27T17:27:26,5506,OFF
1,rsa4096,3,588,2.521291025914252,2026-04-27T17:27:26,5506,OFF
1,rsa4096,3,589,3.0863750143907964,2026-04-27T17:27:26,5506,OFF
1,rsa4096,3,590,2.530209021642804,2026-04-27T17:27:26,5506,OFF
1,rsa4096,3,591,2.527250035200268,2026-04-27T17:27:26,5506,OFF
1,rsa4096,3,592,2.556708990596235,2026-04-27T17:27:26,5506,OFF
1,rsa4096,3,593,2.41575000109151,2026-04-27T17:27:26,5506,OFF
1,rsa4096,3,594,2.4419999681413174,2026-04-27T17:27:26,5506,OFF
1,rsa4096,3,595,2.459875016938895,2026-04-27T17:27:26,5506,OFF
1,rsa4096,3,596,2.4767499999143183,2026-04-27T17:27:26,5506,OFF
1,rsa4096,3,597,2.5140829966403544,2026-04-27T17:27:26,5506,OFF
1,rsa4096,3,598,2.503833035007119,2026-04-27T17:27:26,5506,OFF
1,rsa4096,3,599,2.501541981473565,2026-04-27T17:27:26,5506,OFF
1,rsa4096,3,600,2.519458008464426,2026-04-27T17:27:26,5506,OFF
1,rsa4096,3,601,2.516250009648502,2026-04-27T17:27:26,5506,OFF
1,rsa4096,3,602,2.5285000447183847,2026-04-27T17:27:26,5506,OFF
1,rsa4096,3,603,2.5295839877799153,2026-04-27T17:27:26,5506,OFF
1,rsa4096,3,604,2.5480000185780227,2026-04-27T17:27:26,5506,OFF
1,rsa4096,3,605,2.502957999240607,2026-04-27T17:27:26,5506,OFF
1,rsa4096,3,606,2.4897910188883543,2026-04-27T17:27:26,5506,OFF
1,rsa4096,3,607,2.4867079919204116,2026-04-27T17:27:26,5506,OFF
1,rsa4096,3,608,2.5513749569654465,2026-04-27T17:27:26,5506,OFF
1,rsa4096,3,609,2.510916965547949,2026-04-27T17:27:26,5506,OFF
1,rsa4096,3,610,2.5282499846071005,2026-04-27T17:27:26,5506,OFF
1,rsa4096,3,611,2.4337919894605875,2026-04-27T17:27:26,5506,OFF
1,rsa4096,3,612,2.457750029861927,2026-04-27T17:27:26,5506,OFF
1,rsa4096,3,613,2.4849160108715296,2026-04-27T17:27:26,5506,OFF
1,rsa4096,3,614,2.4804589920677245,2026-04-27T17:27:26,5506,OFF
1,rsa4096,3,615,2.4976669810712337,2026-04-27T17:27:26,5506,OFF
1,rsa4096,3,616,2.4984169867821038,2026-04-27T17:27:26,5506,OFF
1,rsa4096,3,617,2.416374976746738,2026-04-27T17:27:26,5506,OFF
1,rsa4096,3,618,2.485250006429851,2026-04-27T17:27:26,5506,OFF
1,rsa4096,3,619,2.5084170047193766,2026-04-27T17:27:26,5506,OFF
1,rsa4096,3,620,2.5054579600691795,2026-04-27T17:27:26,5506,OFF
1,rsa4096,3,621,3.05108301108703,2026-04-27T17:27:26,5506,OFF
1,rsa4096,3,622,2.4607499944977462,2026-04-27T17:27:26,5506,OFF
1,rsa4096,3,623,2.46545800473541,2026-04-27T17:27:26,5506,OFF
1,rsa4096,3,624,2.479374990798533,2026-04-27T17:27:26,5506,OFF
1,rsa4096,3,625,2.467541955411434,2026-04-27T17:27:26,5506,OFF
1,rsa4096,3,626,2.465917030349374,2026-04-27T17:27:26,5506,OFF
1,rsa4096,3,627,2.4735420010983944,2026-04-27T17:27:26,5506,OFF
1,rsa4096,3,628,2.5114580057561398,2026-04-27T17:27:26,5506,OFF
1,rsa4096,3,629,2.50716699520126,2026-04-27T17:27:26,5506,OFF
1,rsa4096,3,630,2.5053329882211983,2026-04-27T17:27:26,5506,OFF
1,rsa4096,3,631,2.5037910090759397,2026-04-27T17:27:26,5506,OFF
1,rsa4096,3,632,2.5666250148788095,2026-04-27T17:27:26,5506,OFF
1,rsa4096,3,633,2.5103329680860043,2026-04-27T17:27:26,5506,OFF
1,rsa4096,3,634,2.5208329898305237,2026-04-27T17:27:26,5506,OFF
1,rsa4096,3,635,2.4744580150581896,2026-04-27T17:27:26,5506,OFF
1,rsa4096,3,636,2.4351669708266854,2026-04-27T17:27:26,5506,OFF
1,rsa4096,3,637,2.4513750104233623,2026-04-27T17:27:26,5506,OFF
1,rsa4096,3,638,2.481957955751568,2026-04-27T17:27:26,5506,OFF
1,rsa4096,3,639,2.4709170102141798,2026-04-27T17:27:26,5506,OFF
1,rsa4096,3,640,2.4878749973140657,2026-04-27T17:27:26,5506,OFF
1,rsa4096,3,641,2.4892499786801636,2026-04-27T17:27:26,5506,OFF
1,rsa4096,3,642,2.4391249753534794,2026-04-27T17:27:26,5506,OFF
1,rsa4096,3,643,2.4499999708496034,2026-04-27T17:27:26,5506,OFF
1,rsa4096,3,644,2.4923329474404454,2026-04-27T17:27:26,5506,OFF
1,rsa4096,3,645,2.498666988685727,2026-04-27T17:27:26,5506,OFF
1,rsa4096,3,646,2.4977080174721777,2026-04-27T17:27:26,5506,OFF
1,rsa4096,3,647,2.508459030650556,2026-04-27T17:27:26,5506,OFF
1,rsa4096,3,648,2.5215839850716293,2026-04-27T17:27:26,5506,OFF
1,rsa4096,3,649,2.5099170161411166,2026-04-27T17:27:26,5506,OFF
1,rsa4096,3,650,2.5212920154444873,2026-04-27T17:27:26,5506,OFF
1,rsa4096,4,1,2.6606249739415944,2026-04-27T17:27:28,7348,OFF
1,rsa4096,4,2,2.6608749758452177,2026-04-27T17:27:28,7348,OFF
1,rsa4096,4,3,2.658458019141108,2026-04-27T17:27:28,7348,OFF
1,rsa4096,4,4,2.5801669689826667,2026-04-27T17:27:28,7348,OFF
1,rsa4096,4,5,2.465708996169269,2026-04-27T17:27:28,7348,OFF
1,rsa4096,4,6,2.4668750120326877,2026-04-27T17:27:28,7348,OFF
1,rsa4096,4,7,2.494041051249951,2026-04-27T17:27:28,7348,OFF
1,rsa4096,4,8,2.474082983098924,2026-04-27T17:27:28,7348,OFF
1,rsa4096,4,9,2.4630410480313003,2026-04-27T17:27:28,7348,OFF
1,rsa4096,4,10,2.478624985087663,2026-04-27T17:27:28,7348,OFF
1,rsa4096,4,11,2.499083988368511,2026-04-27T17:27:28,7348,OFF
1,rsa4096,4,12,2.4813750060275197,2026-04-27T17:27:28,7348,OFF
1,rsa4096,4,13,3.033666987903416,2026-04-27T17:27:28,7348,OFF
1,rsa4096,4,14,2.4991249665617943,2026-04-27T17:27:28,7348,OFF
1,rsa4096,4,15,2.50250002136454,2026-04-27T17:27:28,7348,OFF
1,rsa4096,4,16,2.5049580144695938,2026-04-27T17:27:28,7348,OFF
1,rsa4096,4,17,2.4924169993028045,2026-04-27T17:27:28,7348,OFF
1,rsa4096,4,18,2.5047920062206686,2026-04-27T17:27:28,7348,OFF
1,rsa4096,4,19,2.483083982951939,2026-04-27T17:27:28,7348,OFF
1,rsa4096,4,20,2.500458969734609,2026-04-27T17:27:28,7348,OFF
1,rsa4096,4,21,2.497458946891129,2026-04-27T17:27:28,7348,OFF
1,rsa4096,4,22,2.4877499672584236,2026-04-27T17:27:28,7348,OFF
1,rsa4096,4,23,2.517166023608297,2026-04-27T17:27:28,7348,OFF
1,rsa4096,4,24,2.5123750092461705,2026-04-27T17:27:28,7348,OFF
1,rsa4096,4,25,2.5084579829126596,2026-04-27T17:27:28,7348,OFF
1,rsa4096,4,26,2.50791700091213,2026-04-27T17:27:28,7348,OFF
1,rsa4096,4,27,2.5099169579334557,2026-04-27T17:27:28,7348,OFF
1,rsa4096,4,28,2.5279169785790145,2026-04-27T17:27:28,7348,OFF
1,rsa4096,4,29,2.5187499704770744,2026-04-27T17:27:28,7348,OFF
1,rsa4096,4,30,2.5282910210080445,2026-04-27T17:27:28,7348,OFF
1,rsa4096,4,31,2.524959039874375,2026-04-27T17:27:28,7348,OFF
1,rsa4096,4,32,2.5179170188494027,2026-04-27T17:27:28,7348,OFF
1,rsa4096,4,33,2.506999997422099,2026-04-27T17:27:28,7348,OFF
1,rsa4096,4,34,2.533584018237889,2026-04-27T17:27:28,7348,OFF
1,rsa4096,4,35,2.5313340011052787,2026-04-27T17:27:29,7348,OFF
1,rsa4096,4,36,2.521082991734147,2026-04-27T17:27:29,7348,OFF
1,rsa4096,4,37,2.5246250443160534,2026-04-27T17:27:29,7348,OFF
1,rsa4096,4,38,2.5370000512339175,2026-04-27T17:27:29,7348,OFF
1,rsa4096,4,39,2.5245000142604113,2026-04-27T17:27:29,7348,OFF
1,rsa4096,4,40,2.52362503670156,2026-04-27T17:27:29,7348,OFF
1,rsa4096,4,41,2.523458970244974,2026-04-27T17:27:29,7348,OFF
1,rsa4096,4,42,2.5402920437045395,2026-04-27T17:27:29,7348,OFF
1,rsa4096,4,43,2.532667014747858,2026-04-27T17:27:29,7348,OFF
1,rsa4096,4,44,2.511041995603591,2026-04-27T17:27:29,7348,OFF
1,rsa4096,4,45,3.054083965253085,2026-04-27T17:27:29,7348,OFF
1,rsa4096,4,46,2.5362909655086696,2026-04-27T17:27:29,7348,OFF
1,rsa4096,4,47,2.5519999908283353,2026-04-27T17:27:29,7348,OFF
1,rsa4096,4,48,2.536749991122633,2026-04-27T17:27:29,7348,OFF
1,rsa4096,4,49,2.5336669641546905,2026-04-27T17:27:29,7348,OFF
1,rsa4096,4,50,2.534208004362881,2026-04-27T17:27:29,7348,OFF
1,rsa4096,4,51,2.5541249779053032,2026-04-27T17:27:29,7348,OFF
1,rsa4096,4,52,2.5329170166514814,2026-04-27T17:27:29,7348,OFF
1,rsa4096,4,53,2.6105419965460896,2026-04-27T17:27:29,7348,OFF
1,rsa4096,4,54,2.6480829692445695,2026-04-27T17:27:29,7348,OFF
1,rsa4096,4,55,2.514542022254318,2026-04-27T17:27:29,7348,OFF
1,rsa4096,4,56,2.52679199911654,2026-04-27T17:27:29,7348,OFF
1,rsa4096,4,57,2.490209008101374,2026-04-27T17:27:29,7348,OFF
1,rsa4096,4,58,2.553416008595377,2026-04-27T17:27:29,7348,OFF
1,rsa4096,4,59,2.6211250224150717,2026-04-27T17:27:29,7348,OFF
1,rsa4096,4,60,2.4864579900167882,2026-04-27T17:27:29,7348,OFF
1,rsa4096,4,61,2.4916669935919344,2026-04-27T17:27:29,7348,OFF
1,rsa4096,4,62,2.508041972760111,2026-04-27T17:27:29,7348,OFF
1,rsa4096,4,63,2.5469580432400107,2026-04-27T17:27:29,7348,OFF
1,rsa4096,4,64,2.5536249740980566,2026-04-27T17:27:29,7348,OFF
1,rsa4096,4,65,2.5754160014912486,2026-04-27T17:27:29,7348,OFF
1,rsa4096,4,66,2.5542500079609454,2026-04-27T17:27:29,7348,OFF
1,rsa4096,4,67,2.5443340418860316,2026-04-27T17:27:29,7348,OFF
1,rsa4096,4,68,2.5513749569654465,2026-04-27T17:27:29,7348,OFF
1,rsa4096,4,69,2.5660410174168646,2026-04-27T17:27:29,7348,OFF
1,rsa4096,4,70,2.5471249828115106,2026-04-27T17:27:29,7348,OFF
1,rsa4096,4,71,2.575916994828731,2026-04-27T17:27:29,7348,OFF
1,rsa4096,4,72,2.5665000430308282,2026-04-27T17:27:29,7348,OFF
1,rsa4096,4,73,2.5555419852025807,2026-04-27T17:27:29,7348,OFF
1,rsa4096,4,74,2.52437504241243,2026-04-27T17:27:29,7348,OFF
1,rsa4096,4,75,2.5258330279029906,2026-04-27T17:27:29,7348,OFF
1,rsa4096,4,76,2.5259159738197923,2026-04-27T17:27:29,7348,OFF
1,rsa4096,4,77,2.970250032376498,2026-04-27T17:27:29,7348,OFF
1,rsa4096,4,78,2.467582991812378,2026-04-27T17:27:29,7348,OFF
1,rsa4096,4,79,2.5391249801032245,2026-04-27T17:27:29,7348,OFF
1,rsa4096,4,80,2.548834017943591,2026-04-27T17:27:29,7348,OFF
1,rsa4096,4,81,2.5606669951230288,2026-04-27T17:27:29,7348,OFF
1,rsa4096,4,82,2.54791701445356,2026-04-27T17:27:29,7348,OFF
1,rsa4096,4,83,2.448874991387129,2026-04-27T17:27:29,7348,OFF
1,rsa4096,4,84,2.443375007715076,2026-04-27T17:27:29,7348,OFF
1,rsa4096,4,85,2.4372090119868517,2026-04-27T17:27:29,7348,OFF
1,rsa4096,4,86,2.470332954544574,2026-04-27T17:27:29,7348,OFF
1,rsa4096,4,87,2.486917015630752,2026-04-27T17:27:29,7348,OFF
1,rsa4096,4,88,2.5088750408031046,2026-04-27T17:27:29,7348,OFF
1,rsa4096,4,89,2.5356669793836772,2026-04-27T17:27:29,7348,OFF
1,rsa4096,4,90,2.5566249969415367,2026-04-27T17:27:29,7348,OFF
1,rsa4096,4,91,2.553208963945508,2026-04-27T17:27:29,7348,OFF
1,rsa4096,4,92,2.5418750010430813,2026-04-27T17:27:29,7348,OFF
1,rsa4096,4,93,2.5458750315010548,2026-04-27T17:27:29,7348,OFF
1,rsa4096,4,94,2.545290975831449,2026-04-27T17:27:29,7348,OFF
1,rsa4096,4,95,2.5243330164812505,2026-04-27T17:27:29,7348,OFF
1,rsa4096,4,96,2.4384999996982515,2026-04-27T17:27:29,7348,OFF
1,rsa4096,4,97,2.4752499884925783,2026-04-27T17:27:29,7348,OFF
1,rsa4096,4,98,2.501084003597498,2026-04-27T17:27:29,7348,OFF
1,rsa4096,4,99,2.5103340158239007,2026-04-27T17:27:29,7348,OFF
1,rsa4096,4,100,2.5484999641776085,2026-04-27T17:27:29,7348,OFF
1,rsa4096,4,101,2.562917012255639,2026-04-27T17:27:29,7348,OFF
1,rsa4096,4,102,2.5344169698655605,2026-04-27T17:27:29,7348,OFF
1,rsa4096,4,103,2.6326659717597067,2026-04-27T17:27:29,7348,OFF
1,rsa4096,4,104,6.396667042281479,2026-04-27T17:27:29,7348,OFF
1,rsa4096,4,105,10.644207999575883,2026-04-27T17:27:29,7348,OFF
1,rsa4096,4,106,7.433207996655256,2026-04-27T17:27:29,7348,OFF
1,rsa4096,4,107,3.7982090143486857,2026-04-27T17:27:29,7348,OFF
1,rsa4096,4,108,5.359875038266182,2026-04-27T17:27:29,7348,OFF
1,rsa4096,4,109,3.31687496509403,2026-04-27T17:27:29,7348,OFF
1,rsa4096,4,110,2.7008330216631293,2026-04-27T17:27:29,7348,OFF
1,rsa4096,4,111,2.675666008144617,2026-04-27T17:27:29,7348,OFF
1,rsa4096,4,112,2.705208957195282,2026-04-27T17:27:29,7348,OFF
1,rsa4096,4,113,2.78395798522979,2026-04-27T17:27:29,7348,OFF
1,rsa4096,4,114,2.7391250478103757,2026-04-27T17:27:29,7348,OFF
1,rsa4096,4,115,2.5880829780362546,2026-04-27T17:27:29,7348,OFF
1,rsa4096,4,116,2.518500026781112,2026-04-27T17:27:29,7348,OFF
1,rsa4096,4,117,2.4716249899938703,2026-04-27T17:27:29,7348,OFF
1,rsa4096,4,118,2.5175000191666186,2026-04-27T17:27:29,7348,OFF
1,rsa4096,4,119,2.523917006328702,2026-04-27T17:27:29,7348,OFF
1,rsa4096,4,120,2.5762500008568168,2026-04-27T17:27:29,7348,OFF
1,rsa4096,4,121,2.573917037807405,2026-04-27T17:27:29,7348,OFF
1,rsa4096,4,122,2.5562919909134507,2026-04-27T17:27:29,7348,OFF
1,rsa4096,4,123,2.5641669635660946,2026-04-27T17:27:29,7348,OFF
1,rsa4096,4,124,2.546333009377122,2026-04-27T17:27:29,7348,OFF
1,rsa4096,4,125,2.6035839691758156,2026-04-27T17:27:29,7348,OFF
1,rsa4096,4,126,2.567292016465217,2026-04-27T17:27:29,7348,OFF
1,rsa4096,4,127,2.574209007434547,2026-04-27T17:27:29,7348,OFF
1,rsa4096,4,128,2.5737499818205833,2026-04-27T17:27:29,7348,OFF
1,rsa4096,4,129,2.5602499954402447,2026-04-27T17:27:29,7348,OFF
1,rsa4096,4,130,2.561290981248021,2026-04-27T17:27:29,7348,OFF
1,rsa4096,4,131,2.496124943718314,2026-04-27T17:27:29,7348,OFF
1,rsa4096,4,132,2.497166977263987,2026-04-27T17:27:29,7348,OFF
1,rsa4096,4,133,2.5042080087587237,2026-04-27T17:27:29,7348,OFF
1,rsa4096,4,134,2.5293329963460565,2026-04-27T17:27:29,7348,OFF
1,rsa4096,4,135,2.5269999750889838,2026-04-27T17:27:29,7348,OFF
1,rsa4096,4,136,2.5274170329794288,2026-04-27T17:27:29,7348,OFF
1,rsa4096,4,137,2.5471249828115106,2026-04-27T17:27:29,7348,OFF
1,rsa4096,4,138,2.555791987106204,2026-04-27T17:27:29,7348,OFF
1,rsa4096,4,139,2.5481670163571835,2026-04-27T17:27:29,7348,OFF
1,rsa4096,4,140,2.5454999995417893,2026-04-27T17:27:29,7348,OFF
1,rsa4096,4,141,3.071625018492341,2026-04-27T17:27:29,7348,OFF
1,rsa4096,4,142,2.537375024985522,2026-04-27T17:27:29,7348,OFF
1,rsa4096,4,143,2.5791249936446548,2026-04-27T17:27:29,7348,OFF
1,rsa4096,4,144,2.538790984544903,2026-04-27T17:27:29,7348,OFF
1,rsa4096,4,145,2.541749970987439,2026-04-27T17:27:29,7348,OFF
1,rsa4096,4,146,2.567709016148001,2026-04-27T17:27:29,7348,OFF
1,rsa4096,4,147,2.460624964442104,2026-04-27T17:27:29,7348,OFF
1,rsa4096,4,148,2.494957996532321,2026-04-27T17:27:29,7348,OFF
1,rsa4096,4,149,2.4859170080162585,2026-04-27T17:27:29,7348,OFF
1,rsa4096,4,150,2.507333003450185,2026-04-27T17:27:29,7348,OFF
1,rsa4096,4,151,2.5180000229738653,2026-04-27T17:27:29,7348,OFF
1,rsa4096,4,152,2.5421249447390437,2026-04-27T17:27:29,7348,OFF
1,rsa4096,4,153,2.682416990865022,2026-04-27T17:27:29,7348,OFF
1,rsa4096,4,154,2.4853749782778323,2026-04-27T17:27:29,7348,OFF
1,rsa4096,4,155,2.5863329647108912,2026-04-27T17:27:29,7348,OFF
1,rsa4096,4,156,2.558666979894042,2026-04-27T17:27:29,7348,OFF
1,rsa4096,4,157,2.538624976295978,2026-04-27T17:27:29,7348,OFF
1,rsa4096,4,158,2.6420829817652702,2026-04-27T17:27:29,7348,OFF
1,rsa4096,4,159,2.430542022921145,2026-04-27T17:27:29,7348,OFF
1,rsa4096,4,160,2.446874976158142,2026-04-27T17:27:29,7348,OFF
1,rsa4096,4,161,2.4787079892121255,2026-04-27T17:27:29,7348,OFF
1,rsa4096,4,162,2.5279580149799585,2026-04-27T17:27:29,7348,OFF
1,rsa4096,4,163,2.4992499966174364,2026-04-27T17:27:29,7348,OFF
1,rsa4096,4,164,2.5053329882211983,2026-04-27T17:27:29,7348,OFF
1,rsa4096,4,165,2.560374967288226,2026-04-27T17:27:29,7348,OFF
1,rsa4096,4,166,2.5245000142604113,2026-04-27T17:27:29,7348,OFF
1,rsa4096,4,167,2.527915989048779,2026-04-27T17:27:29,7348,OFF
1,rsa4096,4,168,2.5284590083174407,2026-04-27T17:27:29,7348,OFF
1,rsa4096,4,169,2.448541985359043,2026-04-27T17:27:29,7348,OFF
1,rsa4096,4,170,2.51987500814721,2026-04-27T17:27:29,7348,OFF
1,rsa4096,4,171,2.5213329936377704,2026-04-27T17:27:29,7348,OFF
1,rsa4096,4,172,2.5059999898076057,2026-04-27T17:27:29,7348,OFF
1,rsa4096,4,173,3.052417014259845,2026-04-27T17:27:29,7348,OFF
1,rsa4096,4,174,2.533332968596369,2026-04-27T17:27:29,7348,OFF
1,rsa4096,4,175,2.5019579916261137,2026-04-27T17:27:29,7348,OFF
1,rsa4096,4,176,2.532334008719772,2026-04-27T17:27:29,7348,OFF
1,rsa4096,4,177,2.558042004238814,2026-04-27T17:27:29,7348,OFF
1,rsa4096,4,178,2.529541961848736,2026-04-27T17:27:29,7348,OFF
1,rsa4096,4,179,2.535999985411763,2026-04-27T17:27:29,7348,OFF
1,rsa4096,4,180,2.543542010243982,2026-04-27T17:27:29,7348,OFF
1,rsa4096,4,181,2.5321670109406114,2026-04-27T17:27:29,7348,OFF
1,rsa4096,4,182,2.51316704088822,2026-04-27T17:27:29,7348,OFF
1,rsa4096,4,183,2.5052499840967357,2026-04-27T17:27:29,7348,OFF
1,rsa4096,4,184,2.4561669561080635,2026-04-27T17:27:29,7348,OFF
1,rsa4096,4,185,2.462708973325789,2026-04-27T17:27:29,7348,OFF
1,rsa4096,4,186,2.5180000229738653,2026-04-27T17:27:29,7348,OFF
1,rsa4096,4,187,2.5245840079151094,2026-04-27T17:27:29,7348,OFF
1,rsa4096,4,188,2.539083012379706,2026-04-27T17:27:29,7348,OFF
1,rsa4096,4,189,2.4770830059424043,2026-04-27T17:27:29,7348,OFF
1,rsa4096,4,190,2.496875007636845,2026-04-27T17:27:29,7348,OFF
1,rsa4096,4,191,2.486499957740307,2026-04-27T17:27:29,7348,OFF
1,rsa4096,4,192,2.4990829988382757,2026-04-27T17:27:29,7348,OFF
1,rsa4096,4,193,2.5347089977003634,2026-04-27T17:27:29,7348,OFF
1,rsa4096,4,194,2.5377499987371266,2026-04-27T17:27:29,7348,OFF
1,rsa4096,4,195,2.5147079722955823,2026-04-27T17:27:29,7348,OFF
1,rsa4096,4,196,2.482249983586371,2026-04-27T17:27:29,7348,OFF
1,rsa4096,4,197,2.516291046049446,2026-04-27T17:27:29,7348,OFF
1,rsa4096,4,198,2.5497919996269047,2026-04-27T17:27:29,7348,OFF
1,rsa4096,4,199,2.54341698018834,2026-04-27T17:27:29,7348,OFF
1,rsa4096,4,200,2.5548329576849937,2026-04-27T17:27:29,7348,OFF
1,rsa4096,4,201,2.522083988878876,2026-04-27T17:27:29,7348,OFF
1,rsa4096,4,202,2.461874973960221,2026-04-27T17:27:29,7348,OFF
1,rsa4096,4,203,2.5677080266177654,2026-04-27T17:27:29,7348,OFF
1,rsa4096,4,204,2.653125033248216,2026-04-27T17:27:29,7348,OFF
1,rsa4096,4,205,3.0804169946350157,2026-04-27T17:27:29,7348,OFF
1,rsa4096,4,206,2.6260000304318964,2026-04-27T17:27:29,7348,OFF
1,rsa4096,4,207,3.8059999933466315,2026-04-27T17:27:29,7348,OFF
1,rsa4096,4,208,2.881666994653642,2026-04-27T17:27:29,7348,OFF
1,rsa4096,4,209,2.606874972116202,2026-04-27T17:27:29,7348,OFF
1,rsa4096,4,210,2.5904999929480255,2026-04-27T17:27:29,7348,OFF
1,rsa4096,4,211,2.692250011023134,2026-04-27T17:27:29,7348,OFF
1,rsa4096,4,212,2.5627080467529595,2026-04-27T17:27:29,7348,OFF
1,rsa4096,4,213,2.61199998203665,2026-04-27T17:27:29,7348,OFF
1,rsa4096,4,214,2.5666250148788095,2026-04-27T17:27:29,7348,OFF
1,rsa4096,4,215,2.544666000176221,2026-04-27T17:27:29,7348,OFF
1,rsa4096,4,216,2.5471249828115106,2026-04-27T17:27:29,7348,OFF
1,rsa4096,4,217,2.556040999479592,2026-04-27T17:27:29,7348,OFF
1,rsa4096,4,218,2.5737499818205833,2026-04-27T17:27:29,7348,OFF
1,rsa4096,4,219,2.533291990403086,2026-04-27T17:27:29,7348,OFF
1,rsa4096,4,220,2.5822079624049366,2026-04-27T17:27:29,7348,OFF
1,rsa4096,4,221,2.5822080206125975,2026-04-27T17:27:29,7348,OFF
1,rsa4096,4,222,2.5707919849082828,2026-04-27T17:27:29,7348,OFF
1,rsa4096,4,223,2.556541992817074,2026-04-27T17:27:29,7348,OFF
1,rsa4096,4,224,2.5102500221692026,2026-04-27T17:27:29,7348,OFF
1,rsa4096,4,225,2.4975420092232525,2026-04-27T17:27:29,7348,OFF
1,rsa4096,4,226,2.599709026981145,2026-04-27T17:27:29,7348,OFF
1,rsa4096,4,227,2.538333006668836,2026-04-27T17:27:29,7348,OFF
1,rsa4096,4,228,2.554665959905833,2026-04-27T17:27:29,7348,OFF
1,rsa4096,4,229,2.56079196697101,2026-04-27T17:27:29,7348,OFF
1,rsa4096,4,230,2.572124998550862,2026-04-27T17:27:29,7348,OFF
1,rsa4096,4,231,2.494000014849007,2026-04-27T17:27:29,7348,OFF
1,rsa4096,4,232,2.511041995603591,2026-04-27T17:27:29,7348,OFF
1,rsa4096,4,233,2.571500022895634,2026-04-27T17:27:29,7348,OFF
1,rsa4096,4,234,2.554666018113494,2026-04-27T17:27:29,7348,OFF
1,rsa4096,4,235,2.552624966483563,2026-04-27T17:27:29,7348,OFF
1,rsa4096,4,236,2.535875013563782,2026-04-27T17:27:29,7348,OFF
1,rsa4096,4,237,3.018957970198244,2026-04-27T17:27:29,7348,OFF
1,rsa4096,4,238,2.5588750140741467,2026-04-27T17:27:29,7348,OFF
1,rsa4096,4,239,2.560333989094943,2026-04-27T17:27:29,7348,OFF
1,rsa4096,4,240,2.5521250208839774,2026-04-27T17:27:29,7348,OFF
1,rsa4096,4,241,2.549541008193046,2026-04-27T17:27:29,7348,OFF
1,rsa4096,4,242,2.486790996044874,2026-04-27T17:27:29,7348,OFF
1,rsa4096,4,243,2.5288749602623284,2026-04-27T17:27:29,7348,OFF
1,rsa4096,4,244,2.5458330055698752,2026-04-27T17:27:29,7348,OFF
1,rsa4096,4,245,2.6031670277006924,2026-04-27T17:27:29,7348,OFF
1,rsa4096,4,246,2.5578340282663703,2026-04-27T17:27:29,7348,OFF
1,rsa4096,4,247,2.5869589881040156,2026-04-27T17:27:29,7348,OFF
1,rsa4096,4,248,2.5533330044709146,2026-04-27T17:27:29,7348,OFF
1,rsa4096,4,249,2.4922500015236437,2026-04-27T17:27:29,7348,OFF
1,rsa4096,4,250,2.5342499720864,2026-04-27T17:27:29,7348,OFF
1,rsa4096,4,251,2.5294169900007546,2026-04-27T17:27:29,7348,OFF
1,rsa4096,4,252,2.5489580002613366,2026-04-27T17:27:29,7348,OFF
1,rsa4096,4,253,2.543165988754481,2026-04-27T17:27:29,7348,OFF
1,rsa4096,4,254,2.7314169565215707,2026-04-27T17:27:29,7348,OFF
1,rsa4096,4,255,2.5220420211553574,2026-04-27T17:27:29,7348,OFF
1,rsa4096,4,256,2.5762079749256372,2026-04-27T17:27:29,7348,OFF
1,rsa4096,4,257,2.5323330191895366,2026-04-27T17:27:29,7348,OFF
1,rsa4096,4,258,2.549041004385799,2026-04-27T17:27:29,7348,OFF
1,rsa4096,4,259,2.536916988901794,2026-04-27T17:27:29,7348,OFF
1,rsa4096,4,260,2.5388330104760826,2026-04-27T17:27:29,7348,OFF
1,rsa4096,4,261,2.501583017874509,2026-04-27T17:27:29,7348,OFF
1,rsa4096,4,262,2.524791983887553,2026-04-27T17:27:29,7348,OFF
1,rsa4096,4,263,2.5346250040456653,2026-04-27T17:27:29,7348,OFF
1,rsa4096,4,264,2.5392909883521497,2026-04-27T17:27:29,7348,OFF
1,rsa4096,4,265,2.5856249849312007,2026-04-27T17:27:29,7348,OFF
1,rsa4096,4,266,2.5267499731853604,2026-04-27T17:27:29,7348,OFF
1,rsa4096,4,267,2.5401670136488974,2026-04-27T17:27:29,7348,OFF
1,rsa4096,4,268,2.5484589859843254,2026-04-27T17:27:29,7348,OFF
1,rsa4096,4,269,3.138249972835183,2026-04-27T17:27:29,7348,OFF
1,rsa4096,4,270,2.5693749776110053,2026-04-27T17:27:29,7348,OFF
1,rsa4096,4,271,2.5876250001601875,2026-04-27T17:27:29,7348,OFF
1,rsa4096,4,272,2.5031669647432864,2026-04-27T17:27:29,7348,OFF
1,rsa4096,4,273,2.4557500146329403,2026-04-27T17:27:29,7348,OFF
1,rsa4096,4,274,2.551582991145551,2026-04-27T17:27:29,7348,OFF
1,rsa4096,4,275,2.5146250263787806,2026-04-27T17:27:29,7348,OFF
1,rsa4096,4,276,2.544499991927296,2026-04-27T17:27:29,7348,OFF
1,rsa4096,4,277,2.5390000082552433,2026-04-27T17:27:29,7348,OFF
1,rsa4096,4,278,2.5735420058481395,2026-04-27T17:27:29,7348,OFF
1,rsa4096,4,279,2.558291016612202,2026-04-27T17:27:29,7348,OFF
1,rsa4096,4,280,2.554666018113494,2026-04-27T17:27:29,7348,OFF
1,rsa4096,4,281,2.6167500182054937,2026-04-27T17:27:29,7348,OFF
1,rsa4096,4,282,2.5931670097634196,2026-04-27T17:27:29,7348,OFF
1,rsa4096,4,283,2.573082980234176,2026-04-27T17:27:29,7348,OFF
1,rsa4096,4,284,2.5040420005097985,2026-04-27T17:27:29,7348,OFF
1,rsa4096,4,285,2.4805840221233666,2026-04-27T17:27:29,7348,OFF
1,rsa4096,4,286,2.510374994017184,2026-04-27T17:27:29,7348,OFF
1,rsa4096,4,287,2.5139579665847123,2026-04-27T17:27:29,7348,OFF
1,rsa4096,4,288,2.528916986193508,2026-04-27T17:27:29,7348,OFF
1,rsa4096,4,289,2.544958028011024,2026-04-27T17:27:29,7348,OFF
1,rsa4096,4,290,2.569249947555363,2026-04-27T17:27:29,7348,OFF
1,rsa4096,4,291,2.55183398257941,2026-04-27T17:27:29,7348,OFF
1,rsa4096,4,292,2.545124967582524,2026-04-27T17:27:29,7348,OFF
1,rsa4096,4,293,2.5729589979164302,2026-04-27T17:27:29,7348,OFF
1,rsa4096,4,294,2.5711670168675482,2026-04-27T17:27:29,7348,OFF
1,rsa4096,4,295,2.541291993111372,2026-04-27T17:27:29,7348,OFF
1,rsa4096,4,296,2.528584038373083,2026-04-27T17:27:29,7348,OFF
1,rsa4096,4,297,2.5294170482084155,2026-04-27T17:27:29,7348,OFF
1,rsa4096,4,298,2.5606249691918492,2026-04-27T17:27:29,7348,OFF
1,rsa4096,4,299,2.5442499900236726,2026-04-27T17:27:29,7348,OFF
1,rsa4096,4,300,2.5900420150719583,2026-04-27T17:27:29,7348,OFF
1,rsa4096,4,301,3.123125003185123,2026-04-27T17:27:29,7348,OFF
1,rsa4096,4,302,2.8846249915659428,2026-04-27T17:27:29,7348,OFF
1,rsa4096,4,303,2.9089999734424055,2026-04-27T17:27:29,7348,OFF
1,rsa4096,4,304,2.834583050571382,2026-04-27T17:27:29,7348,OFF
1,rsa4096,4,305,2.8517500031739473,2026-04-27T17:27:29,7348,OFF
1,rsa4096,4,306,2.794582978822291,2026-04-27T17:27:29,7348,OFF
1,rsa4096,4,307,4.767042002640665,2026-04-27T17:27:29,7348,OFF
1,rsa4096,4,308,3.166375041473657,2026-04-27T17:27:29,7348,OFF
1,rsa4096,4,309,2.7409159811213613,2026-04-27T17:27:29,7348,OFF
1,rsa4096,4,310,2.759499999228865,2026-04-27T17:27:29,7348,OFF
1,rsa4096,4,311,3.4256670041941106,2026-04-27T17:27:29,7348,OFF
1,rsa4096,4,312,6.861499976366758,2026-04-27T17:27:29,7348,OFF
1,rsa4096,4,313,7.621667056810111,2026-04-27T17:27:29,7348,OFF
1,rsa4096,4,314,3.696458996273577,2026-04-27T17:27:29,7348,OFF
1,rsa4096,4,315,6.797042035032064,2026-04-27T17:27:29,7348,OFF
1,rsa4096,4,316,2.7534999535419047,2026-04-27T17:27:29,7348,OFF
1,rsa4096,4,317,2.7295000036247075,2026-04-27T17:27:29,7348,OFF
1,rsa4096,4,318,2.712166984565556,2026-04-27T17:27:29,7348,OFF
1,rsa4096,4,319,2.7024169685319066,2026-04-27T17:27:29,7348,OFF
1,rsa4096,4,320,2.6941659743897617,2026-04-27T17:27:29,7348,OFF
1,rsa4096,4,321,2.687915985006839,2026-04-27T17:27:29,7348,OFF
1,rsa4096,4,322,2.7233330183662474,2026-04-27T17:27:29,7348,OFF
1,rsa4096,4,323,2.7613339480012655,2026-04-27T17:27:29,7348,OFF
1,rsa4096,4,324,2.6866670232266188,2026-04-27T17:27:29,7348,OFF
1,rsa4096,4,325,2.704499987885356,2026-04-27T17:27:29,7348,OFF
1,rsa4096,4,326,2.749499981291592,2026-04-27T17:27:29,7348,OFF
1,rsa4096,4,327,2.6815420133061707,2026-04-27T17:27:29,7348,OFF
1,rsa4096,4,328,3.398084023501724,2026-04-27T17:27:29,7348,OFF
1,rsa4096,4,329,3.014042042195797,2026-04-27T17:27:29,7348,OFF
1,rsa4096,4,330,6.201834010425955,2026-04-27T17:27:29,7348,OFF
1,rsa4096,4,331,4.121917008887976,2026-04-27T17:27:29,7348,OFF
1,rsa4096,4,332,2.8583749663084745,2026-04-27T17:27:29,7348,OFF
1,rsa4096,4,333,3.4350419882684946,2026-04-27T17:27:29,7348,OFF
1,rsa4096,4,334,2.7831660117954016,2026-04-27T17:27:29,7348,OFF
1,rsa4096,4,335,2.8204169939272106,2026-04-27T17:27:29,7348,OFF
1,rsa4096,4,336,2.845040988177061,2026-04-27T17:27:29,7348,OFF
1,rsa4096,4,337,2.7444580337032676,2026-04-27T17:27:29,7348,OFF
1,rsa4096,4,338,2.821125031914562,2026-04-27T17:27:29,7348,OFF
1,rsa4096,4,339,2.7644169749692082,2026-04-27T17:27:29,7348,OFF
1,rsa4096,4,340,2.7427079621702433,2026-04-27T17:27:29,7348,OFF
1,rsa4096,4,341,2.742209006100893,2026-04-27T17:27:29,7348,OFF
1,rsa4096,4,342,3.6785000120289624,2026-04-27T17:27:29,7348,OFF
1,rsa4096,4,343,2.6954159839078784,2026-04-27T17:27:29,7348,OFF
1,rsa4096,4,344,2.7486669714562595,2026-04-27T17:27:29,7348,OFF
1,rsa4096,4,345,3.1000410090200603,2026-04-27T17:27:29,7348,OFF
1,rsa4096,4,346,2.7461659628897905,2026-04-27T17:27:29,7348,OFF
1,rsa4096,4,347,2.7300420333631337,2026-04-27T17:27:29,7348,OFF
1,rsa4096,4,348,2.8628750005736947,2026-04-27T17:27:29,7348,OFF
1,rsa4096,4,349,2.972999995108694,2026-04-27T17:27:29,7348,OFF
1,rsa4096,4,350,2.769291982986033,2026-04-27T17:27:29,7348,OFF
1,rsa4096,4,351,2.7260000351816416,2026-04-27T17:27:29,7348,OFF
1,rsa4096,4,352,2.69295898033306,2026-04-27T17:27:29,7348,OFF
1,rsa4096,4,353,2.857209008652717,2026-04-27T17:27:29,7348,OFF
1,rsa4096,4,354,3.6191660328768194,2026-04-27T17:27:29,7348,OFF
1,rsa4096,4,355,3.5021670046262443,2026-04-27T17:27:29,7348,OFF
1,rsa4096,4,356,2.807791985105723,2026-04-27T17:27:29,7348,OFF
1,rsa4096,4,357,2.784417010843754,2026-04-27T17:27:29,7348,OFF
1,rsa4096,4,358,2.867207978852093,2026-04-27T17:27:29,7348,OFF
1,rsa4096,4,359,2.9542080010287464,2026-04-27T17:27:29,7348,OFF
1,rsa4096,4,360,2.7228749822825193,2026-04-27T17:27:29,7348,OFF
1,rsa4096,4,361,2.764000033494085,2026-04-27T17:27:29,7348,OFF
1,rsa4096,4,362,2.905624976847321,2026-04-27T17:27:29,7348,OFF
1,rsa4096,4,363,2.7045420138165355,2026-04-27T17:27:29,7348,OFF
1,rsa4096,4,364,3.2994169741868973,2026-04-27T17:27:29,7348,OFF
1,rsa4096,4,365,3.2531670294702053,2026-04-27T17:27:29,7348,OFF
1,rsa4096,4,366,3.3341250382363796,2026-04-27T17:27:29,7348,OFF
1,rsa4096,4,367,2.8049999964423478,2026-04-27T17:27:29,7348,OFF
1,rsa4096,4,368,2.840499975718558,2026-04-27T17:27:29,7348,OFF
1,rsa4096,4,369,2.9877920169383287,2026-04-27T17:27:30,7348,OFF
1,rsa4096,4,370,2.87070800550282,2026-04-27T17:27:30,7348,OFF
1,rsa4096,4,371,2.7568329824134707,2026-04-27T17:27:30,7348,OFF
1,rsa4096,4,372,2.765499986708164,2026-04-27T17:27:30,7348,OFF
1,rsa4096,4,373,2.84362502861768,2026-04-27T17:27:30,7348,OFF
1,rsa4096,4,374,3.2998340320773423,2026-04-27T17:27:30,7348,OFF
1,rsa4096,4,375,2.8147909906692803,2026-04-27T17:27:30,7348,OFF
1,rsa4096,4,376,2.843957976438105,2026-04-27T17:27:30,7348,OFF
1,rsa4096,4,377,3.556000010576099,2026-04-27T17:27:30,7348,OFF
1,rsa4096,4,378,2.858624968212098,2026-04-27T17:27:30,7348,OFF
1,rsa4096,4,379,3.108792006969452,2026-04-27T17:27:30,7348,OFF
1,rsa4096,4,380,4.0194589528255165,2026-04-27T17:27:30,7348,OFF
1,rsa4096,4,381,2.9525000136345625,2026-04-27T17:27:30,7348,OFF
1,rsa4096,4,382,3.056792018469423,2026-04-27T17:27:30,7348,OFF
1,rsa4096,4,383,2.8220000094734132,2026-04-27T17:27:30,7348,OFF
1,rsa4096,4,384,3.2420000061392784,2026-04-27T17:27:30,7348,OFF
1,rsa4096,4,385,3.09579202439636,2026-04-27T17:27:30,7348,OFF
1,rsa4096,4,386,3.2998749520629644,2026-04-27T17:27:30,7348,OFF
1,rsa4096,4,387,2.818666980601847,2026-04-27T17:27:30,7348,OFF
1,rsa4096,4,388,2.728540974203497,2026-04-27T17:27:30,7348,OFF
1,rsa4096,4,389,2.9033339815214276,2026-04-27T17:27:30,7348,OFF
1,rsa4096,4,390,2.620415994897485,2026-04-27T17:27:30,7348,OFF
1,rsa4096,4,391,2.6344580110162497,2026-04-27T17:27:30,7348,OFF
1,rsa4096,4,392,2.6497499784454703,2026-04-27T17:27:30,7348,OFF
1,rsa4096,4,393,2.6803340297192335,2026-04-27T17:27:30,7348,OFF
1,rsa4096,4,394,2.7451670030131936,2026-04-27T17:27:30,7348,OFF
1,rsa4096,4,395,2.604709006845951,2026-04-27T17:27:30,7348,OFF
1,rsa4096,4,396,2.652167051564902,2026-04-27T17:27:30,7348,OFF
1,rsa4096,4,397,3.262625017669052,2026-04-27T17:27:30,7348,OFF
1,rsa4096,4,398,2.633832977153361,2026-04-27T17:27:30,7348,OFF
1,rsa4096,4,399,2.661333011928946,2026-04-27T17:27:30,7348,OFF
1,rsa4096,4,400,2.6299169985577464,2026-04-27T17:27:30,7348,OFF
1,rsa4096,4,401,2.6402079965919256,2026-04-27T17:27:30,7348,OFF
1,rsa4096,4,402,2.650875016115606,2026-04-27T17:27:30,7348,OFF
1,rsa4096,4,403,2.561874978709966,2026-04-27T17:27:30,7348,OFF
1,rsa4096,4,404,2.5754999951459467,2026-04-27T17:27:30,7348,OFF
1,rsa4096,4,405,2.6500410167500377,2026-04-27T17:27:30,7348,OFF
1,rsa4096,4,406,2.853957994375378,2026-04-27T17:27:30,7348,OFF
1,rsa4096,4,407,2.5534590240567923,2026-04-27T17:27:30,7348,OFF
1,rsa4096,4,408,2.6016669580712914,2026-04-27T17:27:30,7348,OFF
1,rsa4096,4,409,2.6292920229025185,2026-04-27T17:27:30,7348,OFF
1,rsa4096,4,410,2.606416994240135,2026-04-27T17:27:30,7348,OFF
1,rsa4096,4,411,2.665792009793222,2026-04-27T17:27:30,7348,OFF
1,rsa4096,4,412,2.6136250235140324,2026-04-27T17:27:30,7348,OFF
1,rsa4096,4,413,2.6194999809376895,2026-04-27T17:27:30,7348,OFF
1,rsa4096,4,414,2.6848330162465572,2026-04-27T17:27:30,7348,OFF
1,rsa4096,4,415,2.599459025077522,2026-04-27T17:27:30,7348,OFF
1,rsa4096,4,416,2.6221669977530837,2026-04-27T17:27:30,7348,OFF
1,rsa4096,4,417,2.5445420178584754,2026-04-27T17:27:30,7348,OFF
1,rsa4096,4,418,2.8233329649083316,2026-04-27T17:27:30,7348,OFF
1,rsa4096,4,419,2.56304198410362,2026-04-27T17:27:30,7348,OFF
1,rsa4096,4,420,2.602500026114285,2026-04-27T17:27:30,7348,OFF
1,rsa4096,4,421,2.6413750019855797,2026-04-27T17:27:30,7348,OFF
1,rsa4096,4,422,2.5845419731922448,2026-04-27T17:27:30,7348,OFF
1,rsa4096,4,423,2.6645410107448697,2026-04-27T17:27:30,7348,OFF
1,rsa4096,4,424,2.6418339693918824,2026-04-27T17:27:30,7348,OFF
1,rsa4096,4,425,2.622874977532774,2026-04-27T17:27:30,7348,OFF
1,rsa4096,4,426,2.618291007820517,2026-04-27T17:27:30,7348,OFF
1,rsa4096,4,427,2.622333006002009,2026-04-27T17:27:30,7348,OFF
1,rsa4096,4,428,2.6123750139959157,2026-04-27T17:27:30,7348,OFF
1,rsa4096,4,429,3.163957968354225,2026-04-27T17:27:30,7348,OFF
1,rsa4096,4,430,2.6291250251233578,2026-04-27T17:27:30,7348,OFF
1,rsa4096,4,431,2.615833014715463,2026-04-27T17:27:30,7348,OFF
1,rsa4096,4,432,2.613415999803692,2026-04-27T17:27:30,7348,OFF
1,rsa4096,4,433,2.6124580181203783,2026-04-27T17:27:30,7348,OFF
1,rsa4096,4,434,2.5675419601611793,2026-04-27T17:27:30,7348,OFF
1,rsa4096,4,435,2.537958964239806,2026-04-27T17:27:30,7348,OFF
1,rsa4096,4,436,2.5946670211851597,2026-04-27T17:27:30,7348,OFF
1,rsa4096,4,437,2.558999985922128,2026-04-27T17:27:30,7348,OFF
1,rsa4096,4,438,2.6132919592782855,2026-04-27T17:27:30,7348,OFF
1,rsa4096,4,439,2.5993339950218797,2026-04-27T17:27:30,7348,OFF
1,rsa4096,4,440,2.6096669607795775,2026-04-27T17:27:30,7348,OFF
1,rsa4096,4,441,2.6204590103589,2026-04-27T17:27:30,7348,OFF
1,rsa4096,4,442,2.5990840513259172,2026-04-27T17:27:30,7348,OFF
1,rsa4096,4,443,2.664458006620407,2026-04-27T17:27:30,7348,OFF
1,rsa4096,4,444,2.59891600580886,2026-04-27T17:27:30,7348,OFF
1,rsa4096,4,445,2.5927909882739186,2026-04-27T17:27:30,7348,OFF
1,rsa4096,4,446,2.5610420270822942,2026-04-27T17:27:30,7348,OFF
1,rsa4096,4,447,2.589540963526815,2026-04-27T17:27:30,7348,OFF
1,rsa4096,4,448,2.60733300819993,2026-04-27T17:27:30,7348,OFF
1,rsa4096,4,449,2.6117500383406878,2026-04-27T17:27:30,7348,OFF
1,rsa4096,4,450,2.601833955850452,2026-04-27T17:27:30,7348,OFF
1,rsa4096,4,451,2.6314579881727695,2026-04-27T17:27:30,7348,OFF
1,rsa4096,4,452,2.5223339907824993,2026-04-27T17:27:30,7348,OFF
1,rsa4096,4,453,2.6129590114578605,2026-04-27T17:27:30,7348,OFF
1,rsa4096,4,454,2.670832967851311,2026-04-27T17:27:30,7348,OFF
1,rsa4096,4,455,2.646666020154953,2026-04-27T17:27:30,7348,OFF
1,rsa4096,4,456,2.6246249908581376,2026-04-27T17:27:30,7348,OFF
1,rsa4096,4,457,2.5894169812090695,2026-04-27T17:27:30,7348,OFF
1,rsa4096,4,458,2.5846249773167074,2026-04-27T17:27:30,7348,OFF
1,rsa4096,4,459,2.5139159988611937,2026-04-27T17:27:30,7348,OFF
1,rsa4096,4,460,2.5574159808456898,2026-04-27T17:27:30,7348,OFF
1,rsa4096,4,461,3.1383750028908253,2026-04-27T17:27:30,7348,OFF
1,rsa4096,4,462,2.5856249849312007,2026-04-27T17:27:30,7348,OFF
1,rsa4096,4,463,2.6067919679917395,2026-04-27T17:27:30,7348,OFF
1,rsa4096,4,464,2.5445829960517585,2026-04-27T17:27:30,7348,OFF
1,rsa4096,4,465,2.552459016442299,2026-04-27T17:27:30,7348,OFF
1,rsa4096,4,466,2.5611669989302754,2026-04-27T17:27:30,7348,OFF
1,rsa4096,4,467,2.5504999794065952,2026-04-27T17:27:30,7348,OFF
1,rsa4096,4,468,2.577834005933255,2026-04-27T17:27:30,7348,OFF
1,rsa4096,4,469,2.563832968007773,2026-04-27T17:27:30,7348,OFF
1,rsa4096,4,470,2.5847500073723495,2026-04-27T17:27:30,7348,OFF
1,rsa4096,4,471,2.567125018686056,2026-04-27T17:27:30,7348,OFF
1,rsa4096,4,472,2.507832949049771,2026-04-27T17:27:30,7348,OFF
1,rsa4096,4,473,2.535791019909084,2026-04-27T17:27:30,7348,OFF
1,rsa4096,4,474,2.51837499672547,2026-04-27T17:27:30,7348,OFF
1,rsa4096,4,475,2.538124972488731,2026-04-27T17:27:30,7348,OFF
1,rsa4096,4,476,2.6136249653063715,2026-04-27T17:27:30,7348,OFF
1,rsa4096,4,477,2.535125007852912,2026-04-27T17:27:30,7348,OFF
1,rsa4096,4,478,2.5646249996498227,2026-04-27T17:27:30,7348,OFF
1,rsa4096,4,479,2.5755000533536077,2026-04-27T17:27:30,7348,OFF
1,rsa4096,4,480,2.577457984443754,2026-04-27T17:27:30,7348,OFF
1,rsa4096,4,481,2.610500028822571,2026-04-27T17:27:30,7348,OFF
1,rsa4096,4,482,2.488915983121842,2026-04-27T17:27:30,7348,OFF
1,rsa4096,4,483,2.5695000076666474,2026-04-27T17:27:30,7348,OFF
1,rsa4096,4,484,2.556958992499858,2026-04-27T17:27:30,7348,OFF
1,rsa4096,4,485,2.6130839833058417,2026-04-27T17:27:30,7348,OFF
1,rsa4096,4,486,2.5879580061882734,2026-04-27T17:27:30,7348,OFF
1,rsa4096,4,487,2.579958993010223,2026-04-27T17:27:30,7348,OFF
1,rsa4096,4,488,2.5348750059492886,2026-04-27T17:27:30,7348,OFF
1,rsa4096,4,489,2.5823330506682396,2026-04-27T17:27:30,7348,OFF
1,rsa4096,4,490,2.629875030834228,2026-04-27T17:27:30,7348,OFF
1,rsa4096,4,491,2.6069169980473816,2026-04-27T17:27:30,7348,OFF
1,rsa4096,4,492,2.594291989225894,2026-04-27T17:27:30,7348,OFF
1,rsa4096,4,493,3.1477499869652092,2026-04-27T17:27:30,7348,OFF
1,rsa4096,4,494,2.5008750380948186,2026-04-27T17:27:30,7348,OFF
1,rsa4096,4,495,2.5245000142604113,2026-04-27T17:27:30,7348,OFF
1,rsa4096,4,496,2.548417018260807,2026-04-27T17:27:30,7348,OFF
1,rsa4096,4,497,2.5318749831058085,2026-04-27T17:27:30,7348,OFF
1,rsa4096,4,498,2.54025001777336,2026-04-27T17:27:30,7348,OFF
1,rsa4096,4,499,2.585333015304059,2026-04-27T17:27:30,7348,OFF
1,rsa4096,4,500,2.4970409576781094,2026-04-27T17:27:30,7348,OFF
1,rsa4096,4,501,2.557541010901332,2026-04-27T17:27:30,7348,OFF
1,rsa4096,4,502,2.564875001553446,2026-04-27T17:27:30,7348,OFF
1,rsa4096,4,503,2.6499999803490937,2026-04-27T17:27:30,7348,OFF
1,rsa4096,4,504,2.5987919652834535,2026-04-27T17:27:30,7348,OFF
1,rsa4096,4,505,2.641082974150777,2026-04-27T17:27:30,7348,OFF
1,rsa4096,4,506,2.565916976891458,2026-04-27T17:27:30,7348,OFF
1,rsa4096,4,507,2.577457984443754,2026-04-27T17:27:30,7348,OFF
1,rsa4096,4,508,2.5769579806365073,2026-04-27T17:27:30,7348,OFF
1,rsa4096,4,509,2.628625021316111,2026-04-27T17:27:30,7348,OFF
1,rsa4096,4,510,2.5836670538410544,2026-04-27T17:27:30,7348,OFF
1,rsa4096,4,511,2.5971250142902136,2026-04-27T17:27:30,7348,OFF
1,rsa4096,4,512,2.461583004333079,2026-04-27T17:27:30,7348,OFF
1,rsa4096,4,513,2.545249997638166,2026-04-27T17:27:30,7348,OFF
1,rsa4096,4,514,2.5607080315239727,2026-04-27T17:27:30,7348,OFF
1,rsa4096,4,515,2.5448749656789005,2026-04-27T17:27:30,7348,OFF
1,rsa4096,4,516,2.5760410353541374,2026-04-27T17:27:30,7348,OFF
1,rsa4096,4,517,2.606249996460974,2026-04-27T17:27:30,7348,OFF
1,rsa4096,4,518,2.5740000419318676,2026-04-27T17:27:30,7348,OFF
1,rsa4096,4,519,2.5956250028684735,2026-04-27T17:27:30,7348,OFF
1,rsa4096,4,520,2.592500008177012,2026-04-27T17:27:30,7348,OFF
1,rsa4096,4,521,2.562917012255639,2026-04-27T17:27:30,7348,OFF
1,rsa4096,4,522,2.591292024590075,2026-04-27T17:27:30,7348,OFF
1,rsa4096,4,523,2.563499961979687,2026-04-27T17:27:30,7348,OFF
1,rsa4096,4,524,2.4594999849796295,2026-04-27T17:27:30,7348,OFF
1,rsa4096,4,525,3.0497079715132713,2026-04-27T17:27:30,7348,OFF
1,rsa4096,4,526,2.5188340223394334,2026-04-27T17:27:30,7348,OFF
1,rsa4096,4,527,2.5317079853266478,2026-04-27T17:27:30,7348,OFF
1,rsa4096,4,528,2.54454102832824,2026-04-27T17:27:30,7348,OFF
1,rsa4096,4,529,2.511874947231263,2026-04-27T17:27:30,7348,OFF
1,rsa4096,4,530,2.4462920264340937,2026-04-27T17:27:30,7348,OFF
1,rsa4096,4,531,2.5112919975072145,2026-04-27T17:27:30,7348,OFF
1,rsa4096,4,532,2.5410830276086926,2026-04-27T17:27:30,7348,OFF
1,rsa4096,4,533,2.575292019173503,2026-04-27T17:27:30,7348,OFF
1,rsa4096,4,534,2.552082994952798,2026-04-27T17:27:30,7348,OFF
1,rsa4096,4,535,2.600708045065403,2026-04-27T17:27:30,7348,OFF
1,rsa4096,4,536,2.472874999511987,2026-04-27T17:27:30,7348,OFF
1,rsa4096,4,537,2.527334028854966,2026-04-27T17:27:30,7348,OFF
1,rsa4096,4,538,2.5391250383108854,2026-04-27T17:27:30,7348,OFF
1,rsa4096,4,539,2.5444579659961164,2026-04-27T17:27:30,7348,OFF
1,rsa4096,4,540,2.529082994442433,2026-04-27T17:27:30,7348,OFF
1,rsa4096,4,541,2.5885830400511622,2026-04-27T17:27:30,7348,OFF
1,rsa4096,4,542,2.5704160216264427,2026-04-27T17:27:30,7348,OFF
1,rsa4096,4,543,2.5831250241026282,2026-04-27T17:27:30,7348,OFF
1,rsa4096,4,544,2.5638749939389527,2026-04-27T17:27:30,7348,OFF
1,rsa4096,4,545,2.5788339553400874,2026-04-27T17:27:30,7348,OFF
1,rsa4096,4,546,2.5785830221138895,2026-04-27T17:27:30,7348,OFF
1,rsa4096,4,547,2.5827089557424188,2026-04-27T17:27:30,7348,OFF
1,rsa4096,4,548,2.468332997523248,2026-04-27T17:27:30,7348,OFF
1,rsa4096,4,549,2.487833029590547,2026-04-27T17:27:30,7348,OFF
1,rsa4096,4,550,2.526625001337379,2026-04-27T17:27:30,7348,OFF
1,rsa4096,4,551,2.5422500330023468,2026-04-27T17:27:30,7348,OFF
1,rsa4096,4,552,2.562665962614119,2026-04-27T17:27:30,7348,OFF
1,rsa4096,4,553,2.557208004873246,2026-04-27T17:27:30,7348,OFF
1,rsa4096,4,554,2.585084002930671,2026-04-27T17:27:30,7348,OFF
1,rsa4096,4,555,2.5782500160858035,2026-04-27T17:27:30,7348,OFF
1,rsa4096,4,556,2.548582968302071,2026-04-27T17:27:30,7348,OFF
1,rsa4096,4,557,3.14641697332263,2026-04-27T17:27:30,7348,OFF
1,rsa4096,4,558,2.5749169872142375,2026-04-27T17:27:30,7348,OFF
1,rsa4096,4,559,2.599083003588021,2026-04-27T17:27:30,7348,OFF
1,rsa4096,4,560,2.4843330029398203,2026-04-27T17:27:30,7348,OFF
1,rsa4096,4,561,2.5480829644948244,2026-04-27T17:27:30,7348,OFF
1,rsa4096,4,562,2.5477500166743994,2026-04-27T17:27:30,7348,OFF
1,rsa4096,4,563,2.557166968472302,2026-04-27T17:27:30,7348,OFF
1,rsa4096,4,564,2.5832090177573264,2026-04-27T17:27:30,7348,OFF
1,rsa4096,4,565,2.572417026385665,2026-04-27T17:27:30,7348,OFF
1,rsa4096,4,566,2.578291983809322,2026-04-27T17:27:30,7348,OFF
1,rsa4096,4,567,2.5616659549996257,2026-04-27T17:27:30,7348,OFF
1,rsa4096,4,568,2.604458015412092,2026-04-27T17:27:30,7348,OFF
1,rsa4096,4,569,2.564750029705465,2026-04-27T17:27:30,7348,OFF
1,rsa4096,4,570,2.6236670091748238,2026-04-27T17:27:30,7348,OFF
1,rsa4096,4,571,2.6138750254176557,2026-04-27T17:27:30,7348,OFF
1,rsa4096,4,572,2.4940830189734697,2026-04-27T17:27:30,7348,OFF
1,rsa4096,4,573,2.527125005144626,2026-04-27T17:27:30,7348,OFF
1,rsa4096,4,574,2.5246250443160534,2026-04-27T17:27:30,7348,OFF
1,rsa4096,4,575,2.537082997150719,2026-04-27T17:27:30,7348,OFF
1,rsa4096,4,576,2.5433339760638773,2026-04-27T17:27:30,7348,OFF
1,rsa4096,4,577,2.583499997854233,2026-04-27T17:27:30,7348,OFF
1,rsa4096,4,578,2.514666994102299,2026-04-27T17:27:30,7348,OFF
1,rsa4096,4,579,2.5572910089977086,2026-04-27T17:27:30,7348,OFF
1,rsa4096,4,580,2.5584999821148813,2026-04-27T17:27:30,7348,OFF
1,rsa4096,4,581,2.600707986857742,2026-04-27T17:27:30,7348,OFF
1,rsa4096,4,582,2.583958033937961,2026-04-27T17:27:30,7348,OFF
1,rsa4096,4,583,2.5863329647108912,2026-04-27T17:27:30,7348,OFF
1,rsa4096,4,584,2.4768750299699605,2026-04-27T17:27:30,7348,OFF
1,rsa4096,4,585,2.5157080381177366,2026-04-27T17:27:30,7348,OFF
1,rsa4096,4,586,2.5709159672260284,2026-04-27T17:27:30,7348,OFF
1,rsa4096,4,587,2.561250003054738,2026-04-27T17:27:30,7348,OFF
1,rsa4096,4,588,2.5460420292802155,2026-04-27T17:27:30,7348,OFF
1,rsa4096,4,589,3.1456659780815244,2026-04-27T17:27:30,7348,OFF
1,rsa4096,4,590,2.5751659995876253,2026-04-27T17:27:30,7348,OFF
1,rsa4096,4,591,2.584083005785942,2026-04-27T17:27:30,7348,OFF
1,rsa4096,4,592,2.5686660083010793,2026-04-27T17:27:30,7348,OFF
1,rsa4096,4,593,2.5744999875314534,2026-04-27T17:27:30,7348,OFF
1,rsa4096,4,594,2.569542033597827,2026-04-27T17:27:30,7348,OFF
1,rsa4096,4,595,2.535165986046195,2026-04-27T17:27:30,7348,OFF
1,rsa4096,4,596,2.5495829759165645,2026-04-27T17:27:30,7348,OFF
1,rsa4096,4,597,2.6028339634649456,2026-04-27T17:27:30,7348,OFF
1,rsa4096,4,598,2.516374981496483,2026-04-27T17:27:30,7348,OFF
1,rsa4096,4,599,2.540542045608163,2026-04-27T17:27:30,7348,OFF
1,rsa4096,4,600,2.569125033915043,2026-04-27T17:27:30,7348,OFF
1,rsa4096,4,601,2.626792003866285,2026-04-27T17:27:30,7348,OFF
1,rsa4096,4,602,2.5861249887384474,2026-04-27T17:27:30,7348,OFF
1,rsa4096,4,603,2.609333023428917,2026-04-27T17:27:30,7348,OFF
1,rsa4096,4,604,2.555167011450976,2026-04-27T17:27:30,7348,OFF
1,rsa4096,4,605,2.606458030641079,2026-04-27T17:27:30,7348,OFF
1,rsa4096,4,606,2.5971660506911576,2026-04-27T17:27:30,7348,OFF
1,rsa4096,4,607,2.652290975674987,2026-04-27T17:27:30,7348,OFF
1,rsa4096,4,608,2.759459021035582,2026-04-27T17:27:30,7348,OFF
1,rsa4096,4,609,2.5269999750889838,2026-04-27T17:27:30,7348,OFF
1,rsa4096,4,610,2.5371660012751818,2026-04-27T17:27:30,7348,OFF
1,rsa4096,4,611,2.5621249806135893,2026-04-27T17:27:30,7348,OFF
1,rsa4096,4,612,2.5599999935366213,2026-04-27T17:27:30,7348,OFF
1,rsa4096,4,613,2.560792025178671,2026-04-27T17:27:30,7348,OFF
1,rsa4096,4,614,2.5326249888166785,2026-04-27T17:27:30,7348,OFF
1,rsa4096,4,615,2.5666250148788095,2026-04-27T17:27:30,7348,OFF
1,rsa4096,4,616,2.6071250322274864,2026-04-27T17:27:30,7348,OFF
1,rsa4096,4,617,2.596540958620608,2026-04-27T17:27:30,7348,OFF
1,rsa4096,4,618,2.593916025944054,2026-04-27T17:27:30,7348,OFF
1,rsa4096,4,619,2.5499999755993485,2026-04-27T17:27:30,7348,OFF
1,rsa4096,4,620,2.522583003155887,2026-04-27T17:27:30,7348,OFF
1,rsa4096,4,621,3.0721670482307673,2026-04-27T17:27:30,7348,OFF
1,rsa4096,4,622,2.5912499986588955,2026-04-27T17:27:30,7348,OFF
1,rsa4096,4,623,2.5984999956563115,2026-04-27T17:27:30,7348,OFF
1,rsa4096,4,624,2.60749994777143,2026-04-27T17:27:30,7348,OFF
1,rsa4096,4,625,2.549832977820188,2026-04-27T17:27:30,7348,OFF
1,rsa4096,4,626,2.531957987230271,2026-04-27T17:27:30,7348,OFF
1,rsa4096,4,627,2.5417080032639205,2026-04-27T17:27:30,7348,OFF
1,rsa4096,4,628,2.6012079906649888,2026-04-27T17:27:30,7348,OFF
1,rsa4096,4,629,2.5747500476427376,2026-04-27T17:27:30,7348,OFF
1,rsa4096,4,630,2.5634169578552246,2026-04-27T17:27:30,7348,OFF
1,rsa4096,4,631,2.5820410228334367,2026-04-27T17:27:30,7348,OFF
1,rsa4096,4,632,2.5430410169065,2026-04-27T17:27:30,7348,OFF
1,rsa4096,4,633,2.605582994874567,2026-04-27T17:27:30,7348,OFF
1,rsa4096,4,634,2.624040993396193,2026-04-27T17:27:30,7348,OFF
1,rsa4096,4,635,2.5918339961208403,2026-04-27T17:27:30,7348,OFF
1,rsa4096,4,636,2.6029159780591726,2026-04-27T17:27:30,7348,OFF
1,rsa4096,4,637,2.561583009082824,2026-04-27T17:27:30,7348,OFF
1,rsa4096,4,638,2.568166994024068,2026-04-27T17:27:30,7348,OFF
1,rsa4096,4,639,2.6150000048801303,2026-04-27T17:27:30,7348,OFF
1,rsa4096,4,640,2.6200830470770597,2026-04-27T17:27:30,7348,OFF
1,rsa4096,4,641,2.6041250093840063,2026-04-27T17:27:30,7348,OFF
1,rsa4096,4,642,2.6192080113105476,2026-04-27T17:27:30,7348,OFF
1,rsa4096,4,643,2.5382500025443733,2026-04-27T17:27:30,7348,OFF
1,rsa4096,4,644,2.549082972109318,2026-04-27T17:27:30,7348,OFF
1,rsa4096,4,645,2.536957967095077,2026-04-27T17:27:30,7348,OFF
1,rsa4096,4,646,2.6082080439664423,2026-04-27T17:27:30,7348,OFF
1,rsa4096,4,647,2.562540990766138,2026-04-27T17:27:30,7348,OFF
1,rsa4096,4,648,2.579833962954581,2026-04-27T17:27:30,7348,OFF
1,rsa4096,4,649,2.5601250235922635,2026-04-27T17:27:30,7348,OFF
1,rsa4096,4,650,2.5318340049125254,2026-04-27T17:27:30,7348,OFF
1,ec256,1,1,0.8572500082664192,2026-04-27T17:27:32,591,OFF
1,ec256,1,2,0.8523750002495944,2026-04-27T17:27:32,591,OFF
1,ec256,1,3,0.7650830084457994,2026-04-27T17:27:32,591,OFF
1,ec256,1,4,0.6948749651201069,2026-04-27T17:27:32,591,OFF
1,ec256,1,5,0.7057500188238919,2026-04-27T17:27:32,591,OFF
1,ec256,1,6,0.692749978043139,2026-04-27T17:27:32,591,OFF
1,ec256,1,7,0.6741670076735318,2026-04-27T17:27:32,591,OFF
1,ec256,1,8,0.6950419628992677,2026-04-27T17:27:32,591,OFF
1,ec256,1,9,0.6879579741507769,2026-04-27T17:27:32,591,OFF
1,ec256,1,10,0.6490839878097177,2026-04-27T17:27:32,591,OFF
1,ec256,1,11,0.6142919883131981,2026-04-27T17:27:32,591,OFF
1,ec256,1,12,0.60916697839275,2026-04-27T17:27:32,591,OFF
1,ec256,1,13,0.622541003394872,2026-04-27T17:27:32,591,OFF
1,ec256,1,14,0.6352090276777744,2026-04-27T17:27:32,591,OFF
1,ec256,1,15,0.5983749870210886,2026-04-27T17:27:32,591,OFF
1,ec256,1,16,0.5809160065837204,2026-04-27T17:27:32,591,OFF
1,ec256,1,17,0.5719590117223561,2026-04-27T17:27:32,591,OFF
1,ec256,1,18,0.5511670024134219,2026-04-27T17:27:32,591,OFF
1,ec256,1,19,0.6102920160628855,2026-04-27T17:27:32,591,OFF
1,ec256,1,20,0.5944159929640591,2026-04-27T17:27:32,591,OFF
1,ec256,1,21,0.5580420256592333,2026-04-27T17:27:32,591,OFF
1,ec256,1,22,0.5424999981187284,2026-04-27T17:27:32,591,OFF
1,ec256,1,23,0.5149579956196249,2026-04-27T17:27:32,591,OFF
1,ec256,1,24,0.5160419968888164,2026-04-27T17:27:32,591,OFF
1,ec256,1,25,0.5138749838806689,2026-04-27T17:27:32,591,OFF
1,ec256,1,26,0.5219999584369361,2026-04-27T17:27:32,591,OFF
1,ec256,1,27,0.525958021171391,2026-04-27T17:27:32,591,OFF
1,ec256,1,28,0.5149590433575213,2026-04-27T17:27:32,591,OFF
1,ec256,1,29,0.514332961756736,2026-04-27T17:27:32,591,OFF
1,ec256,1,30,0.5100410198792815,2026-04-27T17:27:32,591,OFF
1,ec256,1,31,0.4954999894835055,2026-04-27T17:27:32,591,OFF
1,ec256,1,32,0.49533299170434475,2026-04-27T17:27:32,591,OFF
1,ec256,1,33,0.5017499788664281,2026-04-27T17:27:32,591,OFF
1,ec256,1,34,0.492582970764488,2026-04-27T17:27:32,591,OFF
1,ec256,1,35,0.5263750208541751,2026-04-27T17:27:32,591,OFF
1,ec256,1,36,0.5232500261627138,2026-04-27T17:27:32,591,OFF
1,ec256,1,37,0.5572499940171838,2026-04-27T17:27:32,591,OFF
1,ec256,1,38,0.5399169749580324,2026-04-27T17:27:32,591,OFF
1,ec256,1,39,0.5225840141065419,2026-04-27T17:27:32,591,OFF
1,ec256,1,40,0.516875006724149,2026-04-27T17:27:32,591,OFF
1,ec256,1,41,0.5035829963162541,2026-04-27T17:27:32,591,OFF
1,ec256,1,42,0.49995799781754613,2026-04-27T17:27:32,591,OFF
1,ec256,1,43,0.497375032864511,2026-04-27T17:27:32,591,OFF
1,ec256,1,44,0.4956249613314867,2026-04-27T17:27:32,591,OFF
1,ec256,1,45,0.49345800653100014,2026-04-27T17:27:32,591,OFF
1,ec256,1,46,0.4831249825656414,2026-04-27T17:27:32,591,OFF
1,ec256,1,47,0.4749579820781946,2026-04-27T17:27:32,591,OFF
1,ec256,1,48,0.5100000416859984,2026-04-27T17:27:32,591,OFF
1,ec256,1,49,0.4938750062137842,2026-04-27T17:27:32,591,OFF
1,ec256,1,50,0.4758749855682254,2026-04-27T17:27:32,591,OFF
1,ec256,1,51,0.5160000291652977,2026-04-27T17:27:32,591,OFF
1,ec256,1,52,0.4967920249328017,2026-04-27T17:27:32,591,OFF
1,ec256,1,53,0.4913750453852117,2026-04-27T17:27:32,591,OFF
1,ec256,1,54,0.48449996393173933,2026-04-27T17:27:32,591,OFF
1,ec256,1,55,0.449584040325135,2026-04-27T17:27:32,591,OFF
1,ec256,1,56,0.4740830045193434,2026-04-27T17:27:32,591,OFF
1,ec256,1,57,0.47504197573289275,2026-04-27T17:27:32,591,OFF
1,ec256,1,58,0.4734999965876341,2026-04-27T17:27:32,591,OFF
1,ec256,1,59,0.4706669715233147,2026-04-27T17:27:32,591,OFF
1,ec256,1,60,0.5198330036364496,2026-04-27T17:27:32,591,OFF
1,ec256,1,61,0.4574580234475434,2026-04-27T17:27:32,591,OFF
1,ec256,1,62,0.47820800682529807,2026-04-27T17:27:32,591,OFF
1,ec256,1,63,0.4735839902423322,2026-04-27T17:27:32,591,OFF
1,ec256,1,64,0.45662501361221075,2026-04-27T17:27:32,591,OFF
1,ec256,1,65,0.44175004586577415,2026-04-27T17:27:32,591,OFF
1,ec256,1,66,0.45250001130625606,2026-04-27T17:27:32,591,OFF
1,ec256,1,67,0.44758396688848734,2026-04-27T17:27:32,591,OFF
1,ec256,1,68,0.4528749850578606,2026-04-27T17:27:32,591,OFF
1,ec256,1,69,0.46112498966977,2026-04-27T17:27:32,591,OFF
1,ec256,1,70,0.45083300210535526,2026-04-27T17:27:32,591,OFF
1,ec256,1,71,0.4457079921849072,2026-04-27T17:27:32,591,OFF
1,ec256,1,72,0.4463329678401351,2026-04-27T17:27:32,591,OFF
1,ec256,1,73,0.47466601245105267,2026-04-27T17:27:32,591,OFF
1,ec256,1,74,0.5171250086277723,2026-04-27T17:27:32,591,OFF
1,ec256,1,75,0.456040957942605,2026-04-27T17:27:32,591,OFF
1,ec256,1,76,0.44779101153835654,2026-04-27T17:27:32,591,OFF
1,ec256,1,77,0.4723750171251595,2026-04-27T17:27:32,591,OFF
1,ec256,1,78,0.4492920124903321,2026-04-27T17:27:32,591,OFF
1,ec256,1,79,0.44079101644456387,2026-04-27T17:27:32,591,OFF
1,ec256,1,80,0.4378330195322633,2026-04-27T17:27:32,591,OFF
1,ec256,1,81,0.45183300971984863,2026-04-27T17:27:32,591,OFF
1,ec256,1,82,0.4412920097820461,2026-04-27T17:27:32,591,OFF
1,ec256,1,83,0.4431669949553907,2026-04-27T17:27:32,591,OFF
1,ec256,1,84,0.4581249668262899,2026-04-27T17:27:32,591,OFF
1,ec256,1,85,0.46620803186669946,2026-04-27T17:27:32,591,OFF
1,ec256,1,86,0.4498749622143805,2026-04-27T17:27:32,591,OFF
1,ec256,1,87,0.5612500244751573,2026-04-27T17:27:32,591,OFF
1,ec256,1,88,0.4255829844623804,2026-04-27T17:27:32,591,OFF
1,ec256,1,89,0.40608301060274243,2026-04-27T17:27:32,591,OFF
1,ec256,1,90,0.3996670129708946,2026-04-27T17:27:32,591,OFF
1,ec256,1,91,0.3997500170953572,2026-04-27T17:27:32,591,OFF
1,ec256,1,92,0.398166012018919,2026-04-27T17:27:32,591,OFF
1,ec256,1,93,0.4135000053793192,2026-04-27T17:27:32,591,OFF
1,ec256,1,94,0.4041659994982183,2026-04-27T17:27:32,591,OFF
1,ec256,1,95,0.4087089910171926,2026-04-27T17:27:32,591,OFF
1,ec256,1,96,0.40066702058538795,2026-04-27T17:27:32,591,OFF
1,ec256,1,97,0.3986250376328826,2026-04-27T17:27:32,591,OFF
1,ec256,1,98,0.39562495658174157,2026-04-27T17:27:32,591,OFF
1,ec256,1,99,0.4083330277353525,2026-04-27T17:27:32,591,OFF
1,ec256,1,100,0.3928749938495457,2026-04-27T17:27:32,591,OFF
1,ec256,1,101,0.3957080189138651,2026-04-27T17:27:32,591,OFF
1,ec256,1,102,0.3904170007444918,2026-04-27T17:27:32,591,OFF
1,ec256,1,103,0.4172080080024898,2026-04-27T17:27:32,591,OFF
1,ec256,1,104,0.4030829877592623,2026-04-27T17:27:32,591,OFF
1,ec256,1,105,0.4135830095037818,2026-04-27T17:27:32,591,OFF
1,ec256,1,106,0.39616599678993225,2026-04-27T17:27:32,591,OFF
1,ec256,1,107,0.3958749584853649,2026-04-27T17:27:32,591,OFF
1,ec256,1,108,0.3940410097129643,2026-04-27T17:27:32,591,OFF
1,ec256,1,109,0.4136250354349613,2026-04-27T17:27:32,591,OFF
1,ec256,1,110,0.42154203401878476,2026-04-27T17:27:32,591,OFF
1,ec256,1,111,0.5174999823793769,2026-04-27T17:27:32,591,OFF
1,ec256,1,112,0.5547910113818944,2026-04-27T17:27:32,591,OFF
1,ec256,1,113,0.4467499675229192,2026-04-27T17:27:32,591,OFF
1,ec256,1,114,0.42925000889226794,2026-04-27T17:27:32,591,OFF
1,ec256,1,115,0.43875002302229404,2026-04-27T17:27:32,591,OFF
1,ec256,1,116,0.4362910403870046,2026-04-27T17:27:32,591,OFF
1,ec256,1,117,0.43558405013754964,2026-04-27T17:27:32,591,OFF
1,ec256,1,118,0.4573750193230808,2026-04-27T17:27:32,591,OFF
1,ec256,1,119,0.43704203562811017,2026-04-27T17:27:32,591,OFF
1,ec256,1,120,0.4344999906606972,2026-04-27T17:27:32,591,OFF
1,ec256,1,121,0.46970800030976534,2026-04-27T17:27:32,591,OFF
1,ec256,1,122,0.4420839832164347,2026-04-27T17:27:32,591,OFF
1,ec256,1,123,0.4226249875500798,2026-04-27T17:27:32,591,OFF
1,ec256,1,124,0.4153340123593807,2026-04-27T17:27:32,591,OFF
1,ec256,1,125,0.41520799277350307,2026-04-27T17:27:32,591,OFF
1,ec256,1,126,0.41437498293817043,2026-04-27T17:27:32,591,OFF
1,ec256,1,127,0.41333300760015845,2026-04-27T17:27:32,591,OFF
1,ec256,1,128,0.4134589689783752,2026-04-27T17:27:32,591,OFF
1,ec256,1,129,0.4147920408286154,2026-04-27T17:27:32,591,OFF
1,ec256,1,130,0.4128750297240913,2026-04-27T17:27:32,591,OFF
1,ec256,1,131,0.41854195296764374,2026-04-27T17:27:32,591,OFF
1,ec256,1,132,0.41487504495307803,2026-04-27T17:27:32,591,OFF
1,ec256,1,133,0.4104999825358391,2026-04-27T17:27:32,591,OFF
1,ec256,1,134,0.4153330228291452,2026-04-27T17:27:32,591,OFF
1,ec256,1,135,0.4183339769951999,2026-04-27T17:27:32,591,OFF
1,ec256,1,136,0.4569579614326358,2026-04-27T17:27:32,591,OFF
1,ec256,1,137,0.5080410046502948,2026-04-27T17:27:32,591,OFF
1,ec256,1,138,0.49462495371699333,2026-04-27T17:27:32,591,OFF
1,ec256,1,139,0.4770000232383609,2026-04-27T17:27:32,591,OFF
1,ec256,1,140,0.48829102888703346,2026-04-27T17:27:32,591,OFF
1,ec256,1,141,0.4818330053240061,2026-04-27T17:27:32,591,OFF
1,ec256,1,142,0.4412920097820461,2026-04-27T17:27:32,591,OFF
1,ec256,1,143,0.4468749975785613,2026-04-27T17:27:32,591,OFF
1,ec256,1,144,0.43295795330777764,2026-04-27T17:27:32,591,OFF
1,ec256,1,145,0.4213749780319631,2026-04-27T17:27:32,591,OFF
1,ec256,1,146,0.41566701838746667,2026-04-27T17:27:32,591,OFF
1,ec256,1,147,0.4259590059518814,2026-04-27T17:27:32,591,OFF
1,ec256,1,148,0.41591702029109,2026-04-27T17:27:32,591,OFF
1,ec256,1,149,0.43583399383351207,2026-04-27T17:27:32,591,OFF
1,ec256,1,150,0.40504196658730507,2026-04-27T17:27:32,591,OFF
1,ec256,1,151,0.40004198672249913,2026-04-27T17:27:32,591,OFF
1,ec256,1,152,0.4044999950565398,2026-04-27T17:27:32,591,OFF
1,ec256,1,153,0.4194999928586185,2026-04-27T17:27:32,591,OFF
1,ec256,1,154,0.4167080041952431,2026-04-27T17:27:32,591,OFF
1,ec256,1,155,0.41570799658074975,2026-04-27T17:27:32,591,OFF
1,ec256,1,156,0.4237910034134984,2026-04-27T17:27:32,591,OFF
1,ec256,1,157,0.42458303505554795,2026-04-27T17:27:32,591,OFF
1,ec256,1,158,0.4211250343360007,2026-04-27T17:27:32,591,OFF
1,ec256,1,159,0.43504202039912343,2026-04-27T17:27:32,591,OFF
1,ec256,1,160,0.4179159877821803,2026-04-27T17:27:32,591,OFF
1,ec256,1,161,0.4539589863270521,2026-04-27T17:27:32,591,OFF
1,ec256,1,162,0.40370901115238667,2026-04-27T17:27:32,591,OFF
1,ec256,1,163,0.46900002053007483,2026-04-27T17:27:32,591,OFF
1,ec256,1,164,0.46016700798645616,2026-04-27T17:27:32,591,OFF
1,ec256,1,165,0.45383296674117446,2026-04-27T17:27:32,591,OFF
1,ec256,1,166,0.49574999138712883,2026-04-27T17:27:32,591,OFF
1,ec256,1,167,0.46616699546575546,2026-04-27T17:27:32,591,OFF
1,ec256,1,168,0.4272919613867998,2026-04-27T17:27:32,591,OFF
1,ec256,1,169,0.43704203562811017,2026-04-27T17:27:32,591,OFF
1,ec256,1,170,0.4290830111131072,2026-04-27T17:27:32,591,OFF
1,ec256,1,171,0.45300001511350274,2026-04-27T17:27:32,591,OFF
1,ec256,1,172,0.42349996510893106,2026-04-27T17:27:32,591,OFF
1,ec256,1,173,0.4249999765306711,2026-04-27T17:27:32,591,OFF
1,ec256,1,174,0.4117499920539558,2026-04-27T17:27:32,591,OFF
1,ec256,1,175,0.4711250076070428,2026-04-27T17:27:32,591,OFF
1,ec256,1,176,0.39908301550894976,2026-04-27T17:27:32,591,OFF
1,ec256,1,177,0.4314170219004154,2026-04-27T17:27:32,591,OFF
1,ec256,1,178,0.4302500165067613,2026-04-27T17:27:32,591,OFF
1,ec256,1,179,0.44641696149483323,2026-04-27T17:27:32,591,OFF
1,ec256,1,180,0.42520801071077585,2026-04-27T17:27:32,591,OFF
1,ec256,1,181,0.4243750008754432,2026-04-27T17:27:32,591,OFF
1,ec256,1,182,0.4264999879524112,2026-04-27T17:27:32,591,OFF
1,ec256,1,183,0.4217500099912286,2026-04-27T17:27:32,591,OFF
1,ec256,1,184,0.42466598097234964,2026-04-27T17:27:32,591,OFF
1,ec256,1,185,0.4224999574944377,2026-04-27T17:27:32,591,OFF
1,ec256,1,186,0.41691598016768694,2026-04-27T17:27:32,591,OFF
1,ec256,1,187,0.40662498213350773,2026-04-27T17:27:32,591,OFF
1,ec256,1,188,0.4135000053793192,2026-04-27T17:27:32,591,OFF
1,ec256,1,189,0.3994169528596103,2026-04-27T17:27:32,591,OFF
1,ec256,1,190,0.45974995009601116,2026-04-27T17:27:32,591,OFF
1,ec256,1,191,0.6230419967323542,2026-04-27T17:27:32,591,OFF
1,ec256,1,192,0.41504198452457786,2026-04-27T17:27:32,591,OFF
1,ec256,1,193,0.4225000157020986,2026-04-27T17:27:32,591,OFF
1,ec256,1,194,0.41429197881370783,2026-04-27T17:27:32,591,OFF
1,ec256,1,195,0.40729198371991515,2026-04-27T17:27:32,591,OFF
1,ec256,1,196,0.41745800990611315,2026-04-27T17:27:32,591,OFF
1,ec256,1,197,0.42145804036408663,2026-04-27T17:27:32,591,OFF
1,ec256,1,198,0.4220000118948519,2026-04-27T17:27:32,591,OFF
1,ec256,1,199,0.41687500197440386,2026-04-27T17:27:32,591,OFF
1,ec256,1,200,0.4177920054644346,2026-04-27T17:27:32,591,OFF
1,ec256,1,201,0.4442919744178653,2026-04-27T17:27:32,591,OFF
1,ec256,1,202,0.4105829866603017,2026-04-27T17:27:32,591,OFF
1,ec256,1,203,0.4135830095037818,2026-04-27T17:27:32,591,OFF
1,ec256,1,204,0.4087090492248535,2026-04-27T17:27:32,591,OFF
1,ec256,1,205,0.4182080156169832,2026-04-27T17:27:32,591,OFF
1,ec256,1,206,0.42233295971527696,2026-04-27T17:27:32,591,OFF
1,ec256,1,207,0.42091700015589595,2026-04-27T17:27:32,591,OFF
1,ec256,1,208,0.417750037740916,2026-04-27T17:27:32,591,OFF
1,ec256,1,209,0.41520799277350307,2026-04-27T17:27:32,591,OFF
1,ec256,1,210,0.4180839750915766,2026-04-27T17:27:32,591,OFF
1,ec256,1,211,0.46070804819464684,2026-04-27T17:27:32,591,OFF
1,ec256,1,212,0.4314580000936985,2026-04-27T17:27:32,591,OFF
1,ec256,1,213,0.44420798076316714,2026-04-27T17:27:32,591,OFF
1,ec256,1,214,0.4446249804459512,2026-04-27T17:27:32,591,OFF
1,ec256,1,215,0.4464579978957772,2026-04-27T17:27:32,591,OFF
1,ec256,1,216,0.427083985414356,2026-04-27T17:27:33,591,OFF
1,ec256,1,217,0.4985000123269856,2026-04-27T17:27:33,591,OFF
1,ec256,1,218,0.4508750280365348,2026-04-27T17:27:33,591,OFF
1,ec256,1,219,0.4446659586392343,2026-04-27T17:27:33,591,OFF
1,ec256,1,220,0.6118330056779087,2026-04-27T17:27:33,591,OFF
1,ec256,1,221,0.4190419567748904,2026-04-27T17:27:33,591,OFF
1,ec256,1,222,0.4323339671827853,2026-04-27T17:27:33,591,OFF
1,ec256,1,223,0.4254579544067383,2026-04-27T17:27:33,591,OFF
1,ec256,1,224,0.4193750210106373,2026-04-27T17:27:33,591,OFF
1,ec256,1,225,0.4175839712843299,2026-04-27T17:27:33,591,OFF
1,ec256,1,226,0.4177920054644346,2026-04-27T17:27:33,591,OFF
1,ec256,1,227,0.45245804358273745,2026-04-27T17:27:33,591,OFF
1,ec256,1,228,0.4353750264272094,2026-04-27T17:27:33,591,OFF
1,ec256,1,229,0.4157500225119293,2026-04-27T17:27:33,591,OFF
1,ec256,1,230,0.4092500312253833,2026-04-27T17:27:33,591,OFF
1,ec256,1,231,0.42870803736150265,2026-04-27T17:27:33,591,OFF
1,ec256,1,232,0.4257079563103616,2026-04-27T17:27:33,591,OFF
1,ec256,1,233,0.42166601633653045,2026-04-27T17:27:33,591,OFF
1,ec256,1,234,0.42354100150987506,2026-04-27T17:27:33,591,OFF
1,ec256,1,235,0.4200420225970447,2026-04-27T17:27:33,591,OFF
1,ec256,1,236,0.4178329836577177,2026-04-27T17:27:33,591,OFF
1,ec256,1,237,0.41833403520286083,2026-04-27T17:27:33,591,OFF
1,ec256,1,238,0.4190410254523158,2026-04-27T17:27:33,591,OFF
1,ec256,1,239,0.41758298175409436,2026-04-27T17:27:33,591,OFF
1,ec256,1,240,0.4633750068023801,2026-04-27T17:27:33,591,OFF
1,ec256,1,241,0.4170419997535646,2026-04-27T17:27:33,591,OFF
1,ec256,1,242,0.4428329993970692,2026-04-27T17:27:33,591,OFF
1,ec256,1,243,0.4450409905984998,2026-04-27T17:27:33,591,OFF
1,ec256,1,244,0.5611249944195151,2026-04-27T17:27:33,591,OFF
1,ec256,1,245,0.4332910175435245,2026-04-27T17:27:33,591,OFF
1,ec256,1,246,0.4302909947000444,2026-04-27T17:27:33,591,OFF
1,ec256,1,247,0.42079202830791473,2026-04-27T17:27:33,591,OFF
1,ec256,1,248,0.42091700015589595,2026-04-27T17:27:33,591,OFF
1,ec256,1,249,0.41966699063777924,2026-04-27T17:27:33,591,OFF
1,ec256,1,250,0.41991600301116705,2026-04-27T17:27:33,591,OFF
1,ec256,1,251,0.414084002841264,2026-04-27T17:27:33,591,OFF
1,ec256,1,252,0.4070000140927732,2026-04-27T17:27:33,591,OFF
1,ec256,1,253,0.46145799569785595,2026-04-27T17:27:33,591,OFF
1,ec256,1,254,0.41675003012642264,2026-04-27T17:27:33,591,OFF
1,ec256,1,255,0.4504160024225712,2026-04-27T17:27:33,591,OFF
1,ec256,1,256,0.40491699473932385,2026-04-27T17:27:33,591,OFF
1,ec256,1,257,0.40316703962162137,2026-04-27T17:27:33,591,OFF
1,ec256,1,258,0.4344999906606972,2026-04-27T17:27:33,591,OFF
1,ec256,1,259,0.42433402268216014,2026-04-27T17:27:33,591,OFF
1,ec256,1,260,0.4182090051472187,2026-04-27T17:27:33,591,OFF
1,ec256,1,261,0.45112502994015813,2026-04-27T17:27:33,591,OFF
1,ec256,1,262,0.43000001460313797,2026-04-27T17:27:33,591,OFF
1,ec256,1,263,0.42462500277906656,2026-04-27T17:27:33,591,OFF
1,ec256,1,264,0.4245409509167075,2026-04-27T17:27:33,591,OFF
1,ec256,1,265,0.42462500277906656,2026-04-27T17:27:33,591,OFF
1,ec256,1,266,0.44883403461426497,2026-04-27T17:27:33,591,OFF
1,ec256,1,267,0.455666973721236,2026-04-27T17:27:33,591,OFF
1,ec256,1,268,0.4188339808024466,2026-04-27T17:27:33,591,OFF
1,ec256,1,269,0.425624952185899,2026-04-27T17:27:33,591,OFF
1,ec256,1,270,0.5003329715691507,2026-04-27T17:27:33,591,OFF
1,ec256,1,271,0.4295830149203539,2026-04-27T17:27:33,591,OFF
1,ec256,1,272,0.44837500900030136,2026-04-27T17:27:33,591,OFF
1,ec256,1,273,0.5249159876257181,2026-04-27T17:27:33,591,OFF
1,ec256,1,274,0.4502920201048255,2026-04-27T17:27:33,591,OFF
1,ec256,1,275,0.42454199865460396,2026-04-27T17:27:33,591,OFF
1,ec256,1,276,0.42408303124830127,2026-04-27T17:27:33,591,OFF
1,ec256,1,277,0.4194590146653354,2026-04-27T17:27:33,591,OFF
1,ec256,1,278,0.41550002060830593,2026-04-27T17:27:33,591,OFF
1,ec256,1,279,0.4498339840210974,2026-04-27T17:27:33,591,OFF
1,ec256,1,280,0.4123749677091837,2026-04-27T17:27:33,591,OFF
1,ec256,1,281,0.4232079954817891,2026-04-27T17:27:33,591,OFF
1,ec256,1,282,0.41787500958889723,2026-04-27T17:27:33,591,OFF
1,ec256,1,283,0.4032920114696026,2026-04-27T17:27:33,591,OFF
1,ec256,1,284,0.4020420019514859,2026-04-27T17:27:33,591,OFF
1,ec256,1,285,0.41325000347569585,2026-04-27T17:27:33,591,OFF
1,ec256,1,286,0.4276250256225467,2026-04-27T17:27:33,591,OFF
1,ec256,1,287,0.4105000407435,2026-04-27T17:27:33,591,OFF
1,ec256,1,288,0.41795801371335983,2026-04-27T17:27:33,591,OFF
1,ec256,1,289,0.4224579897709191,2026-04-27T17:27:33,591,OFF
1,ec256,1,290,0.411542016081512,2026-04-27T17:27:33,591,OFF
1,ec256,1,291,0.41862501529976726,2026-04-27T17:27:33,591,OFF
1,ec256,1,292,0.40800002170726657,2026-04-27T17:27:33,591,OFF
1,ec256,1,293,0.42916700476780534,2026-04-27T17:27:33,591,OFF
1,ec256,1,294,0.4208330065011978,2026-04-27T17:27:33,591,OFF
1,ec256,1,295,0.41229097405448556,2026-04-27T17:27:33,591,OFF
1,ec256,1,296,0.4324999754317105,2026-04-27T17:27:33,591,OFF
1,ec256,1,297,0.49095897702500224,2026-04-27T17:27:33,591,OFF
1,ec256,1,298,0.4902919754385948,2026-04-27T17:27:33,591,OFF
1,ec256,1,299,0.4183750133961439,2026-04-27T17:27:33,591,OFF
1,ec256,1,300,0.4099999787285924,2026-04-27T17:27:33,591,OFF
1,ec256,1,301,0.4059579805471003,2026-04-27T17:27:33,591,OFF
1,ec256,1,302,0.40550000267103314,2026-04-27T17:27:33,591,OFF
1,ec256,1,303,0.4022500361315906,2026-04-27T17:27:33,591,OFF
1,ec256,1,304,0.40570797864347696,2026-04-27T17:27:33,591,OFF
1,ec256,1,305,0.41162496199831367,2026-04-27T17:27:33,591,OFF
1,ec256,1,306,0.43279200326651335,2026-04-27T17:27:33,591,OFF
1,ec256,1,307,0.4000000189989805,2026-04-27T17:27:33,591,OFF
1,ec256,1,308,0.44141599209979177,2026-04-27T17:27:33,591,OFF
1,ec256,1,309,0.4195829969830811,2026-04-27T17:27:33,591,OFF
1,ec256,1,310,0.40429201908409595,2026-04-27T17:27:33,591,OFF
1,ec256,1,311,0.4335420089773834,2026-04-27T17:27:33,591,OFF
1,ec256,1,312,0.42116601252928376,2026-04-27T17:27:33,591,OFF
1,ec256,1,313,0.43937499867752194,2026-04-27T17:27:33,591,OFF
1,ec256,1,314,0.42554200626909733,2026-04-27T17:27:33,591,OFF
1,ec256,1,315,0.42512500658631325,2026-04-27T17:27:33,591,OFF
1,ec256,1,316,0.42133399983868003,2026-04-27T17:27:33,591,OFF
1,ec256,1,317,0.4219169495627284,2026-04-27T17:27:33,591,OFF
1,ec256,1,318,0.4136250354349613,2026-04-27T17:27:33,591,OFF
1,ec256,1,319,0.45879202662035823,2026-04-27T17:27:33,591,OFF
1,ec256,1,320,0.41437504114583135,2026-04-27T17:27:33,591,OFF
1,ec256,1,321,0.45420799870043993,2026-04-27T17:27:33,591,OFF
1,ec256,1,322,0.4207919701002538,2026-04-27T17:27:33,591,OFF
1,ec256,1,323,0.43287494918331504,2026-04-27T17:27:33,591,OFF
1,ec256,1,324,0.5283339996822178,2026-04-27T17:27:33,591,OFF
1,ec256,1,325,0.43345801532268524,2026-04-27T17:27:33,591,OFF
1,ec256,1,326,0.4386249929666519,2026-04-27T17:27:33,591,OFF
1,ec256,1,327,0.5217910511419177,2026-04-27T17:27:33,591,OFF
1,ec256,1,328,0.43750001350417733,2026-04-27T17:27:33,591,OFF
1,ec256,1,329,0.4166669677942991,2026-04-27T17:27:33,591,OFF
1,ec256,1,330,0.4291249788366258,2026-04-27T17:27:33,591,OFF
1,ec256,1,331,0.43337501119822264,2026-04-27T17:27:33,591,OFF
1,ec256,1,332,0.42450003093108535,2026-04-27T17:27:33,591,OFF
1,ec256,1,333,0.41799998143687844,2026-04-27T17:27:33,591,OFF
1,ec256,1,334,0.4166250000707805,2026-04-27T17:27:33,591,OFF
1,ec256,1,335,0.4208749742247164,2026-04-27T17:27:33,591,OFF
1,ec256,1,336,0.4028330440632999,2026-04-27T17:27:33,591,OFF
1,ec256,1,337,0.40120899211615324,2026-04-27T17:27:33,591,OFF
1,ec256,1,338,0.4226249875500798,2026-04-27T17:27:33,591,OFF
1,ec256,1,339,0.4429590189829469,2026-04-27T17:27:33,591,OFF
1,ec256,1,340,0.4180409596301615,2026-04-27T17:27:33,591,OFF
1,ec256,1,341,0.41849998524412513,2026-04-27T17:27:33,591,OFF
1,ec256,1,342,0.4135419731028378,2026-04-27T17:27:33,591,OFF
1,ec256,1,343,0.4188340390101075,2026-04-27T17:27:33,591,OFF
1,ec256,1,344,0.41454099118709564,2026-04-27T17:27:33,591,OFF
1,ec256,1,345,0.44433301081880927,2026-04-27T17:27:33,591,OFF
1,ec256,1,346,0.4167910083197057,2026-04-27T17:27:33,591,OFF
1,ec256,1,347,0.4281659494154155,2026-04-27T17:27:33,591,OFF
1,ec256,1,348,0.42104197200387716,2026-04-27T17:27:33,591,OFF
1,ec256,1,349,0.4167080041952431,2026-04-27T17:27:33,591,OFF
1,ec256,1,350,0.42141700396314263,2026-04-27T17:27:33,591,OFF
1,ec256,1,351,0.6100839818827808,2026-04-27T17:27:33,591,OFF
1,ec256,1,352,0.45487500028684735,2026-04-27T17:27:33,591,OFF
1,ec256,1,353,0.4487499827519059,2026-04-27T17:27:33,591,OFF
1,ec256,1,354,0.5319999763742089,2026-04-27T17:27:33,591,OFF
1,ec256,1,355,0.4757920396514237,2026-04-27T17:27:33,591,OFF
1,ec256,1,356,0.4391669644974172,2026-04-27T17:27:33,591,OFF
1,ec256,1,357,1.1197919957339764,2026-04-27T17:27:33,591,OFF
1,ec256,1,358,0.6335409707389772,2026-04-27T17:27:33,591,OFF
1,ec256,1,359,0.601625011768192,2026-04-27T17:27:33,591,OFF
1,ec256,1,360,0.4515830078162253,2026-04-27T17:27:33,591,OFF
1,ec256,1,361,0.4277500556781888,2026-04-27T17:27:33,591,OFF
1,ec256,1,362,0.40862499736249447,2026-04-27T17:27:33,591,OFF
1,ec256,1,363,0.41099998634308577,2026-04-27T17:27:33,591,OFF
1,ec256,1,364,0.41566602885723114,2026-04-27T17:27:33,591,OFF
1,ec256,1,365,0.410041946452111,2026-04-27T17:27:33,591,OFF
1,ec256,1,366,0.4040829953737557,2026-04-27T17:27:33,591,OFF
1,ec256,1,367,0.3938750014640391,2026-04-27T17:27:33,591,OFF
1,ec256,1,368,0.4377500154078007,2026-04-27T17:27:33,591,OFF
1,ec256,1,369,0.427457969635725,2026-04-27T17:27:33,591,OFF
1,ec256,1,370,0.413707981351763,2026-04-27T17:27:33,591,OFF
1,ec256,1,371,0.39620796451345086,2026-04-27T17:27:33,591,OFF
1,ec256,1,372,0.4104999825358391,2026-04-27T17:27:33,591,OFF
1,ec256,1,373,0.40841702139005065,2026-04-27T17:27:33,591,OFF
1,ec256,1,374,0.3975409781560302,2026-04-27T17:27:33,591,OFF
1,ec256,1,375,0.4355839919298887,2026-04-27T17:27:33,591,OFF
1,ec256,1,376,0.4229170153848827,2026-04-27T17:27:33,591,OFF
1,ec256,1,377,0.4409580142237246,2026-04-27T17:27:33,591,OFF
1,ec256,1,378,0.9192500147037208,2026-04-27T17:27:33,591,OFF
1,ec256,1,379,0.4545410047285259,2026-04-27T17:27:33,591,OFF
1,ec256,1,380,0.42862503323704004,2026-04-27T17:27:33,591,OFF
1,ec256,1,381,0.4769170191138983,2026-04-27T17:27:33,591,OFF
1,ec256,1,382,0.4231660277582705,2026-04-27T17:27:33,591,OFF
1,ec256,1,383,0.41979103116318583,2026-04-27T17:27:33,591,OFF
1,ec256,1,384,0.41920895455405116,2026-04-27T17:27:33,591,OFF
1,ec256,1,385,0.41937496280297637,2026-04-27T17:27:33,591,OFF
1,ec256,1,386,0.4244580049999058,2026-04-27T17:27:33,591,OFF
1,ec256,1,387,0.3982500056736171,2026-04-27T17:27:33,591,OFF
1,ec256,1,388,0.39850000757724047,2026-04-27T17:27:33,591,OFF
1,ec256,1,389,0.4116670461371541,2026-04-27T17:27:33,591,OFF
1,ec256,1,390,0.41787500958889723,2026-04-27T17:27:33,591,OFF
1,ec256,1,391,0.40916696889325976,2026-04-27T17:27:33,591,OFF
1,ec256,1,392,0.41137501830235124,2026-04-27T17:27:33,591,OFF
1,ec256,1,393,0.42337499326094985,2026-04-27T17:27:33,591,OFF
1,ec256,1,394,0.4147079889662564,2026-04-27T17:27:33,591,OFF
1,ec256,1,395,0.4241249989718199,2026-04-27T17:27:33,591,OFF
1,ec256,1,396,0.42870797915384173,2026-04-27T17:27:33,591,OFF
1,ec256,1,397,0.41320902528241277,2026-04-27T17:27:33,591,OFF
1,ec256,1,398,0.41029101703315973,2026-04-27T17:27:33,591,OFF
1,ec256,1,399,0.41987502481788397,2026-04-27T17:27:33,591,OFF
1,ec256,1,400,0.4287090268917382,2026-04-27T17:27:33,591,OFF
1,ec256,1,401,0.46841701259836555,2026-04-27T17:27:33,591,OFF
1,ec256,1,402,0.5014580092392862,2026-04-27T17:27:33,591,OFF
1,ec256,1,403,0.4276250256225467,2026-04-27T17:27:33,591,OFF
1,ec256,1,404,0.42754196329042315,2026-04-27T17:27:33,591,OFF
1,ec256,1,405,0.4208749742247164,2026-04-27T17:27:33,591,OFF
1,ec256,1,406,0.41908398270606995,2026-04-27T17:27:33,591,OFF
1,ec256,1,407,0.4208749742247164,2026-04-27T17:27:33,591,OFF
1,ec256,1,408,0.43016596464440227,2026-04-27T17:27:33,591,OFF
1,ec256,1,409,0.42462500277906656,2026-04-27T17:27:33,591,OFF
1,ec256,1,410,0.41254202369600534,2026-04-27T17:27:33,591,OFF
1,ec256,1,411,0.4606659640558064,2026-04-27T17:27:33,591,OFF
1,ec256,1,412,0.42041699634864926,2026-04-27T17:27:33,591,OFF
1,ec256,1,413,0.447375001385808,2026-04-27T17:27:33,591,OFF
1,ec256,1,414,0.411874963901937,2026-04-27T17:27:33,591,OFF
1,ec256,1,415,0.3927910001948476,2026-04-27T17:27:33,591,OFF
1,ec256,1,416,0.3991250414401293,2026-04-27T17:27:33,591,OFF
1,ec256,1,417,0.39954198291525245,2026-04-27T17:27:33,591,OFF
1,ec256,1,418,0.41141698602586985,2026-04-27T17:27:33,591,OFF
1,ec256,1,419,0.40320795960724354,2026-04-27T17:27:33,591,OFF
1,ec256,1,420,0.40570797864347696,2026-04-27T17:27:33,591,OFF
1,ec256,1,421,0.4054579767398536,2026-04-27T17:27:33,591,OFF
1,ec256,1,422,0.3956669825129211,2026-04-27T17:27:33,591,OFF
1,ec256,1,423,0.3944580093957484,2026-04-27T17:27:33,591,OFF
1,ec256,1,424,0.3915000124834478,2026-04-27T17:27:33,591,OFF
1,ec256,1,425,0.38945896085351706,2026-04-27T17:27:33,591,OFF
1,ec256,1,426,0.38891698932275176,2026-04-27T17:27:33,591,OFF
1,ec256,1,427,0.39674999425187707,2026-04-27T17:27:33,591,OFF
1,ec256,1,428,0.4082079976797104,2026-04-27T17:27:33,591,OFF
1,ec256,1,429,0.440875010099262,2026-04-27T17:27:33,591,OFF
1,ec256,1,430,0.42349996510893106,2026-04-27T17:27:33,591,OFF
1,ec256,1,431,0.419165997300297,2026-04-27T17:27:33,591,OFF
1,ec256,1,432,0.5026669823564589,2026-04-27T17:27:33,591,OFF
1,ec256,1,433,0.4023750079795718,2026-04-27T17:27:33,591,OFF
1,ec256,1,434,0.4380409955047071,2026-04-27T17:27:33,591,OFF
1,ec256,1,435,0.4121669917367399,2026-04-27T17:27:33,591,OFF
1,ec256,1,436,0.40320795960724354,2026-04-27T17:27:33,591,OFF
1,ec256,1,437,0.40012499084696174,2026-04-27T17:27:33,591,OFF
1,ec256,1,438,0.3957080189138651,2026-04-27T17:27:33,591,OFF
1,ec256,1,439,0.39612501859664917,2026-04-27T17:27:33,591,OFF
1,ec256,1,440,0.3934999695047736,2026-04-27T17:27:33,591,OFF
1,ec256,1,441,0.406457984354347,2026-04-27T17:27:33,591,OFF
1,ec256,1,442,0.39954198291525245,2026-04-27T17:27:33,591,OFF
1,ec256,1,443,0.3993329592049122,2026-04-27T17:27:33,591,OFF
1,ec256,1,444,0.39679097244516015,2026-04-27T17:27:33,591,OFF
1,ec256,1,445,0.39712502621114254,2026-04-27T17:27:33,591,OFF
1,ec256,1,446,0.4087499692104757,2026-04-27T17:27:33,591,OFF
1,ec256,1,447,0.4201669944450259,2026-04-27T17:27:33,591,OFF
1,ec256,1,448,0.43745897710323334,2026-04-27T17:27:33,591,OFF
1,ec256,1,449,0.3957499866373837,2026-04-27T17:27:33,591,OFF
1,ec256,1,450,0.4076670156791806,2026-04-27T17:27:33,591,OFF
1,ec256,1,451,0.39466703310608864,2026-04-27T17:27:33,591,OFF
1,ec256,1,452,0.4190000472590327,2026-04-27T17:27:33,591,OFF
1,ec256,1,453,0.4182499833405018,2026-04-27T17:27:33,591,OFF
1,ec256,1,454,0.44479098869487643,2026-04-27T17:27:33,591,OFF
1,ec256,1,455,0.4324999754317105,2026-04-27T17:27:33,591,OFF
1,ec256,1,456,0.43283397099003196,2026-04-27T17:27:33,591,OFF
1,ec256,1,457,0.5158749991096556,2026-04-27T17:27:33,591,OFF
1,ec256,1,458,0.4593749763444066,2026-04-27T17:27:33,591,OFF
1,ec256,1,459,0.4312919918447733,2026-04-27T17:27:33,591,OFF
1,ec256,1,460,0.41199999395757914,2026-04-27T17:27:33,591,OFF
1,ec256,1,461,0.47995802015066147,2026-04-27T17:27:33,591,OFF
1,ec256,1,462,0.4118750221095979,2026-04-27T17:27:33,591,OFF
1,ec256,1,463,0.4315410042181611,2026-04-27T17:27:33,591,OFF
1,ec256,1,464,0.41254196548834443,2026-04-27T17:27:33,591,OFF
1,ec256,1,465,0.41333300760015845,2026-04-27T17:27:33,591,OFF
1,ec256,1,466,0.4069590358994901,2026-04-27T17:27:33,591,OFF
1,ec256,1,467,0.4141249810345471,2026-04-27T17:27:33,591,OFF
1,ec256,1,468,0.4235419910401106,2026-04-27T17:27:33,591,OFF
1,ec256,1,469,0.3968329983763397,2026-04-27T17:27:33,591,OFF
1,ec256,1,470,0.40770898340269923,2026-04-27T17:27:33,591,OFF
1,ec256,1,471,0.457499991171062,2026-04-27T17:27:33,591,OFF
1,ec256,1,472,0.41079201037064195,2026-04-27T17:27:33,591,OFF
1,ec256,1,473,0.4169170279055834,2026-04-27T17:27:33,591,OFF
1,ec256,1,474,0.4212500061839819,2026-04-27T17:27:33,591,OFF
1,ec256,1,475,0.4461670177988708,2026-04-27T17:27:33,591,OFF
1,ec256,1,476,0.4094999749213457,2026-04-27T17:27:33,591,OFF
1,ec256,1,477,0.4052910371683538,2026-04-27T17:27:33,591,OFF
1,ec256,1,478,0.3920000162906945,2026-04-27T17:27:33,591,OFF
1,ec256,1,479,0.3861250006593764,2026-04-27T17:27:33,591,OFF
1,ec256,1,480,0.39995904080569744,2026-04-27T17:27:33,591,OFF
1,ec256,1,481,0.42020902037620544,2026-04-27T17:27:33,591,OFF
1,ec256,1,482,0.4149579908698797,2026-04-27T17:27:33,591,OFF
1,ec256,1,483,0.39370800368487835,2026-04-27T17:27:33,591,OFF
1,ec256,1,484,0.4767909995280206,2026-04-27T17:27:33,591,OFF
1,ec256,1,485,0.42283296352252364,2026-04-27T17:27:33,591,OFF
1,ec256,1,486,0.42333401506766677,2026-04-27T17:27:33,591,OFF
1,ec256,1,487,0.4885419621132314,2026-04-27T17:27:33,591,OFF
1,ec256,1,488,0.4657499957829714,2026-04-27T17:27:33,591,OFF
1,ec256,1,489,0.4059579805471003,2026-04-27T17:27:33,591,OFF
1,ec256,1,490,0.40374998934566975,2026-04-27T17:27:33,591,OFF
1,ec256,1,491,0.3898339928127825,2026-04-27T17:27:33,591,OFF
1,ec256,1,492,0.4206669982522726,2026-04-27T17:27:33,591,OFF
1,ec256,1,493,0.39233395364135504,2026-04-27T17:27:33,591,OFF
1,ec256,1,494,0.4159999662078917,2026-04-27T17:27:33,591,OFF
1,ec256,1,495,0.398874981328845,2026-04-27T17:27:33,591,OFF
1,ec256,1,496,0.4332499811425805,2026-04-27T17:27:33,591,OFF
1,ec256,1,497,0.3932500258088112,2026-04-27T17:27:33,591,OFF
1,ec256,1,498,0.3857910051010549,2026-04-27T17:27:33,591,OFF
1,ec256,1,499,0.3955420106649399,2026-04-27T17:27:33,591,OFF
1,ec256,1,500,0.42454100912436843,2026-04-27T17:27:33,591,OFF
1,ec256,1,501,0.4552080063149333,2026-04-27T17:27:33,591,OFF
1,ec256,1,502,0.4206249723210931,2026-04-27T17:27:33,591,OFF
1,ec256,1,503,0.40550000267103314,2026-04-27T17:27:33,591,OFF
1,ec256,1,504,0.4006660310551524,2026-04-27T17:27:33,591,OFF
1,ec256,1,505,0.4217919777147472,2026-04-27T17:27:33,591,OFF
1,ec256,1,506,0.39116700645536184,2026-04-27T17:27:33,591,OFF
1,ec256,1,507,0.406834005843848,2026-04-27T17:27:33,591,OFF
1,ec256,1,508,0.3953329869545996,2026-04-27T17:27:33,591,OFF
1,ec256,1,509,0.3939999733120203,2026-04-27T17:27:33,591,OFF
1,ec256,1,510,0.40020898450165987,2026-04-27T17:27:33,591,OFF
1,ec256,1,511,0.4325000336393714,2026-04-27T17:27:33,591,OFF
1,ec256,1,512,0.5440830136649311,2026-04-27T17:27:33,591,OFF
1,ec256,1,513,0.4622499691322446,2026-04-27T17:27:33,591,OFF
1,ec256,1,514,0.40341599378734827,2026-04-27T17:27:33,591,OFF
1,ec256,1,515,0.4153749905526638,2026-04-27T17:27:33,591,OFF
1,ec256,1,516,0.40366698522120714,2026-04-27T17:27:33,591,OFF
1,ec256,1,517,0.3957079607062042,2026-04-27T17:27:33,591,OFF
1,ec256,1,518,0.39729097625240684,2026-04-27T17:27:33,591,OFF
1,ec256,1,519,0.3946250071749091,2026-04-27T17:27:33,591,OFF
1,ec256,1,520,0.3938750014640391,2026-04-27T17:27:33,591,OFF
1,ec256,1,521,0.4278749693185091,2026-04-27T17:27:33,591,OFF
1,ec256,1,522,0.4338750150054693,2026-04-27T17:27:33,591,OFF
1,ec256,1,523,0.39537495467811823,2026-04-27T17:27:33,591,OFF
1,ec256,1,524,0.39895897498354316,2026-04-27T17:27:33,591,OFF
1,ec256,1,525,0.4201669944450259,2026-04-27T17:27:33,591,OFF
1,ec256,1,526,0.39916601963341236,2026-04-27T17:27:33,591,OFF
1,ec256,1,527,0.41145901195704937,2026-04-27T17:27:33,591,OFF
1,ec256,1,528,0.445541983935982,2026-04-27T17:27:33,591,OFF
1,ec256,1,529,0.4230419872328639,2026-04-27T17:27:33,591,OFF
1,ec256,1,530,0.414084002841264,2026-04-27T17:27:33,591,OFF
1,ec256,1,531,0.3992499550804496,2026-04-27T17:27:33,591,OFF
1,ec256,1,532,0.397083000279963,2026-04-27T17:27:33,591,OFF
1,ec256,1,533,0.3978339955210686,2026-04-27T17:27:33,591,OFF
1,ec256,1,534,0.3946250071749091,2026-04-27T17:27:33,591,OFF
1,ec256,1,535,0.3915420384146273,2026-04-27T17:27:33,591,OFF
1,ec256,1,536,0.3978339955210686,2026-04-27T17:27:33,591,OFF
1,ec256,1,537,0.39304199162870646,2026-04-27T17:27:33,591,OFF
1,ec256,1,538,0.3891250235028565,2026-04-27T17:27:33,591,OFF
1,ec256,1,539,0.3945829812437296,2026-04-27T17:27:33,591,OFF
1,ec256,1,540,0.42395800119265914,2026-04-27T17:27:33,591,OFF
1,ec256,1,541,0.41987496661022305,2026-04-27T17:27:33,591,OFF
1,ec256,1,542,0.42154203401878476,2026-04-27T17:27:33,591,OFF
1,ec256,1,543,0.47916703624650836,2026-04-27T17:27:33,591,OFF
1,ec256,1,544,0.44466700637713075,2026-04-27T17:27:33,591,OFF
1,ec256,1,545,0.3957499866373837,2026-04-27T17:27:33,591,OFF
1,ec256,1,546,0.39737496990710497,2026-04-27T17:27:33,591,OFF
1,ec256,1,547,0.39499998092651367,2026-04-27T17:27:33,591,OFF
1,ec256,1,548,0.395249982830137,2026-04-27T17:27:33,591,OFF
1,ec256,1,549,0.4169999738223851,2026-04-27T17:27:33,591,OFF
1,ec256,1,550,0.39658299647271633,2026-04-27T17:27:33,591,OFF
1,ec256,1,551,0.39354199543595314,2026-04-27T17:27:33,591,OFF
1,ec256,1,552,0.3837089752778411,2026-04-27T17:27:33,591,OFF
1,ec256,1,553,0.4294170066714287,2026-04-27T17:27:33,591,OFF
1,ec256,1,554,0.37408299976959825,2026-04-27T17:27:33,591,OFF
1,ec256,1,555,0.38829201366752386,2026-04-27T17:27:33,591,OFF
1,ec256,1,556,0.37399999564513564,2026-04-27T17:27:33,591,OFF
1,ec256,1,557,0.3986250376328826,2026-04-27T17:27:33,591,OFF
1,ec256,1,558,0.42641698382794857,2026-04-27T17:27:33,591,OFF
1,ec256,1,559,0.39962498703971505,2026-04-27T17:27:33,591,OFF
1,ec256,1,560,0.38429099367931485,2026-04-27T17:27:33,591,OFF
1,ec256,1,561,0.3762500127777457,2026-04-27T17:27:33,591,OFF
1,ec256,1,562,0.4196660011075437,2026-04-27T17:27:33,591,OFF
1,ec256,1,563,0.42170798406004906,2026-04-27T17:27:33,591,OFF
1,ec256,1,564,0.4349580267444253,2026-04-27T17:27:33,591,OFF
1,ec256,1,565,0.3914170083589852,2026-04-27T17:27:33,591,OFF
1,ec256,1,566,0.3952919505536556,2026-04-27T17:27:33,591,OFF
1,ec256,1,567,0.37883303593844175,2026-04-27T17:27:33,591,OFF
1,ec256,1,568,0.39366696728393435,2026-04-27T17:27:33,591,OFF
1,ec256,1,569,0.4444579826667905,2026-04-27T17:27:33,591,OFF
1,ec256,1,570,0.42629201197996736,2026-04-27T17:27:33,591,OFF
1,ec256,1,571,0.42933301301673055,2026-04-27T17:27:33,591,OFF
1,ec256,1,572,0.5871659959666431,2026-04-27T17:27:33,591,OFF
1,ec256,1,573,0.49941701581701636,2026-04-27T17:27:33,591,OFF
1,ec256,1,574,0.4099999787285924,2026-04-27T17:27:33,591,OFF
1,ec256,1,575,0.41445804527029395,2026-04-27T17:27:33,591,OFF
1,ec256,1,576,0.40391599759459496,2026-04-27T17:27:33,591,OFF
1,ec256,1,577,0.4057500045746565,2026-04-27T17:27:33,591,OFF
1,ec256,1,578,0.4027499817311764,2026-04-27T17:27:33,591,OFF
1,ec256,1,579,0.3980000037699938,2026-04-27T17:27:33,591,OFF
1,ec256,1,580,0.3903330070897937,2026-04-27T17:27:33,591,OFF
1,ec256,1,581,0.42995798867195845,2026-04-27T17:27:33,591,OFF
1,ec256,1,582,0.3812920185737312,2026-04-27T17:27:33,591,OFF
1,ec256,1,583,0.38762501208111644,2026-04-27T17:27:33,591,OFF
1,ec256,1,584,0.3837919794023037,2026-04-27T17:27:33,591,OFF
1,ec256,1,585,0.42212498374283314,2026-04-27T17:27:33,591,OFF
1,ec256,1,586,0.42108300840482116,2026-04-27T17:27:33,591,OFF
1,ec256,1,587,0.4018329782411456,2026-04-27T17:27:33,591,OFF
1,ec256,1,588,0.3855000250041485,2026-04-27T17:27:33,591,OFF
1,ec256,1,589,0.40483399061486125,2026-04-27T17:27:33,591,OFF
1,ec256,1,590,0.3845419851131737,2026-04-27T17:27:33,591,OFF
1,ec256,1,591,0.37995801540091634,2026-04-27T17:27:33,591,OFF
1,ec256,1,592,0.39837497752159834,2026-04-27T17:27:33,591,OFF
1,ec256,1,593,0.3999999607913196,2026-04-27T17:27:33,591,OFF
1,ec256,1,594,0.41783397318795323,2026-04-27T17:27:33,591,OFF
1,ec256,1,595,0.3962920163758099,2026-04-27T17:27:33,591,OFF
1,ec256,1,596,0.39737496990710497,2026-04-27T17:27:33,591,OFF
1,ec256,1,597,0.38166699232533574,2026-04-27T17:27:33,591,OFF
1,ec256,1,598,0.4682080470956862,2026-04-27T17:27:33,591,OFF
1,ec256,1,599,0.4165000282227993,2026-04-27T17:27:33,591,OFF
1,ec256,1,600,0.41749997762963176,2026-04-27T17:27:33,591,OFF
1,ec256,1,601,0.38570899050682783,2026-04-27T17:27:33,591,OFF
1,ec256,1,602,0.4123340477235615,2026-04-27T17:27:33,591,OFF
1,ec256,1,603,0.39183400804176927,2026-04-27T17:27:33,591,OFF
1,ec256,1,604,0.3966670483350754,2026-04-27T17:27:33,591,OFF
1,ec256,1,605,0.3997919848188758,2026-04-27T17:27:33,591,OFF
1,ec256,1,606,0.4113329923711717,2026-04-27T17:27:33,591,OFF
1,ec256,1,607,0.4063749802298844,2026-04-27T17:27:33,591,OFF
1,ec256,1,608,0.3891669912263751,2026-04-27T17:27:33,591,OFF
1,ec256,1,609,0.40270801400765777,2026-04-27T17:27:33,591,OFF
1,ec256,1,610,0.3812920185737312,2026-04-27T17:27:33,591,OFF
1,ec256,1,611,0.3943750052712858,2026-04-27T17:27:33,591,OFF
1,ec256,1,612,0.482875038869679,2026-04-27T17:27:33,591,OFF
1,ec256,1,613,0.4338750150054693,2026-04-27T17:27:33,591,OFF
1,ec256,1,614,0.43995800660923123,2026-04-27T17:27:33,591,OFF
1,ec256,1,615,0.4063749802298844,2026-04-27T17:27:33,591,OFF
1,ec256,1,616,0.39491598727181554,2026-04-27T17:27:33,591,OFF
1,ec256,1,617,0.4041669890284538,2026-04-27T17:27:33,591,OFF
1,ec256,1,618,0.3849579952657223,2026-04-27T17:27:33,591,OFF
1,ec256,1,619,0.4217500099912286,2026-04-27T17:27:33,591,OFF
1,ec256,1,620,0.3820839920081198,2026-04-27T17:27:33,591,OFF
1,ec256,1,621,0.4160829703323543,2026-04-27T17:27:33,591,OFF
1,ec256,1,622,0.4367500077933073,2026-04-27T17:27:33,591,OFF
1,ec256,1,623,0.4030829877592623,2026-04-27T17:27:33,591,OFF
1,ec256,1,624,0.4142909892834723,2026-04-27T17:27:33,591,OFF
1,ec256,1,625,0.40545803494751453,2026-04-27T17:27:33,591,OFF
1,ec256,1,626,0.43825001921504736,2026-04-27T17:27:33,591,OFF
1,ec256,1,627,0.4194580251350999,2026-04-27T17:27:33,591,OFF
1,ec256,1,628,0.43154199374839664,2026-04-27T17:27:33,591,OFF
1,ec256,1,629,0.4867910174652934,2026-04-27T17:27:33,591,OFF
1,ec256,1,630,0.4440000047907233,2026-04-27T17:27:33,591,OFF
1,ec256,1,631,0.4041669890284538,2026-04-27T17:27:33,591,OFF
1,ec256,1,632,0.3834579838439822,2026-04-27T17:27:33,591,OFF
1,ec256,1,633,0.394499977119267,2026-04-27T17:27:33,591,OFF
1,ec256,1,634,0.3898339928127825,2026-04-27T17:27:33,591,OFF
1,ec256,1,635,0.3772499621845782,2026-04-27T17:27:33,591,OFF
1,ec256,1,636,0.40429196087643504,2026-04-27T17:27:33,591,OFF
1,ec256,1,637,0.3792080096900463,2026-04-27T17:27:33,591,OFF
1,ec256,1,638,0.37954095751047134,2026-04-27T17:27:33,591,OFF
1,ec256,1,639,0.41904201498255134,2026-04-27T17:27:33,591,OFF
1,ec256,1,640,0.385124993044883,2026-04-27T17:27:33,591,OFF
1,ec256,1,641,0.39304199162870646,2026-04-27T17:27:33,591,OFF
1,ec256,1,642,0.4005419905297458,2026-04-27T17:27:33,591,OFF
1,ec256,1,643,0.40541699854657054,2026-04-27T17:27:33,591,OFF
1,ec256,1,644,0.41979202069342136,2026-04-27T17:27:33,591,OFF
1,ec256,1,645,0.4028750117868185,2026-04-27T17:27:33,591,OFF
1,ec256,1,646,0.39062503492459655,2026-04-27T17:27:33,591,OFF
1,ec256,1,647,0.40254101622849703,2026-04-27T17:27:33,591,OFF
1,ec256,1,648,0.3837500116787851,2026-04-27T17:27:33,591,OFF
1,ec256,1,649,0.3983329515904188,2026-04-27T17:27:33,591,OFF
1,ec256,1,650,0.4017909523099661,2026-04-27T17:27:33,591,OFF
1,ec256,2,1,0.8613750105723739,2026-04-27T17:27:35,1210,OFF
1,ec256,2,2,0.8518749964423478,2026-04-27T17:27:35,1210,OFF
1,ec256,2,3,0.7629159954376519,2026-04-27T17:27:35,1210,OFF
1,ec256,2,4,0.7545829867012799,2026-04-27T17:27:35,1210,OFF
1,ec256,2,5,0.7622090051881969,2026-04-27T17:27:35,1210,OFF
1,ec256,2,6,0.7731250370852649,2026-04-27T17:27:35,1210,OFF
1,ec256,2,7,0.797708984464407,2026-04-27T17:27:35,1210,OFF
1,ec256,2,8,0.7507079862989485,2026-04-27T17:27:35,1210,OFF
1,ec256,2,9,0.7103750249370933,2026-04-27T17:27:35,1210,OFF
1,ec256,2,10,0.7194579811766744,2026-04-27T17:27:35,1210,OFF
1,ec256,2,11,0.7223329739645123,2026-04-27T17:27:35,1210,OFF
1,ec256,2,12,0.7161250105127692,2026-04-27T17:27:35,1210,OFF
1,ec256,2,13,0.7150419987738132,2026-04-27T17:27:35,1210,OFF
1,ec256,2,14,0.6829170160926878,2026-04-27T17:27:35,1210,OFF
1,ec256,2,15,0.6784170400351286,2026-04-27T17:27:35,1210,OFF
1,ec256,2,16,0.6687500281259418,2026-04-27T17:27:35,1210,OFF
1,ec256,2,17,0.6743340054526925,2026-04-27T17:27:35,1210,OFF
1,ec256,2,18,0.6677500205114484,2026-04-27T17:27:35,1210,OFF
1,ec256,2,19,0.6724159466102719,2026-04-27T17:27:35,1210,OFF
1,ec256,2,20,0.6695840274915099,2026-04-27T17:27:35,1210,OFF
1,ec256,2,21,0.6309589953161776,2026-04-27T17:27:35,1210,OFF
1,ec256,2,22,0.6312080076895654,2026-04-27T17:27:35,1210,OFF
1,ec256,2,23,0.6365000153891742,2026-04-27T17:27:35,1210,OFF
1,ec256,2,24,0.6327499868348241,2026-04-27T17:27:35,1210,OFF
1,ec256,2,25,0.6271669990383089,2026-04-27T17:27:35,1210,OFF
1,ec256,2,26,0.6280000088736415,2026-04-27T17:27:35,1210,OFF
1,ec256,2,27,0.6039579748176038,2026-04-27T17:27:35,1210,OFF
1,ec256,2,28,0.5959580303169787,2026-04-27T17:27:35,1210,OFF
1,ec256,2,29,0.5979579873383045,2026-04-27T17:27:35,1210,OFF
1,ec256,2,30,0.5924159777350724,2026-04-27T17:27:35,1210,OFF
1,ec256,2,31,0.5950420163571835,2026-04-27T17:27:35,1210,OFF
1,ec256,2,32,0.5934159853495657,2026-04-27T17:27:35,1210,OFF
1,ec256,2,33,0.5913749919272959,2026-04-27T17:27:35,1210,OFF
1,ec256,2,34,0.5738330073654652,2026-04-27T17:27:35,1210,OFF
1,ec256,2,35,0.5732499994337559,2026-04-27T17:27:35,1210,OFF
1,ec256,2,36,0.5676249857060611,2026-04-27T17:27:35,1210,OFF
1,ec256,2,37,0.5719579639844596,2026-04-27T17:27:35,1210,OFF
1,ec256,2,38,0.5690830294042826,2026-04-27T17:27:35,1210,OFF
1,ec256,2,39,0.5691250553354621,2026-04-27T17:27:35,1210,OFF
1,ec256,2,40,0.572207965888083,2026-04-27T17:27:35,1210,OFF
1,ec256,2,41,0.5685000214725733,2026-04-27T17:27:35,1210,OFF
1,ec256,2,42,0.551584002096206,2026-04-27T17:27:35,1210,OFF
1,ec256,2,43,0.5539170233532786,2026-04-27T17:27:35,1210,OFF
1,ec256,2,44,0.5475840298458934,2026-04-27T17:27:35,1210,OFF
1,ec256,2,45,0.5519580445252359,2026-04-27T17:27:35,1210,OFF
1,ec256,2,46,0.5456670187413692,2026-04-27T17:27:35,1210,OFF
1,ec256,2,47,0.5511249764822423,2026-04-27T17:27:35,1210,OFF
1,ec256,2,48,0.5520830163732171,2026-04-27T17:27:35,1210,OFF
1,ec256,2,49,0.5525829619728029,2026-04-27T17:27:35,1210,OFF
1,ec256,2,50,0.5388340214267373,2026-04-27T17:27:35,1210,OFF
1,ec256,2,51,0.5385829717852175,2026-04-27T17:27:35,1210,OFF
1,ec256,2,52,0.539708009455353,2026-04-27T17:27:35,1210,OFF
1,ec256,2,53,0.5388749996200204,2026-04-27T17:27:35,1210,OFF
1,ec256,2,54,0.5405829870142043,2026-04-27T17:27:35,1210,OFF
1,ec256,2,55,0.5326250102370977,2026-04-27T17:27:35,1210,OFF
1,ec256,2,56,0.5303749931044877,2026-04-27T17:27:35,1210,OFF
1,ec256,2,57,0.5204170010983944,2026-04-27T17:27:35,1210,OFF
1,ec256,2,58,0.5235419957898557,2026-04-27T17:27:35,1210,OFF
1,ec256,2,59,0.6034579710103571,2026-04-27T17:27:35,1210,OFF
1,ec256,2,60,0.5773750017397106,2026-04-27T17:27:35,1210,OFF
1,ec256,2,61,0.5572499940171838,2026-04-27T17:27:35,1210,OFF
1,ec256,2,62,0.6217079935595393,2026-04-27T17:27:35,1210,OFF
1,ec256,2,63,0.537874992005527,2026-04-27T17:27:35,1210,OFF
1,ec256,2,64,0.5316659808158875,2026-04-27T17:27:35,1210,OFF
1,ec256,2,65,0.5242079496383667,2026-04-27T17:27:35,1210,OFF
1,ec256,2,66,0.6071659736335278,2026-04-27T17:27:35,1210,OFF
1,ec256,2,67,0.5124579765833914,2026-04-27T17:27:35,1210,OFF
1,ec256,2,68,0.5250000394880772,2026-04-27T17:27:35,1210,OFF
1,ec256,2,69,0.5203750333748758,2026-04-27T17:27:35,1210,OFF
1,ec256,2,70,0.521250010933727,2026-04-27T17:27:35,1210,OFF
1,ec256,2,71,0.5198750295676291,2026-04-27T17:27:35,1210,OFF
1,ec256,2,72,0.5227079964242876,2026-04-27T17:27:35,1210,OFF
1,ec256,2,73,0.5160000291652977,2026-04-27T17:27:35,1210,OFF
1,ec256,2,74,0.5144579918123782,2026-04-27T17:27:35,1210,OFF
1,ec256,2,75,0.5196250276640058,2026-04-27T17:27:35,1210,OFF
1,ec256,2,76,0.5020829848945141,2026-04-27T17:27:35,1210,OFF
1,ec256,2,77,0.49775000661611557,2026-04-27T17:27:35,1210,OFF
1,ec256,2,78,0.4735830007120967,2026-04-27T17:27:35,1210,OFF
1,ec256,2,79,0.4646250163204968,2026-04-27T17:27:35,1210,OFF
1,ec256,2,80,0.46358397230505943,2026-04-27T17:27:35,1210,OFF
1,ec256,2,81,0.46320800902321935,2026-04-27T17:27:35,1210,OFF
1,ec256,2,82,0.46258297516033053,2026-04-27T17:27:35,1210,OFF
1,ec256,2,83,0.46737503726035357,2026-04-27T17:27:35,1210,OFF
1,ec256,2,84,0.46179204946383834,2026-04-27T17:27:35,1210,OFF
1,ec256,2,85,0.4632920026779175,2026-04-27T17:27:35,1210,OFF
1,ec256,2,86,0.468042038846761,2026-04-27T17:27:35,1210,OFF
1,ec256,2,87,0.46983297215774655,2026-04-27T17:27:35,1210,OFF
1,ec256,2,88,0.4658749676309526,2026-04-27T17:27:35,1210,OFF
1,ec256,2,89,0.49991701962426305,2026-04-27T17:27:35,1210,OFF
1,ec256,2,90,0.49354200018569827,2026-04-27T17:27:35,1210,OFF
1,ec256,2,91,0.48170803347602487,2026-04-27T17:27:35,1210,OFF
1,ec256,2,92,0.4809160018339753,2026-04-27T17:27:35,1210,OFF
1,ec256,2,93,0.48204202903434634,2026-04-27T17:27:35,1210,OFF
1,ec256,2,94,0.48262503696605563,2026-04-27T17:27:35,1210,OFF
1,ec256,2,95,0.4779159789904952,2026-04-27T17:27:35,1210,OFF
1,ec256,2,96,0.47929194988682866,2026-04-27T17:27:35,1210,OFF
1,ec256,2,97,0.4771660314872861,2026-04-27T17:27:35,1210,OFF
1,ec256,2,98,0.4734999965876341,2026-04-27T17:27:35,1210,OFF
1,ec256,2,99,0.478167028632015,2026-04-27T17:27:35,1210,OFF
1,ec256,2,100,0.47466601245105267,2026-04-27T17:27:35,1210,OFF
1,ec256,2,101,0.47924998216331005,2026-04-27T17:27:35,1210,OFF
1,ec256,2,102,0.47741603339090943,2026-04-27T17:27:35,1210,OFF
1,ec256,2,103,0.4793750122189522,2026-04-27T17:27:35,1210,OFF
1,ec256,2,104,0.4770829691551626,2026-04-27T17:27:35,1210,OFF
1,ec256,2,105,0.47675002133473754,2026-04-27T17:27:35,1210,OFF
1,ec256,2,106,0.47795800492167473,2026-04-27T17:27:35,1210,OFF
1,ec256,2,107,0.490875041577965,2026-04-27T17:27:35,1210,OFF
1,ec256,2,108,0.4753749817609787,2026-04-27T17:27:35,1210,OFF
1,ec256,2,109,0.4753749817609787,2026-04-27T17:27:35,1210,OFF
1,ec256,2,110,0.5619580042548478,2026-04-27T17:27:35,1210,OFF
1,ec256,2,111,0.5004159756936133,2026-04-27T17:27:35,1210,OFF
1,ec256,2,112,0.5024169804528356,2026-04-27T17:27:35,1210,OFF
1,ec256,2,113,0.6033340469002724,2026-04-27T17:27:35,1210,OFF
1,ec256,2,114,0.5107909673824906,2026-04-27T17:27:35,1210,OFF
1,ec256,2,115,0.47912501031532884,2026-04-27T17:27:35,1210,OFF
1,ec256,2,116,0.4860000335611403,2026-04-27T17:27:35,1210,OFF
1,ec256,2,117,0.4854580038227141,2026-04-27T17:27:35,1210,OFF
1,ec256,2,118,0.49004098400473595,2026-04-27T17:27:35,1210,OFF
1,ec256,2,119,0.5232500261627138,2026-04-27T17:27:35,1210,OFF
1,ec256,2,120,0.5052090273238719,2026-04-27T17:27:35,1210,OFF
1,ec256,2,121,0.4847919917665422,2026-04-27T17:27:35,1210,OFF
1,ec256,2,122,0.48500002594664693,2026-04-27T17:27:35,1210,OFF
1,ec256,2,123,0.48454198986291885,2026-04-27T17:27:35,1210,OFF
1,ec256,2,124,0.4901249776594341,2026-04-27T17:27:35,1210,OFF
1,ec256,2,125,0.4641669802367687,2026-04-27T17:27:35,1210,OFF
1,ec256,2,126,0.4630410112440586,2026-04-27T17:27:35,1210,OFF
1,ec256,2,127,0.46266696881502867,2026-04-27T17:27:35,1210,OFF
1,ec256,2,128,0.46666699927300215,2026-04-27T17:27:35,1210,OFF
1,ec256,2,129,0.4641659907065332,2026-04-27T17:27:35,1210,OFF
1,ec256,2,130,0.46250002924352884,2026-04-27T17:27:35,1210,OFF
1,ec256,2,131,0.4686250467784703,2026-04-27T17:27:35,1210,OFF
1,ec256,2,132,0.48779096687212586,2026-04-27T17:27:35,1210,OFF
1,ec256,2,133,0.4742919700220227,2026-04-27T17:27:35,1210,OFF
1,ec256,2,134,0.4806250217370689,2026-04-27T17:27:35,1210,OFF
1,ec256,2,135,0.47391699627041817,2026-04-27T17:27:35,1210,OFF
1,ec256,2,136,0.4809579695574939,2026-04-27T17:27:35,1210,OFF
1,ec256,2,137,0.4882090142928064,2026-04-27T17:27:35,1210,OFF
1,ec256,2,138,0.4963329993188381,2026-04-27T17:27:35,1210,OFF
1,ec256,2,139,0.48945797607302666,2026-04-27T17:27:35,1210,OFF
1,ec256,2,140,0.4837079904973507,2026-04-27T17:27:35,1210,OFF
1,ec256,2,141,0.4920830251649022,2026-04-27T17:27:35,1210,OFF
1,ec256,2,142,0.48033398343250155,2026-04-27T17:27:35,1210,OFF
1,ec256,2,143,0.4839160246774554,2026-04-27T17:27:35,1210,OFF
1,ec256,2,144,0.48783404054120183,2026-04-27T17:27:35,1210,OFF
1,ec256,2,145,0.48079201951622963,2026-04-27T17:27:35,1210,OFF
1,ec256,2,146,0.4830419784411788,2026-04-27T17:27:35,1210,OFF
1,ec256,2,147,0.4836660227738321,2026-04-27T17:27:35,1210,OFF
1,ec256,2,148,0.48512499779462814,2026-04-27T17:27:35,1210,OFF
1,ec256,2,149,0.4808749654330313,2026-04-27T17:27:35,1210,OFF
1,ec256,2,150,0.48287498066201806,2026-04-27T17:27:35,1210,OFF
1,ec256,2,151,0.4789999802596867,2026-04-27T17:27:35,1210,OFF
1,ec256,2,152,0.47866598470136523,2026-04-27T17:27:35,1210,OFF
1,ec256,2,153,0.4825000069104135,2026-04-27T17:27:35,1210,OFF
1,ec256,2,154,0.47562498366460204,2026-04-27T17:27:35,1210,OFF
1,ec256,2,155,0.4760830197483301,2026-04-27T17:27:35,1210,OFF
1,ec256,2,156,0.4789580125361681,2026-04-27T17:27:35,1210,OFF
1,ec256,2,157,0.47849997645244,2026-04-27T17:27:35,1210,OFF
1,ec256,2,158,0.4717499832622707,2026-04-27T17:27:35,1210,OFF
1,ec256,2,159,0.4788330406881869,2026-04-27T17:27:35,1210,OFF
1,ec256,2,160,0.5332920118235052,2026-04-27T17:27:35,1210,OFF
1,ec256,2,161,0.5011669709347188,2026-04-27T17:27:35,1210,OFF
1,ec256,2,162,0.5032499902881682,2026-04-27T17:27:35,1210,OFF
1,ec256,2,163,0.6154169677756727,2026-04-27T17:27:35,1210,OFF
1,ec256,2,164,0.47329202061519027,2026-04-27T17:27:35,1210,OFF
1,ec256,2,165,0.49124995712190866,2026-04-27T17:27:35,1210,OFF
1,ec256,2,166,0.4884999943897128,2026-04-27T17:27:35,1210,OFF
1,ec256,2,167,0.482834002468735,2026-04-27T17:27:35,1210,OFF
1,ec256,2,168,0.5200830055400729,2026-04-27T17:27:35,1210,OFF
1,ec256,2,169,0.48654101556167006,2026-04-27T17:27:35,1210,OFF
1,ec256,2,170,0.48570899525657296,2026-04-27T17:27:35,1210,OFF
1,ec256,2,171,0.48387504648417234,2026-04-27T17:27:35,1210,OFF
1,ec256,2,172,0.47087500570341945,2026-04-27T17:27:35,1210,OFF
1,ec256,2,173,0.46137499157339334,2026-04-27T17:27:35,1210,OFF
1,ec256,2,174,0.4633750068023801,2026-04-27T17:27:35,1210,OFF
1,ec256,2,175,0.4605409922078252,2026-04-27T17:27:35,1210,OFF
1,ec256,2,176,0.48108299961313605,2026-04-27T17:27:35,1210,OFF
1,ec256,2,177,0.48274995060637593,2026-04-27T17:27:35,1210,OFF
1,ec256,2,178,0.4902089713141322,2026-04-27T17:27:35,1210,OFF
1,ec256,2,179,0.4788750084117055,2026-04-27T17:27:35,1210,OFF
1,ec256,2,180,0.4812920233234763,2026-04-27T17:27:35,1210,OFF
1,ec256,2,181,0.48170803347602487,2026-04-27T17:27:35,1210,OFF
1,ec256,2,182,0.4779159789904952,2026-04-27T17:27:35,1210,OFF
1,ec256,2,183,0.482166011352092,2026-04-27T17:27:35,1210,OFF
1,ec256,2,184,0.46912499237805605,2026-04-27T17:27:35,1210,OFF
1,ec256,2,185,0.480000046081841,2026-04-27T17:27:35,1210,OFF
1,ec256,2,186,0.5208749789744616,2026-04-27T17:27:35,1210,OFF
1,ec256,2,187,0.47687499318271875,2026-04-27T17:27:35,1210,OFF
1,ec256,2,188,0.47433399595320225,2026-04-27T17:27:35,1210,OFF
1,ec256,2,189,0.48258400056511164,2026-04-27T17:27:35,1210,OFF
1,ec256,2,190,0.48020901158452034,2026-04-27T17:27:35,1210,OFF
1,ec256,2,191,0.484667019918561,2026-04-27T17:27:35,1210,OFF
1,ec256,2,192,0.46729197492823005,2026-04-27T17:27:35,1210,OFF
1,ec256,2,193,0.4849170218221843,2026-04-27T17:27:35,1210,OFF
1,ec256,2,194,0.47854200238361955,2026-04-27T17:27:35,1210,OFF
1,ec256,2,195,0.48049999168142676,2026-04-27T17:27:35,1210,OFF
1,ec256,2,196,0.4700410063378513,2026-04-27T17:27:35,1210,OFF
1,ec256,2,197,0.45895803486928344,2026-04-27T17:27:35,1210,OFF
1,ec256,2,198,0.47945795813575387,2026-04-27T17:27:35,1210,OFF
1,ec256,2,199,0.47820800682529807,2026-04-27T17:27:35,1210,OFF
1,ec256,2,200,0.4824580391868949,2026-04-27T17:27:35,1210,OFF
1,ec256,2,201,0.4847500240430236,2026-04-27T17:27:35,1210,OFF
1,ec256,2,202,0.4831250407733023,2026-04-27T17:27:35,1210,OFF
1,ec256,2,203,0.4824170027859509,2026-04-27T17:27:35,1210,OFF
1,ec256,2,204,0.48195902490988374,2026-04-27T17:27:35,1210,OFF
1,ec256,2,205,0.4843329661525786,2026-04-27T17:27:35,1210,OFF
1,ec256,2,206,0.48429099842906,2026-04-27T17:27:35,1210,OFF
1,ec256,2,207,0.4796250141225755,2026-04-27T17:27:35,1210,OFF
1,ec256,2,208,0.48258400056511164,2026-04-27T17:27:35,1210,OFF
1,ec256,2,209,0.4806669894605875,2026-04-27T17:27:35,1210,OFF
1,ec256,2,210,0.5605000187642872,2026-04-27T17:27:35,1210,OFF
1,ec256,2,211,0.5109590128995478,2026-04-27T17:27:35,1210,OFF
1,ec256,2,212,0.5303749931044877,2026-04-27T17:27:35,1210,OFF
1,ec256,2,213,0.5047500017099082,2026-04-27T17:27:35,1210,OFF
1,ec256,2,214,0.47483399976044893,2026-04-27T17:27:35,1210,OFF
1,ec256,2,215,0.4872910212725401,2026-04-27T17:27:35,1210,OFF
1,ec256,2,216,0.4837500164285302,2026-04-27T17:27:35,1210,OFF
1,ec256,2,217,0.4902079817838967,2026-04-27T17:27:35,1210,OFF
1,ec256,2,218,0.523333961609751,2026-04-27T17:27:35,1210,OFF
1,ec256,2,219,0.4841669579036534,2026-04-27T17:27:35,1210,OFF
1,ec256,2,220,0.478167028632015,2026-04-27T17:27:35,1210,OFF
1,ec256,2,221,0.46845898032188416,2026-04-27T17:27:35,1210,OFF
1,ec256,2,222,0.4636250087060034,2026-04-27T17:27:35,1210,OFF
1,ec256,2,223,0.46479201409965754,2026-04-27T17:27:35,1210,OFF
1,ec256,2,224,0.4766249912790954,2026-04-27T17:27:35,1210,OFF
1,ec256,2,225,0.48933399375528097,2026-04-27T17:27:35,1210,OFF
1,ec256,2,226,0.4824590287171304,2026-04-27T17:27:35,1210,OFF
1,ec256,2,227,0.4847499658353627,2026-04-27T17:27:35,1210,OFF
1,ec256,2,228,0.48099999548867345,2026-04-27T17:27:35,1210,OFF
1,ec256,2,229,0.48279197653755546,2026-04-27T17:27:35,1210,OFF
1,ec256,2,230,0.5077089881524444,2026-04-27T17:27:35,1210,OFF
1,ec256,2,231,0.47920801443979144,2026-04-27T17:27:35,1210,OFF
1,ec256,2,232,0.4782089963555336,2026-04-27T17:27:35,1210,OFF
1,ec256,2,233,0.47804199857637286,2026-04-27T17:27:35,1210,OFF
1,ec256,2,234,0.5726669915020466,2026-04-27T17:27:35,1210,OFF
1,ec256,2,235,0.487209006678313,2026-04-27T17:27:35,1210,OFF
1,ec256,2,236,0.49366604071110487,2026-04-27T17:27:35,1210,OFF
1,ec256,2,237,0.4705419996753335,2026-04-27T17:27:35,1210,OFF
1,ec256,2,238,0.48516696551814675,2026-04-27T17:27:35,1210,OFF
1,ec256,2,239,0.48295798478648067,2026-04-27T17:27:35,1210,OFF
1,ec256,2,240,0.48099999548867345,2026-04-27T17:27:35,1210,OFF
1,ec256,2,241,0.4777089925482869,2026-04-27T17:27:35,1210,OFF
1,ec256,2,242,0.48379204235970974,2026-04-27T17:27:35,1210,OFF
1,ec256,2,243,0.47916697803884745,2026-04-27T17:27:35,1210,OFF
1,ec256,2,244,0.4794999840669334,2026-04-27T17:27:35,1210,OFF
1,ec256,2,245,0.47691602958366275,2026-04-27T17:27:35,1210,OFF
1,ec256,2,246,0.46166597167029977,2026-04-27T17:27:35,1210,OFF
1,ec256,2,247,0.4799589514732361,2026-04-27T17:27:35,1210,OFF
1,ec256,2,248,0.48620899906381965,2026-04-27T17:27:35,1210,OFF
1,ec256,2,249,0.4789159866049886,2026-04-27T17:27:35,1210,OFF
1,ec256,2,250,0.4772500251419842,2026-04-27T17:27:35,1210,OFF
1,ec256,2,251,0.48058299580588937,2026-04-27T17:27:35,1210,OFF
1,ec256,2,252,0.47983397962525487,2026-04-27T17:27:35,1210,OFF
1,ec256,2,253,0.4805420176126063,2026-04-27T17:27:35,1210,OFF
1,ec256,2,254,0.480624963529408,2026-04-27T17:27:35,1210,OFF
1,ec256,2,255,0.47345797065645456,2026-04-27T17:27:35,1210,OFF
1,ec256,2,256,0.4778329748660326,2026-04-27T17:27:35,1210,OFF
1,ec256,2,257,0.47758303117007017,2026-04-27T17:27:35,1210,OFF
1,ec256,2,258,0.5087089957669377,2026-04-27T17:27:35,1210,OFF
1,ec256,2,259,0.4787500365637243,2026-04-27T17:27:35,1210,OFF
1,ec256,2,260,0.49483298789709806,2026-04-27T17:27:35,1210,OFF
1,ec256,2,261,0.48262503696605563,2026-04-27T17:27:35,1210,OFF
1,ec256,2,262,0.487209006678313,2026-04-27T17:27:35,1210,OFF
1,ec256,2,263,0.525958021171391,2026-04-27T17:27:35,1210,OFF
1,ec256,2,264,0.4862079513259232,2026-04-27T17:27:35,1210,OFF
1,ec256,2,265,0.48279197653755546,2026-04-27T17:27:35,1210,OFF
1,ec256,2,266,0.4812499973922968,2026-04-27T17:27:35,1210,OFF
1,ec256,2,267,0.48387498827651143,2026-04-27T17:27:35,1210,OFF
1,ec256,2,268,0.48233300913125277,2026-04-27T17:27:35,1210,OFF
1,ec256,2,269,0.48687501111999154,2026-04-27T17:27:35,1210,OFF
1,ec256,2,270,0.483584008179605,2026-04-27T17:27:35,1210,OFF
1,ec256,2,271,0.4817919689230621,2026-04-27T17:27:35,1210,OFF
1,ec256,2,272,0.499082962051034,2026-04-27T17:27:35,1210,OFF
1,ec256,2,273,0.48979202983900905,2026-04-27T17:27:35,1210,OFF
1,ec256,2,274,0.48870895989239216,2026-04-27T17:27:35,1210,OFF
1,ec256,2,275,0.48045796575024724,2026-04-27T17:27:35,1210,OFF
1,ec256,2,276,0.489042024128139,2026-04-27T17:27:35,1210,OFF
1,ec256,2,277,0.48399996012449265,2026-04-27T17:27:35,1210,OFF
1,ec256,2,278,0.4854580038227141,2026-04-27T17:27:35,1210,OFF
1,ec256,2,279,0.4836670123040676,2026-04-27T17:27:35,1210,OFF
1,ec256,2,280,0.48595794942229986,2026-04-27T17:27:35,1210,OFF
1,ec256,2,281,0.48320897622033954,2026-04-27T17:27:35,1210,OFF
1,ec256,2,282,0.5198750295676291,2026-04-27T17:27:35,1210,OFF
1,ec256,2,283,0.5076249944977462,2026-04-27T17:27:35,1210,OFF
1,ec256,2,284,0.48708298709243536,2026-04-27T17:27:35,1210,OFF
1,ec256,2,285,0.4832909908145666,2026-04-27T17:27:35,1210,OFF
1,ec256,2,286,0.482457980979234,2026-04-27T17:27:35,1210,OFF
1,ec256,2,287,0.48325001262128353,2026-04-27T17:27:35,1210,OFF
1,ec256,2,288,0.4801250179298222,2026-04-27T17:27:35,1210,OFF
1,ec256,2,289,0.4796250141225755,2026-04-27T17:27:35,1210,OFF
1,ec256,2,290,0.48212497495114803,2026-04-27T17:27:35,1210,OFF
1,ec256,2,291,0.4786670324392617,2026-04-27T17:27:35,1210,OFF
1,ec256,2,292,0.47758303117007017,2026-04-27T17:27:35,1210,OFF
1,ec256,2,293,0.4875839804299176,2026-04-27T17:27:35,1210,OFF
1,ec256,2,294,0.465832999907434,2026-04-27T17:27:35,1210,OFF
1,ec256,2,295,0.46258396469056606,2026-04-27T17:27:35,1210,OFF
1,ec256,2,296,0.47758303117007017,2026-04-27T17:27:35,1210,OFF
1,ec256,2,297,0.4909579874947667,2026-04-27T17:27:35,1210,OFF
1,ec256,2,298,0.47270802315324545,2026-04-27T17:27:35,1210,OFF
1,ec256,2,299,0.4830420366488397,2026-04-27T17:27:35,1210,OFF
1,ec256,2,300,0.47820800682529807,2026-04-27T17:27:35,1210,OFF
1,ec256,2,301,0.49708300502970815,2026-04-27T17:27:35,1210,OFF
1,ec256,2,302,0.4817500011995435,2026-04-27T17:27:35,1210,OFF
1,ec256,2,303,0.47862500650808215,2026-04-27T17:27:35,1210,OFF
1,ec256,2,304,0.47450000420212746,2026-04-27T17:27:35,1210,OFF
1,ec256,2,305,0.4772910033352673,2026-04-27T17:27:35,1210,OFF
1,ec256,2,306,0.4777919966727495,2026-04-27T17:27:35,1210,OFF
1,ec256,2,307,0.5015839706175029,2026-04-27T17:27:35,1210,OFF
1,ec256,2,308,0.48754201270639896,2026-04-27T17:27:35,1210,OFF
1,ec256,2,309,0.482542032841593,2026-04-27T17:27:35,1210,OFF
1,ec256,2,310,0.513291044626385,2026-04-27T17:27:35,1210,OFF
1,ec256,2,311,0.5158749991096556,2026-04-27T17:27:35,1210,OFF
1,ec256,2,312,0.5494580254890025,2026-04-27T17:27:35,1210,OFF
1,ec256,2,313,0.49779104301705956,2026-04-27T17:27:35,1210,OFF
1,ec256,2,314,0.49050000961869955,2026-04-27T17:27:35,1210,OFF
1,ec256,2,315,0.4793339758180082,2026-04-27T17:27:35,1210,OFF
1,ec256,2,316,0.4806250217370689,2026-04-27T17:27:35,1210,OFF
1,ec256,2,317,0.4873750149272382,2026-04-27T17:27:35,1210,OFF
1,ec256,2,318,0.47979201190173626,2026-04-27T17:27:35,1210,OFF
1,ec256,2,319,0.4632089985534549,2026-04-27T17:27:35,1210,OFF
1,ec256,2,320,0.48304098891094327,2026-04-27T17:27:35,1210,OFF
1,ec256,2,321,0.4764999612234533,2026-04-27T17:27:35,1210,OFF
1,ec256,2,322,0.4797080182470381,2026-04-27T17:27:35,1210,OFF
1,ec256,2,323,0.4796250141225755,2026-04-27T17:27:35,1210,OFF
1,ec256,2,324,0.481374969240278,2026-04-27T17:27:35,1210,OFF
1,ec256,2,325,0.48099999548867345,2026-04-27T17:27:35,1210,OFF
1,ec256,2,326,0.4796250141225755,2026-04-27T17:27:35,1210,OFF
1,ec256,2,327,0.47841703053563833,2026-04-27T17:27:35,1210,OFF
1,ec256,2,328,0.4813330015167594,2026-04-27T17:27:35,1210,OFF
1,ec256,2,329,0.4842920461669564,2026-04-27T17:27:35,1210,OFF
1,ec256,2,330,0.5123339942656457,2026-04-27T17:27:35,1210,OFF
1,ec256,2,331,0.5170000367797911,2026-04-27T17:27:35,1210,OFF
1,ec256,2,332,0.46912505058571696,2026-04-27T17:27:35,1210,OFF
1,ec256,2,333,0.47687499318271875,2026-04-27T17:27:35,1210,OFF
1,ec256,2,334,0.4794170381501317,2026-04-27T17:27:35,1210,OFF
1,ec256,2,335,0.49641699297353625,2026-04-27T17:27:35,1210,OFF
1,ec256,2,336,0.481792027130723,2026-04-27T17:27:35,1210,OFF
1,ec256,2,337,0.4787500365637243,2026-04-27T17:27:35,1210,OFF
1,ec256,2,338,0.4771670210175216,2026-04-27T17:27:35,1210,OFF
1,ec256,2,339,0.4825830110348761,2026-04-27T17:27:35,1210,OFF
1,ec256,2,340,0.4784169723279774,2026-04-27T17:27:35,1210,OFF
1,ec256,2,341,0.48275000881403685,2026-04-27T17:27:35,1210,OFF
1,ec256,2,342,0.4646659945137799,2026-04-27T17:27:35,1210,OFF
1,ec256,2,343,0.4618329694494605,2026-04-27T17:27:35,1210,OFF
1,ec256,2,344,0.5034590139985085,2026-04-27T17:27:35,1210,OFF
1,ec256,2,345,0.48620899906381965,2026-04-27T17:27:35,1210,OFF
1,ec256,2,346,0.477791007142514,2026-04-27T17:27:35,1210,OFF
1,ec256,2,347,0.4786670324392617,2026-04-27T17:27:35,1210,OFF
1,ec256,2,348,0.48049999168142676,2026-04-27T17:27:35,1210,OFF
1,ec256,2,349,0.4758330178447068,2026-04-27T17:27:35,1210,OFF
1,ec256,2,350,0.47845899825915694,2026-04-27T17:27:35,1210,OFF
1,ec256,2,351,0.4786670324392617,2026-04-27T17:27:35,1210,OFF
1,ec256,2,352,0.4728750209324062,2026-04-27T17:27:35,1210,OFF
1,ec256,2,353,0.4747079801745713,2026-04-27T17:27:35,1210,OFF
1,ec256,2,354,0.48387498827651143,2026-04-27T17:27:35,1210,OFF
1,ec256,2,355,0.49008300993591547,2026-04-27T17:27:35,1210,OFF
1,ec256,2,356,0.4844159702770412,2026-04-27T17:27:35,1210,OFF
1,ec256,2,357,0.4847499658353627,2026-04-27T17:27:35,1210,OFF
1,ec256,2,358,0.4830840043723583,2026-04-27T17:27:35,1210,OFF
1,ec256,2,359,0.48058299580588937,2026-04-27T17:27:35,1210,OFF
1,ec256,2,360,0.5050000036135316,2026-04-27T17:27:35,1210,OFF
1,ec256,2,361,0.495165993925184,2026-04-27T17:27:35,1210,OFF
1,ec256,2,362,0.495542015414685,2026-04-27T17:27:35,1210,OFF
1,ec256,2,363,0.5466660368256271,2026-04-27T17:27:35,1210,OFF
1,ec256,2,364,0.47337502473965287,2026-04-27T17:27:35,1210,OFF
1,ec256,2,365,0.48154202522709966,2026-04-27T17:27:35,1210,OFF
1,ec256,2,366,0.46437501441687346,2026-04-27T17:27:35,1210,OFF
1,ec256,2,367,0.46195898903533816,2026-04-27T17:27:35,1210,OFF
1,ec256,2,368,0.4918749909847975,2026-04-27T17:27:35,1210,OFF
1,ec256,2,369,0.5072919884696603,2026-04-27T17:27:35,1210,OFF
1,ec256,2,370,0.4782920004799962,2026-04-27T17:27:35,1210,OFF
1,ec256,2,371,0.480332993902266,2026-04-27T17:27:35,1210,OFF
1,ec256,2,372,0.4825419746339321,2026-04-27T17:27:35,1210,OFF
1,ec256,2,373,0.48195902490988374,2026-04-27T17:27:35,1210,OFF
1,ec256,2,374,0.482542032841593,2026-04-27T17:27:35,1210,OFF
1,ec256,2,375,0.4784159827977419,2026-04-27T17:27:35,1210,OFF
1,ec256,2,376,0.479582988191396,2026-04-27T17:27:35,1210,OFF
1,ec256,2,377,0.4777919966727495,2026-04-27T17:27:35,1210,OFF
1,ec256,2,378,0.4747920320369303,2026-04-27T17:27:35,1210,OFF
1,ec256,2,379,0.5839579971507192,2026-04-27T17:27:35,1210,OFF
1,ec256,2,380,0.47208298929035664,2026-04-27T17:27:35,1210,OFF
1,ec256,2,381,0.4844579962082207,2026-04-27T17:27:35,1210,OFF
1,ec256,2,382,0.4856660380028188,2026-04-27T17:27:35,1210,OFF
1,ec256,2,383,0.4796249559149146,2026-04-27T17:27:35,1210,OFF
1,ec256,2,384,0.4813750274479389,2026-04-27T17:27:35,1210,OFF
1,ec256,2,385,0.48229197273030877,2026-04-27T17:27:35,1210,OFF
1,ec256,2,386,0.4810839891433716,2026-04-27T17:27:35,1210,OFF
1,ec256,2,387,0.49833295634016395,2026-04-27T17:27:35,1210,OFF
1,ec256,2,388,0.48212503315880895,2026-04-27T17:27:35,1210,OFF
1,ec256,2,389,0.48329198034480214,2026-04-27T17:27:35,1210,OFF
1,ec256,2,390,0.4633750068023801,2026-04-27T17:27:35,1210,OFF
1,ec256,2,391,0.4628750029951334,2026-04-27T17:27:35,1210,OFF
1,ec256,2,392,0.47854200238361955,2026-04-27T17:27:35,1210,OFF
1,ec256,2,393,0.4942499799653888,2026-04-27T17:27:35,1210,OFF
1,ec256,2,394,0.4775840207003057,2026-04-27T17:27:35,1210,OFF
1,ec256,2,395,0.4741250304505229,2026-04-27T17:27:35,1210,OFF
1,ec256,2,396,0.479582988191396,2026-04-27T17:27:35,1210,OFF
1,ec256,2,397,0.48087502364069223,2026-04-27T17:27:35,1210,OFF
1,ec256,2,398,0.4772500251419842,2026-04-27T17:27:35,1210,OFF
1,ec256,2,399,0.47749996883794665,2026-04-27T17:27:35,1210,OFF
1,ec256,2,400,0.4808329977095127,2026-04-27T17:27:35,1210,OFF
1,ec256,2,401,0.4728750209324062,2026-04-27T17:27:35,1210,OFF
1,ec256,2,402,0.47504197573289275,2026-04-27T17:27:35,1210,OFF
1,ec256,2,403,0.5158329731784761,2026-04-27T17:27:35,1210,OFF
1,ec256,2,404,0.47862500650808215,2026-04-27T17:27:35,1210,OFF
1,ec256,2,405,0.4782920004799962,2026-04-27T17:27:35,1210,OFF
1,ec256,2,406,0.4813750274479389,2026-04-27T17:27:35,1210,OFF
1,ec256,2,407,0.4807910299859941,2026-04-27T17:27:35,1210,OFF
1,ec256,2,408,0.4784160410054028,2026-04-27T17:27:35,1210,OFF
1,ec256,2,409,0.4839159664697945,2026-04-27T17:27:35,1210,OFF
1,ec256,2,410,0.5131250363774598,2026-04-27T17:27:35,1210,OFF
1,ec256,2,411,0.49666600534692407,2026-04-27T17:27:35,1210,OFF
1,ec256,2,412,0.5049590254202485,2026-04-27T17:27:35,1210,OFF
1,ec256,2,413,0.48404198605567217,2026-04-27T17:27:35,1210,OFF
1,ec256,2,414,0.47104194527491927,2026-04-27T17:27:35,1210,OFF
1,ec256,2,415,0.4706669715233147,2026-04-27T17:27:35,1210,OFF
1,ec256,2,416,0.4766249912790954,2026-04-27T17:27:35,1210,OFF
1,ec256,2,417,0.4800829919986427,2026-04-27T17:27:35,1210,OFF
1,ec256,2,418,0.47633302165195346,2026-04-27T17:27:35,1210,OFF
1,ec256,2,419,0.48695801524445415,2026-04-27T17:27:35,1210,OFF
1,ec256,2,420,0.4866670351475477,2026-04-27T17:27:35,1210,OFF
1,ec256,2,421,0.48337504267692566,2026-04-27T17:27:35,1210,OFF
1,ec256,2,422,0.4801659961231053,2026-04-27T17:27:35,1210,OFF
1,ec256,2,423,0.48270897241309285,2026-04-27T17:27:35,1210,OFF
1,ec256,2,424,0.4938750062137842,2026-04-27T17:27:35,1210,OFF
1,ec256,2,425,0.4789580125361681,2026-04-27T17:27:35,1210,OFF
1,ec256,2,426,0.4797080182470381,2026-04-27T17:27:35,1210,OFF
1,ec256,2,427,0.5714999861083925,2026-04-27T17:27:35,1210,OFF
1,ec256,2,428,0.48104202141985297,2026-04-27T17:27:35,1210,OFF
1,ec256,2,429,0.48933300422504544,2026-04-27T17:27:35,1210,OFF
1,ec256,2,430,0.48283301293849945,2026-04-27T17:27:35,1210,OFF
1,ec256,2,431,0.47987495781853795,2026-04-27T17:27:35,1210,OFF
1,ec256,2,432,0.4806250217370689,2026-04-27T17:27:35,1210,OFF
1,ec256,2,433,0.48083398723974824,2026-04-27T17:27:35,1210,OFF
1,ec256,2,434,0.47862500650808215,2026-04-27T17:27:35,1210,OFF
1,ec256,2,435,0.480332993902266,2026-04-27T17:27:35,1210,OFF
1,ec256,2,436,0.4817919689230621,2026-04-27T17:27:35,1210,OFF
1,ec256,2,437,0.47995802015066147,2026-04-27T17:27:35,1210,OFF
1,ec256,2,438,0.4747909842990339,2026-04-27T17:27:35,1210,OFF
1,ec256,2,439,0.46195799950510263,2026-04-27T17:27:35,1210,OFF
1,ec256,2,440,0.4643340362235904,2026-04-27T17:27:35,1210,OFF
1,ec256,2,441,0.4902079817838967,2026-04-27T17:27:35,1210,OFF
1,ec256,2,442,0.48058299580588937,2026-04-27T17:27:35,1210,OFF
1,ec256,2,443,0.4818749730475247,2026-04-27T17:27:35,1210,OFF
1,ec256,2,444,0.47874997835606337,2026-04-27T17:27:35,1210,OFF
1,ec256,2,445,0.4812090191990137,2026-04-27T17:27:35,1210,OFF
1,ec256,2,446,0.4826249787583947,2026-04-27T17:27:35,1210,OFF
1,ec256,2,447,0.47508295392617583,2026-04-27T17:27:35,1210,OFF
1,ec256,2,448,0.4794160486198962,2026-04-27T17:27:35,1210,OFF
1,ec256,2,449,0.4765829653479159,2026-04-27T17:27:35,1210,OFF
1,ec256,2,450,0.47149998135864735,2026-04-27T17:27:35,1210,OFF
1,ec256,2,451,0.4919999628327787,2026-04-27T17:27:35,1210,OFF
1,ec256,2,452,0.48687501111999154,2026-04-27T17:27:35,1210,OFF
1,ec256,2,453,0.48879097448661923,2026-04-27T17:27:35,1210,OFF
1,ec256,2,454,0.4838330205529928,2026-04-27T17:27:35,1210,OFF
1,ec256,2,455,0.48054102808237076,2026-04-27T17:27:35,1210,OFF
1,ec256,2,456,0.47812500270083547,2026-04-27T17:27:35,1210,OFF
1,ec256,2,457,0.4830420366488397,2026-04-27T17:27:35,1210,OFF
1,ec256,2,458,0.4871250130236149,2026-04-27T17:27:35,1210,OFF
1,ec256,2,459,0.48345798859372735,2026-04-27T17:27:35,1210,OFF
1,ec256,2,460,0.5000829696655273,2026-04-27T17:27:35,1210,OFF
1,ec256,2,461,0.5092080100439489,2026-04-27T17:27:35,1210,OFF
1,ec256,2,462,0.5707500386051834,2026-04-27T17:27:35,1210,OFF
1,ec256,2,463,0.48800004879012704,2026-04-27T17:27:35,1210,OFF
1,ec256,2,464,0.48679200699552894,2026-04-27T17:27:35,1210,OFF
1,ec256,2,465,0.48120797146111727,2026-04-27T17:27:35,1210,OFF
1,ec256,2,466,0.4814579733647406,2026-04-27T17:27:35,1210,OFF
1,ec256,2,467,0.4741250304505229,2026-04-27T17:27:35,1210,OFF
1,ec256,2,468,0.48329198034480214,2026-04-27T17:27:35,1210,OFF
1,ec256,2,469,0.5252090049907565,2026-04-27T17:27:35,1210,OFF
1,ec256,2,470,0.4829590325243771,2026-04-27T17:27:35,1210,OFF
1,ec256,2,471,0.4795410204678774,2026-04-27T17:27:35,1210,OFF
1,ec256,2,472,0.4801249597221613,2026-04-27T17:27:35,1210,OFF
1,ec256,2,473,0.4782910109497607,2026-04-27T17:27:35,1210,OFF
1,ec256,2,474,0.47579099191352725,2026-04-27T17:27:35,1210,OFF
1,ec256,2,475,0.49816700629889965,2026-04-27T17:27:35,1210,OFF
1,ec256,2,476,0.4967920249328017,2026-04-27T17:27:35,1210,OFF
1,ec256,2,477,0.47500000800937414,2026-04-27T17:27:35,1210,OFF
1,ec256,2,478,0.47750002704560757,2026-04-27T17:27:35,1210,OFF
1,ec256,2,479,0.48295798478648067,2026-04-27T17:27:35,1210,OFF
1,ec256,2,480,0.47924998216331005,2026-04-27T17:27:35,1210,OFF
1,ec256,2,481,0.4718329873867333,2026-04-27T17:27:35,1210,OFF
1,ec256,2,482,0.48033404164016247,2026-04-27T17:27:35,1210,OFF
1,ec256,2,483,0.4801669856533408,2026-04-27T17:27:35,1210,OFF
1,ec256,2,484,0.4807919613085687,2026-04-27T17:27:35,1210,OFF
1,ec256,2,485,0.4788750084117055,2026-04-27T17:27:35,1210,OFF
1,ec256,2,486,0.4766249912790954,2026-04-27T17:27:35,1210,OFF
1,ec256,2,487,0.4615830257534981,2026-04-27T17:27:35,1210,OFF
1,ec256,2,488,0.46274997293949127,2026-04-27T17:27:35,1210,OFF
1,ec256,2,489,0.4728750209324062,2026-04-27T17:27:35,1210,OFF
1,ec256,2,490,0.47916697803884745,2026-04-27T17:27:35,1210,OFF
1,ec256,2,491,0.48274995060637593,2026-04-27T17:27:35,1210,OFF
1,ec256,2,492,0.47983299009501934,2026-04-27T17:27:35,1210,OFF
1,ec256,2,493,0.49470795784145594,2026-04-27T17:27:35,1210,OFF
1,ec256,2,494,0.4802499897778034,2026-04-27T17:27:35,1210,OFF
1,ec256,2,495,0.4793340340256691,2026-04-27T17:27:35,1210,OFF
1,ec256,2,496,0.4848329699598253,2026-04-27T17:27:35,1210,OFF
1,ec256,2,497,0.4830829566344619,2026-04-27T17:27:35,1210,OFF
1,ec256,2,498,0.4730420187115669,2026-04-27T17:27:35,1210,OFF
1,ec256,2,499,0.47024997184053063,2026-04-27T17:27:35,1210,OFF
1,ec256,2,500,0.5298330215737224,2026-04-27T17:27:35,1210,OFF
1,ec256,2,501,0.49474998377263546,2026-04-27T17:27:35,1210,OFF
1,ec256,2,502,0.4915830213576555,2026-04-27T17:27:35,1210,OFF
1,ec256,2,503,0.49050000961869955,2026-04-27T17:27:35,1210,OFF
1,ec256,2,504,0.4800829919986427,2026-04-27T17:27:35,1210,OFF
1,ec256,2,505,0.48450002213940024,2026-04-27T17:27:35,1210,OFF
1,ec256,2,506,0.48570899525657296,2026-04-27T17:27:35,1210,OFF
1,ec256,2,507,0.4812920233234763,2026-04-27T17:27:35,1210,OFF
1,ec256,2,508,0.5400420050136745,2026-04-27T17:27:35,1210,OFF
1,ec256,2,509,0.49154198495671153,2026-04-27T17:27:35,1210,OFF
1,ec256,2,510,0.5107499891892076,2026-04-27T17:27:35,1210,OFF
1,ec256,2,511,0.5654999986290932,2026-04-27T17:27:35,1210,OFF
1,ec256,2,512,0.4897500039078295,2026-04-27T17:27:35,1210,OFF
1,ec256,2,513,0.4927499685436487,2026-04-27T17:27:35,1210,OFF
1,ec256,2,514,0.48649997916072607,2026-04-27T17:27:35,1210,OFF
1,ec256,2,515,0.4861669731326401,2026-04-27T17:27:35,1210,OFF
1,ec256,2,516,0.5165000329725444,2026-04-27T17:27:35,1210,OFF
1,ec256,2,517,0.4869590047746897,2026-04-27T17:27:35,1210,OFF
1,ec256,2,518,0.4844579962082207,2026-04-27T17:27:35,1210,OFF
1,ec256,2,519,0.4879999905824661,2026-04-27T17:27:35,1210,OFF
1,ec256,2,520,0.48129097558557987,2026-04-27T17:27:35,1210,OFF
1,ec256,2,521,0.47458300832659006,2026-04-27T17:27:35,1210,OFF
1,ec256,2,522,0.48566702753305435,2026-04-27T17:27:35,1210,OFF
1,ec256,2,523,0.4811669932678342,2026-04-27T17:27:35,1210,OFF
1,ec256,2,524,0.5453749909065664,2026-04-27T17:27:35,1210,OFF
1,ec256,2,525,0.4693749942816794,2026-04-27T17:27:35,1210,OFF
1,ec256,2,526,0.48916699597612023,2026-04-27T17:27:35,1210,OFF
1,ec256,2,527,0.4801250179298222,2026-04-27T17:27:35,1210,OFF
1,ec256,2,528,0.4832499544136226,2026-04-27T17:27:35,1210,OFF
1,ec256,2,529,0.48512499779462814,2026-04-27T17:27:35,1210,OFF
1,ec256,2,530,0.4980830126442015,2026-04-27T17:27:35,1210,OFF
1,ec256,2,531,0.4784579505212605,2026-04-27T17:27:35,1210,OFF
1,ec256,2,532,0.505290983710438,2026-04-27T17:27:35,1210,OFF
1,ec256,2,533,0.5003749975003302,2026-04-27T17:27:35,1210,OFF
1,ec256,2,534,0.4742500022985041,2026-04-27T17:27:35,1210,OFF
1,ec256,2,535,0.46266603749245405,2026-04-27T17:27:35,1210,OFF
1,ec256,2,536,0.46137499157339334,2026-04-27T17:27:35,1210,OFF
1,ec256,2,537,0.46129198744893074,2026-04-27T17:27:35,1210,OFF
1,ec256,2,538,0.4795409622602165,2026-04-27T17:27:35,1210,OFF
1,ec256,2,539,0.4755000118166208,2026-04-27T17:27:35,1210,OFF
1,ec256,2,540,0.4756659618578851,2026-04-27T17:27:35,1210,OFF
1,ec256,2,541,0.4805839853361249,2026-04-27T17:27:35,1210,OFF
1,ec256,2,542,0.4818749730475247,2026-04-27T17:27:35,1210,OFF
1,ec256,2,543,0.47858298057690263,2026-04-27T17:27:35,1210,OFF
1,ec256,2,544,0.4741250304505229,2026-04-27T17:27:35,1210,OFF
1,ec256,2,545,0.47741702292114496,2026-04-27T17:27:35,1210,OFF
1,ec256,2,546,0.48345798859372735,2026-04-27T17:27:35,1210,OFF
1,ec256,2,547,0.4733340465463698,2026-04-27T17:27:35,1210,OFF
1,ec256,2,548,0.5343329976312816,2026-04-27T17:27:35,1210,OFF
1,ec256,2,549,0.48225000500679016,2026-04-27T17:27:35,1210,OFF
1,ec256,2,550,0.4801250179298222,2026-04-27T17:27:35,1210,OFF
1,ec256,2,551,0.47862500650808215,2026-04-27T17:27:35,1210,OFF
1,ec256,2,552,0.47854200238361955,2026-04-27T17:27:35,1210,OFF
1,ec256,2,553,0.4749169456772506,2026-04-27T17:27:35,1210,OFF
1,ec256,2,554,0.47675002133473754,2026-04-27T17:27:35,1210,OFF
1,ec256,2,555,0.47912501031532884,2026-04-27T17:27:35,1210,OFF
1,ec256,2,556,0.48454198986291885,2026-04-27T17:27:35,1210,OFF
1,ec256,2,557,0.4794999840669334,2026-04-27T17:27:35,1210,OFF
1,ec256,2,558,0.4793750122189522,2026-04-27T17:27:35,1210,OFF
1,ec256,2,559,0.47791696852073073,2026-04-27T17:27:35,1210,OFF
1,ec256,2,560,0.5347080295905471,2026-04-27T17:27:35,1210,OFF
1,ec256,2,561,0.47508301213383675,2026-04-27T17:27:35,1210,OFF
1,ec256,2,562,0.5011670291423798,2026-04-27T17:27:35,1210,OFF
1,ec256,2,563,0.48391701420769095,2026-04-27T17:27:35,1210,OFF
1,ec256,2,564,0.48337498446926475,2026-04-27T17:27:35,1210,OFF
1,ec256,2,565,0.4830000107176602,2026-04-27T17:27:35,1210,OFF
1,ec256,2,566,0.48266700468957424,2026-04-27T17:27:35,1210,OFF
1,ec256,2,567,0.4742500022985041,2026-04-27T17:27:35,1210,OFF
1,ec256,2,568,0.48620899906381965,2026-04-27T17:27:35,1210,OFF
1,ec256,2,569,0.49041694728657603,2026-04-27T17:27:35,1210,OFF
1,ec256,2,570,0.4825830110348761,2026-04-27T17:27:35,1210,OFF
1,ec256,2,571,0.48337498446926475,2026-04-27T17:27:35,1210,OFF
1,ec256,2,572,0.48908399185165763,2026-04-27T17:27:35,1210,OFF
1,ec256,2,573,0.4944999818690121,2026-04-27T17:27:35,1210,OFF
1,ec256,2,574,0.49533299170434475,2026-04-27T17:27:35,1210,OFF
1,ec256,2,575,0.5410410230979323,2026-04-27T17:27:35,1210,OFF
1,ec256,2,576,0.4777080030180514,2026-04-27T17:27:35,1210,OFF
1,ec256,2,577,0.4895000020042062,2026-04-27T17:27:35,1210,OFF
1,ec256,2,578,0.4841250483877957,2026-04-27T17:27:35,1210,OFF
1,ec256,2,579,0.48329198034480214,2026-04-27T17:27:35,1210,OFF
1,ec256,2,580,0.4848749958910048,2026-04-27T17:27:35,1210,OFF
1,ec256,2,581,0.48266700468957424,2026-04-27T17:27:35,1210,OFF
1,ec256,2,582,0.4805420176126063,2026-04-27T17:27:35,1210,OFF
1,ec256,2,583,0.472041021566838,2026-04-27T17:27:35,1210,OFF
1,ec256,2,584,0.4616670194081962,2026-04-27T17:27:35,1210,OFF
1,ec256,2,585,0.4622500273399055,2026-04-27T17:27:35,1210,OFF
1,ec256,2,586,0.4835830186493695,2026-04-27T17:27:35,1210,OFF
1,ec256,2,587,0.47033297596499324,2026-04-27T17:27:35,1210,OFF
1,ec256,2,588,0.4819169989787042,2026-04-27T17:27:35,1210,OFF
1,ec256,2,589,0.4852919955737889,2026-04-27T17:27:35,1210,OFF
1,ec256,2,590,0.4774159751832485,2026-04-27T17:27:35,1210,OFF
1,ec256,2,591,0.4825419746339321,2026-04-27T17:27:35,1210,OFF
1,ec256,2,592,0.4825409851036966,2026-04-27T17:27:35,1210,OFF
1,ec256,2,593,0.4791659885086119,2026-04-27T17:27:35,1210,OFF
1,ec256,2,594,0.4807909717783332,2026-04-27T17:27:35,1210,OFF
1,ec256,2,595,0.4838330205529928,2026-04-27T17:27:35,1210,OFF
1,ec256,2,596,0.5124159506522119,2026-04-27T17:27:35,1210,OFF
1,ec256,2,597,0.5046660080552101,2026-04-27T17:27:35,1210,OFF
1,ec256,2,598,0.4669170011766255,2026-04-27T17:27:35,1210,OFF
1,ec256,2,599,0.5080419941805303,2026-04-27T17:27:35,1210,OFF
1,ec256,2,600,0.48220797907561064,2026-04-27T17:27:35,1210,OFF
1,ec256,2,601,0.48508401960134506,2026-04-27T17:27:35,1210,OFF
1,ec256,2,602,0.48404198605567217,2026-04-27T17:27:35,1210,OFF
1,ec256,2,603,0.47850003466010094,2026-04-27T17:27:35,1210,OFF
1,ec256,2,604,0.4800420138053596,2026-04-27T17:27:35,1210,OFF
1,ec256,2,605,0.48333301674574614,2026-04-27T17:27:35,1210,OFF
1,ec256,2,606,0.48099999548867345,2026-04-27T17:27:35,1210,OFF
1,ec256,2,607,0.4789580125361681,2026-04-27T17:27:35,1210,OFF
1,ec256,2,608,0.4615830257534981,2026-04-27T17:27:35,1210,OFF
1,ec256,2,609,0.4628330352716148,2026-04-27T17:27:35,1210,OFF
1,ec256,2,610,0.5210840026848018,2026-04-27T17:27:35,1210,OFF
1,ec256,2,611,0.496957974974066,2026-04-27T17:27:35,1210,OFF
1,ec256,2,612,0.47354097478091717,2026-04-27T17:27:35,1210,OFF
1,ec256,2,613,0.4860830376856029,2026-04-27T17:27:35,1210,OFF
1,ec256,2,614,0.48204197082668543,2026-04-27T17:27:35,1210,OFF
1,ec256,2,615,0.4822920309379697,2026-04-27T17:27:35,1210,OFF
1,ec256,2,616,0.49275002675130963,2026-04-27T17:27:35,1210,OFF
1,ec256,2,617,0.48029201570898294,2026-04-27T17:27:35,1210,OFF
1,ec256,2,618,0.48700004117563367,2026-04-27T17:27:35,1210,OFF
1,ec256,2,619,0.4743330064229667,2026-04-27T17:27:35,1210,OFF
1,ec256,2,620,0.5086659803055227,2026-04-27T17:27:35,1210,OFF
1,ec256,2,621,0.4962919629178941,2026-04-27T17:27:35,1210,OFF
1,ec256,2,622,0.4926249966956675,2026-04-27T17:27:35,1210,OFF
1,ec256,2,623,0.5876249633729458,2026-04-27T17:27:35,1210,OFF
1,ec256,2,624,0.4852919955737889,2026-04-27T17:27:35,1210,OFF
1,ec256,2,625,0.500582973472774,2026-04-27T17:27:35,1210,OFF
1,ec256,2,626,0.47987501602619886,2026-04-27T17:27:35,1210,OFF
1,ec256,2,627,0.4820410395041108,2026-04-27T17:27:35,1210,OFF
1,ec256,2,628,0.4872080171480775,2026-04-27T17:27:35,1210,OFF
1,ec256,2,629,0.48762501683086157,2026-04-27T17:27:35,1210,OFF
1,ec256,2,630,0.48037501983344555,2026-04-27T17:27:35,1210,OFF
1,ec256,2,631,0.4858340253122151,2026-04-27T17:27:35,1210,OFF
1,ec256,2,632,0.49720797687768936,2026-04-27T17:27:35,1210,OFF
1,ec256,2,633,0.47458300832659006,2026-04-27T17:27:35,1210,OFF
1,ec256,2,634,0.49270904855802655,2026-04-27T17:27:35,1210,OFF
1,ec256,2,635,0.4784159827977419,2026-04-27T17:27:35,1210,OFF
1,ec256,2,636,0.47562498366460204,2026-04-27T17:27:35,1210,OFF
1,ec256,2,637,0.4795839777216315,2026-04-27T17:27:35,1210,OFF
1,ec256,2,638,0.47683296725153923,2026-04-27T17:27:35,1210,OFF
1,ec256,2,639,0.4818750312551856,2026-04-27T17:27:35,1210,OFF
1,ec256,2,640,0.48287498066201806,2026-04-27T17:27:35,1210,OFF
1,ec256,2,641,0.4788749502040446,2026-04-27T17:27:35,1210,OFF
1,ec256,2,642,0.4831670084968209,2026-04-27T17:27:35,1210,OFF
1,ec256,2,643,0.4848749958910048,2026-04-27T17:27:35,1210,OFF
1,ec256,2,644,0.5111669888719916,2026-04-27T17:27:35,1210,OFF
1,ec256,2,645,0.521250010933727,2026-04-27T17:27:35,1210,OFF
1,ec256,2,646,0.46679098159074783,2026-04-27T17:27:35,1210,OFF
1,ec256,2,647,0.4835000145249069,2026-04-27T17:27:35,1210,OFF
1,ec256,2,648,0.4794999840669334,2026-04-27T17:27:35,1210,OFF
1,ec256,2,649,0.4794169799424708,2026-04-27T17:27:35,1210,OFF
1,ec256,2,650,0.4760000156238675,2026-04-27T17:27:35,1210,OFF
1,ec256,3,1,0.8743749931454659,2026-04-27T17:27:37,1821,OFF
1,ec256,3,2,0.8369579445570707,2026-04-27T17:27:37,1821,OFF
1,ec256,3,3,0.8111249771900475,2026-04-27T17:27:37,1821,OFF
1,ec256,3,4,0.7989170262590051,2026-04-27T17:27:37,1821,OFF
1,ec256,3,5,0.7989589939825237,2026-04-27T17:27:37,1821,OFF
1,ec256,3,6,0.8903330308385193,2026-04-27T17:27:37,1821,OFF
1,ec256,3,7,0.8297919994220138,2026-04-27T17:27:37,1821,OFF
1,ec256,3,8,0.7696659886278212,2026-04-27T17:27:37,1821,OFF
1,ec256,3,9,0.7409999961964786,2026-04-27T17:27:37,1821,OFF
1,ec256,3,10,0.7380410097539425,2026-04-27T17:27:37,1821,OFF
1,ec256,3,11,0.714458990842104,2026-04-27T17:27:37,1821,OFF
1,ec256,3,12,0.6927909562364221,2026-04-27T17:27:37,1821,OFF
1,ec256,3,13,0.6904579931870103,2026-04-27T17:27:37,1821,OFF
1,ec256,3,14,0.6902910536155105,2026-04-27T17:27:37,1821,OFF
1,ec256,3,15,0.7135840132832527,2026-04-27T17:27:37,1821,OFF
1,ec256,3,16,0.6780830444768071,2026-04-27T17:27:37,1821,OFF
1,ec256,3,17,0.6734590278938413,2026-04-27T17:27:37,1821,OFF
1,ec256,3,18,0.6557080196216702,2026-04-27T17:27:37,1821,OFF
1,ec256,3,19,0.6460830336436629,2026-04-27T17:27:37,1821,OFF
1,ec256,3,20,0.6566670490428805,2026-04-27T17:27:37,1821,OFF
1,ec256,3,21,0.6545420037582517,2026-04-27T17:27:37,1821,OFF
1,ec256,3,22,0.6600839551538229,2026-04-27T17:27:37,1821,OFF
1,ec256,3,23,0.6804169970564544,2026-04-27T17:27:37,1821,OFF
1,ec256,3,24,0.647209002636373,2026-04-27T17:27:37,1821,OFF
1,ec256,3,25,0.6433749804273248,2026-04-27T17:27:37,1821,OFF
1,ec256,3,26,0.634166004601866,2026-04-27T17:27:37,1821,OFF
1,ec256,3,27,0.6332920165732503,2026-04-27T17:27:37,1821,OFF
1,ec256,3,28,0.6264580297283828,2026-04-27T17:27:37,1821,OFF
1,ec256,3,29,0.6320420070551336,2026-04-27T17:27:37,1821,OFF
1,ec256,3,30,0.6317919469438493,2026-04-27T17:27:37,1821,OFF
1,ec256,3,31,0.6046670023351908,2026-04-27T17:27:37,1821,OFF
1,ec256,3,32,0.59795897686854,2026-04-27T17:27:37,1821,OFF
1,ec256,3,33,0.6193339941091835,2026-04-27T17:27:37,1821,OFF
1,ec256,3,34,0.6237089983187616,2026-04-27T17:27:37,1821,OFF
1,ec256,3,35,0.59983303071931,2026-04-27T17:27:37,1821,OFF
1,ec256,3,36,0.5934159853495657,2026-04-27T17:27:37,1821,OFF
1,ec256,3,37,0.5992500227876008,2026-04-27T17:27:37,1821,OFF
1,ec256,3,38,0.5945410230197012,2026-04-27T17:27:37,1821,OFF
1,ec256,3,39,0.5944999866187572,2026-04-27T17:27:37,1821,OFF
1,ec256,3,40,0.5912499618716538,2026-04-27T17:27:37,1821,OFF
1,ec256,3,41,0.5825000116601586,2026-04-27T17:27:37,1821,OFF
1,ec256,3,42,0.5884160054847598,2026-04-27T17:27:37,1821,OFF
1,ec256,3,43,0.5886669969186187,2026-04-27T17:27:37,1821,OFF
1,ec256,3,44,0.5751669523306191,2026-04-27T17:27:37,1821,OFF
1,ec256,3,45,0.6090000388212502,2026-04-27T17:27:37,1821,OFF
1,ec256,3,46,0.5929589970037341,2026-04-27T17:27:37,1821,OFF
1,ec256,3,47,0.5917499656789005,2026-04-27T17:27:37,1821,OFF
1,ec256,3,48,0.5761669599451125,2026-04-27T17:27:37,1821,OFF
1,ec256,3,49,0.5765000241808593,2026-04-27T17:27:37,1821,OFF
1,ec256,3,50,0.5770839634351432,2026-04-27T17:27:37,1821,OFF
1,ec256,3,51,0.5574999959208071,2026-04-27T17:27:37,1821,OFF
1,ec256,3,52,0.5598749849013984,2026-04-27T17:27:37,1821,OFF
1,ec256,3,53,0.5529170157387853,2026-04-27T17:27:37,1821,OFF
1,ec256,3,54,0.5730830016545951,2026-04-27T17:27:37,1821,OFF
1,ec256,3,55,0.5900420364923775,2026-04-27T17:27:37,1821,OFF
1,ec256,3,56,0.5710840341635048,2026-04-27T17:27:37,1821,OFF
1,ec256,3,57,0.5698750028386712,2026-04-27T17:27:37,1821,OFF
1,ec256,3,58,0.6007089978083968,2026-04-27T17:27:37,1821,OFF
1,ec256,3,59,0.5789579590782523,2026-04-27T17:27:37,1821,OFF
1,ec256,3,60,0.6790829938836396,2026-04-27T17:27:37,1821,OFF
1,ec256,3,61,0.601208012085408,2026-04-27T17:27:37,1821,OFF
1,ec256,3,62,0.5757079925388098,2026-04-27T17:27:37,1821,OFF
1,ec256,3,63,0.5826669512316585,2026-04-27T17:27:37,1821,OFF
1,ec256,3,64,0.5796659970656037,2026-04-27T17:27:37,1821,OFF
1,ec256,3,65,0.5502909771166742,2026-04-27T17:27:37,1821,OFF
1,ec256,3,66,0.7625829894095659,2026-04-27T17:27:37,1821,OFF
1,ec256,3,67,0.5281660123728216,2026-04-27T17:27:37,1821,OFF
1,ec256,3,68,0.5485000438056886,2026-04-27T17:27:37,1821,OFF
1,ec256,3,69,0.5391250015236437,2026-04-27T17:27:37,1821,OFF
1,ec256,3,70,0.5296660237945616,2026-04-27T17:27:37,1821,OFF
1,ec256,3,71,0.5335420137271285,2026-04-27T17:27:37,1821,OFF
1,ec256,3,72,0.525958021171391,2026-04-27T17:27:37,1821,OFF
1,ec256,3,73,0.5261250189505517,2026-04-27T17:27:37,1821,OFF
1,ec256,3,74,0.5132919759489596,2026-04-27T17:27:37,1821,OFF
1,ec256,3,75,0.5299169570207596,2026-04-27T17:27:37,1821,OFF
1,ec256,3,76,0.5452919867821038,2026-04-27T17:27:37,1821,OFF
1,ec256,3,77,0.5240410100668669,2026-04-27T17:27:37,1821,OFF
1,ec256,3,78,0.5311659770086408,2026-04-27T17:27:37,1821,OFF
1,ec256,3,79,0.5384170217439532,2026-04-27T17:27:37,1821,OFF
1,ec256,3,80,0.5285840015858412,2026-04-27T17:27:37,1821,OFF
1,ec256,3,81,0.5316250026226044,2026-04-27T17:27:37,1821,OFF
1,ec256,3,82,0.528500007931143,2026-04-27T17:27:37,1821,OFF
1,ec256,3,83,0.5269580287858844,2026-04-27T17:27:37,1821,OFF
1,ec256,3,84,0.5299579934217036,2026-04-27T17:27:37,1821,OFF
1,ec256,3,85,0.5263329949229956,2026-04-27T17:27:37,1821,OFF
1,ec256,3,86,0.574083998799324,2026-04-27T17:27:37,1821,OFF
1,ec256,3,87,0.5244589992798865,2026-04-27T17:27:37,1821,OFF
1,ec256,3,88,0.5290000117383897,2026-04-27T17:27:37,1821,OFF
1,ec256,3,89,0.5307910032570362,2026-04-27T17:27:37,1821,OFF
1,ec256,3,90,0.5294159636832774,2026-04-27T17:27:37,1821,OFF
1,ec256,3,91,0.5455839564092457,2026-04-27T17:27:37,1821,OFF
1,ec256,3,92,0.5286249797791243,2026-04-27T17:27:37,1821,OFF
1,ec256,3,93,0.5315830348990858,2026-04-27T17:27:37,1821,OFF
1,ec256,3,94,0.528500007931143,2026-04-27T17:27:37,1821,OFF
1,ec256,3,95,0.5279580364003778,2026-04-27T17:27:37,1821,OFF
1,ec256,3,96,0.5205419729463756,2026-04-27T17:27:37,1821,OFF
1,ec256,3,97,0.5128339980728924,2026-04-27T17:27:37,1821,OFF
1,ec256,3,98,0.5127909826114774,2026-04-27T17:27:37,1821,OFF
1,ec256,3,99,0.5336249596439302,2026-04-27T17:27:37,1821,OFF
1,ec256,3,100,0.5292910500429571,2026-04-27T17:27:37,1821,OFF
1,ec256,3,101,0.5312910070642829,2026-04-27T17:27:37,1821,OFF
1,ec256,3,102,0.5239160382188857,2026-04-27T17:27:37,1821,OFF
1,ec256,3,103,0.5285830120556056,2026-04-27T17:27:37,1821,OFF
1,ec256,3,104,0.5311660352163017,2026-04-27T17:27:37,1821,OFF
1,ec256,3,105,0.5305000231601298,2026-04-27T17:27:37,1821,OFF
1,ec256,3,106,0.5271250265650451,2026-04-27T17:27:37,1821,OFF
1,ec256,3,107,0.5372499581426382,2026-04-27T17:27:37,1821,OFF
1,ec256,3,108,0.597541977185756,2026-04-27T17:27:37,1821,OFF
1,ec256,3,109,0.555209000594914,2026-04-27T17:27:37,1821,OFF
1,ec256,3,110,0.5390830338001251,2026-04-27T17:27:37,1821,OFF
1,ec256,3,111,0.5438749794848263,2026-04-27T17:27:37,1821,OFF
1,ec256,3,112,0.5387919954955578,2026-04-27T17:27:37,1821,OFF
1,ec256,3,113,0.5334169836714864,2026-04-27T17:27:37,1821,OFF
1,ec256,3,114,0.5315419984981418,2026-04-27T17:27:37,1821,OFF
1,ec256,3,115,0.5278749740682542,2026-04-27T17:27:37,1821,OFF
1,ec256,3,116,0.5308750551193953,2026-04-27T17:27:37,1821,OFF
1,ec256,3,117,0.5575420218519866,2026-04-27T17:27:37,1821,OFF
1,ec256,3,118,0.5399170331656933,2026-04-27T17:27:37,1821,OFF
1,ec256,3,119,0.5126249743625522,2026-04-27T17:27:37,1821,OFF
1,ec256,3,120,0.5116669926792383,2026-04-27T17:27:37,1821,OFF
1,ec256,3,121,0.5419160006567836,2026-04-27T17:27:37,1821,OFF
1,ec256,3,122,0.5346249672584236,2026-04-27T17:27:37,1821,OFF
1,ec256,3,123,0.5188339855521917,2026-04-27T17:27:37,1821,OFF
1,ec256,3,124,0.5255829892121255,2026-04-27T17:27:37,1821,OFF
1,ec256,3,125,0.5244160420261323,2026-04-27T17:27:37,1821,OFF
1,ec256,3,126,0.5221669562160969,2026-04-27T17:27:37,1821,OFF
1,ec256,3,127,0.5453749909065664,2026-04-27T17:27:37,1821,OFF
1,ec256,3,128,0.5381249939091504,2026-04-27T17:27:37,1821,OFF
1,ec256,3,129,0.5229170201346278,2026-04-27T17:27:37,1821,OFF
1,ec256,3,130,0.5282080383040011,2026-04-27T17:27:37,1821,OFF
1,ec256,3,131,0.5938750109635293,2026-04-27T17:27:37,1821,OFF
1,ec256,3,132,0.5600000149570405,2026-04-27T17:27:37,1821,OFF
1,ec256,3,133,0.645708991214633,2026-04-27T17:27:37,1821,OFF
1,ec256,3,134,0.5382919916883111,2026-04-27T17:27:37,1821,OFF
1,ec256,3,135,0.5471250042319298,2026-04-27T17:27:37,1821,OFF
1,ec256,3,136,0.5350420251488686,2026-04-27T17:27:37,1821,OFF
1,ec256,3,137,0.5364170065149665,2026-04-27T17:27:37,1821,OFF
1,ec256,3,138,0.5329590057954192,2026-04-27T17:27:37,1821,OFF
1,ec256,3,139,0.5272920243442059,2026-04-27T17:27:37,1821,OFF
1,ec256,3,140,0.538207998033613,2026-04-27T17:27:37,1821,OFF
1,ec256,3,141,0.5097920075058937,2026-04-27T17:27:37,1821,OFF
1,ec256,3,142,0.5158749991096556,2026-04-27T17:27:37,1821,OFF
1,ec256,3,143,0.5460829706862569,2026-04-27T17:27:37,1821,OFF
1,ec256,3,144,0.5261669866740704,2026-04-27T17:27:37,1821,OFF
1,ec256,3,145,0.515083025675267,2026-04-27T17:27:37,1821,OFF
1,ec256,3,146,0.5304579972289503,2026-04-27T17:27:37,1821,OFF
1,ec256,3,147,0.5312919965945184,2026-04-27T17:27:37,1821,OFF
1,ec256,3,148,0.5305830272845924,2026-04-27T17:27:37,1821,OFF
1,ec256,3,149,0.5301249912008643,2026-04-27T17:27:37,1821,OFF
1,ec256,3,150,0.5095419473946095,2026-04-27T17:27:37,1821,OFF
1,ec256,3,151,0.5052500055171549,2026-04-27T17:27:37,1821,OFF
1,ec256,3,152,0.5072079948149621,2026-04-27T17:27:37,1821,OFF
1,ec256,3,153,0.5957080284133554,2026-04-27T17:27:37,1821,OFF
1,ec256,3,154,0.5022920086048543,2026-04-27T17:27:37,1821,OFF
1,ec256,3,155,0.5328329862095416,2026-04-27T17:27:37,1821,OFF
1,ec256,3,156,0.5115839885547757,2026-04-27T17:27:37,1821,OFF
1,ec256,3,157,0.510042009409517,2026-04-27T17:27:37,1821,OFF
1,ec256,3,158,0.507500022649765,2026-04-27T17:27:37,1821,OFF
1,ec256,3,159,0.5626660422421992,2026-04-27T17:27:37,1821,OFF
1,ec256,3,160,0.4937920020893216,2026-04-27T17:27:37,1821,OFF
1,ec256,3,161,0.5217499565333128,2026-04-27T17:27:37,1821,OFF
1,ec256,3,162,0.5020829848945141,2026-04-27T17:27:37,1821,OFF
1,ec256,3,163,0.503125018440187,2026-04-27T17:27:37,1821,OFF
1,ec256,3,164,0.5025830469094217,2026-04-27T17:27:37,1821,OFF
1,ec256,3,165,0.5010419990867376,2026-04-27T17:27:37,1821,OFF
1,ec256,3,166,0.505667005199939,2026-04-27T17:27:37,1821,OFF
1,ec256,3,167,0.5044169956818223,2026-04-27T17:27:37,1821,OFF
1,ec256,3,168,0.5669580423273146,2026-04-27T17:27:37,1821,OFF
1,ec256,3,169,0.5136249819770455,2026-04-27T17:27:37,1821,OFF
1,ec256,3,170,0.5089999758638442,2026-04-27T17:27:37,1821,OFF
1,ec256,3,171,0.5088750040158629,2026-04-27T17:27:37,1821,OFF
1,ec256,3,172,0.5073329666629434,2026-04-27T17:27:37,1821,OFF
1,ec256,3,173,0.5062920390628278,2026-04-27T17:27:37,1821,OFF
1,ec256,3,174,0.504625029861927,2026-04-27T17:27:37,1821,OFF
1,ec256,3,175,0.5050409818068147,2026-04-27T17:27:37,1821,OFF
1,ec256,3,176,0.5434170016087592,2026-04-27T17:27:37,1821,OFF
1,ec256,3,177,0.5413329927250743,2026-04-27T17:27:37,1821,OFF
1,ec256,3,178,0.5336249596439302,2026-04-27T17:27:37,1821,OFF
1,ec256,3,179,0.6115829455666244,2026-04-27T17:27:37,1821,OFF
1,ec256,3,180,0.5147499614395201,2026-04-27T17:27:37,1821,OFF
1,ec256,3,181,0.5090410122647882,2026-04-27T17:27:37,1821,OFF
1,ec256,3,182,0.5086250021122396,2026-04-27T17:27:37,1821,OFF
1,ec256,3,183,0.5339169874787331,2026-04-27T17:27:37,1821,OFF
1,ec256,3,184,0.5379999638535082,2026-04-27T17:27:37,1821,OFF
1,ec256,3,185,0.5187920178286731,2026-04-27T17:27:37,1821,OFF
1,ec256,3,186,0.5310419946908951,2026-04-27T17:27:37,1821,OFF
1,ec256,3,187,0.5163750029169023,2026-04-27T17:27:37,1821,OFF
1,ec256,3,188,0.5126250325702131,2026-04-27T17:27:37,1821,OFF
1,ec256,3,189,0.5072499625384808,2026-04-27T17:27:37,1821,OFF
1,ec256,3,190,0.5422909744083881,2026-04-27T17:27:37,1821,OFF
1,ec256,3,191,0.5312089924700558,2026-04-27T17:27:37,1821,OFF
1,ec256,3,192,0.5282910424284637,2026-04-27T17:27:37,1821,OFF
1,ec256,3,193,0.522000016644597,2026-04-27T17:27:37,1821,OFF
1,ec256,3,194,0.524875009432435,2026-04-27T17:27:37,1821,OFF
1,ec256,3,195,0.523374998010695,2026-04-27T17:27:37,1821,OFF
1,ec256,3,196,0.525916984770447,2026-04-27T17:27:37,1821,OFF
1,ec256,3,197,0.5320420023053885,2026-04-27T17:27:37,1821,OFF
1,ec256,3,198,0.537124986294657,2026-04-27T17:27:37,1821,OFF
1,ec256,3,199,0.592124997638166,2026-04-27T17:27:37,1821,OFF
1,ec256,3,200,0.5686249933205545,2026-04-27T17:27:37,1821,OFF
1,ec256,3,201,0.5486249574460089,2026-04-27T17:27:37,1821,OFF
1,ec256,3,202,0.5377500201575458,2026-04-27T17:27:37,1821,OFF
1,ec256,3,203,0.5348339909687638,2026-04-27T17:27:37,1821,OFF
1,ec256,3,204,0.535333005245775,2026-04-27T17:27:37,1821,OFF
1,ec256,3,205,0.5272499984130263,2026-04-27T17:27:37,1821,OFF
1,ec256,3,206,0.5262500490061939,2026-04-27T17:27:37,1821,OFF
1,ec256,3,207,0.5376249901019037,2026-04-27T17:27:37,1821,OFF
1,ec256,3,208,0.5252090049907565,2026-04-27T17:27:37,1821,OFF
1,ec256,3,209,0.5879579694010317,2026-04-27T17:27:37,1821,OFF
1,ec256,3,210,0.5268339882604778,2026-04-27T17:27:37,1821,OFF
1,ec256,3,211,0.5319589981809258,2026-04-27T17:27:37,1821,OFF
1,ec256,3,212,0.547667033970356,2026-04-27T17:27:37,1821,OFF
1,ec256,3,213,0.5228749942034483,2026-04-27T17:27:37,1821,OFF
1,ec256,3,214,0.5293749854899943,2026-04-27T17:27:37,1821,OFF
1,ec256,3,215,0.5146660259924829,2026-04-27T17:27:37,1821,OFF
1,ec256,3,216,0.514750019647181,2026-04-27T17:27:37,1821,OFF
1,ec256,3,217,0.5406670388765633,2026-04-27T17:27:37,1821,OFF
1,ec256,3,218,0.5104999872855842,2026-04-27T17:27:37,1821,OFF
1,ec256,3,219,0.5242499755695462,2026-04-27T17:27:37,1821,OFF
1,ec256,3,220,0.5250830436125398,2026-04-27T17:27:37,1821,OFF
1,ec256,3,221,0.5294579896144569,2026-04-27T17:27:37,1821,OFF
1,ec256,3,222,0.5707499803975224,2026-04-27T17:27:37,1821,OFF
1,ec256,3,223,0.5797499907203019,2026-04-27T17:27:37,1821,OFF
1,ec256,3,224,0.6127089727669954,2026-04-27T17:27:37,1821,OFF
1,ec256,3,225,0.522709044162184,2026-04-27T17:27:37,1821,OFF
1,ec256,3,226,0.538624997716397,2026-04-27T17:27:37,1821,OFF
1,ec256,3,227,0.5329170380719006,2026-04-27T17:27:37,1821,OFF
1,ec256,3,228,0.5289159598760307,2026-04-27T17:27:37,1821,OFF
1,ec256,3,229,0.5284170038066804,2026-04-27T17:27:37,1821,OFF
1,ec256,3,230,0.5220419843681157,2026-04-27T17:27:37,1821,OFF
1,ec256,3,231,0.5297919851727784,2026-04-27T17:27:37,1821,OFF
1,ec256,3,232,0.5227919900789857,2026-04-27T17:27:37,1821,OFF
1,ec256,3,233,0.5083750002086163,2026-04-27T17:27:37,1821,OFF
1,ec256,3,234,0.5098339752294123,2026-04-27T17:27:37,1821,OFF
1,ec256,3,235,0.5336250178515911,2026-04-27T17:27:37,1821,OFF
1,ec256,3,236,0.5284160142764449,2026-04-27T17:27:37,1821,OFF
1,ec256,3,237,0.5296670133247972,2026-04-27T17:27:37,1821,OFF
1,ec256,3,238,0.5285420338623226,2026-04-27T17:27:37,1821,OFF
1,ec256,3,239,0.5408750148490071,2026-04-27T17:27:37,1821,OFF
1,ec256,3,240,0.5248749512247741,2026-04-27T17:27:37,1821,OFF
1,ec256,3,241,0.5161670269444585,2026-04-27T17:27:37,1821,OFF
1,ec256,3,242,0.5244999774731696,2026-04-27T17:27:37,1821,OFF
1,ec256,3,243,0.5475410143844783,2026-04-27T17:27:38,1821,OFF
1,ec256,3,244,0.5488339811563492,2026-04-27T17:27:38,1821,OFF
1,ec256,3,245,0.5419999943114817,2026-04-27T17:27:38,1821,OFF
1,ec256,3,246,0.5329580162651837,2026-04-27T17:27:38,1821,OFF
1,ec256,3,247,0.5286249797791243,2026-04-27T17:27:38,1821,OFF
1,ec256,3,248,0.5312910070642829,2026-04-27T17:27:38,1821,OFF
1,ec256,3,249,0.5257919547148049,2026-04-27T17:27:38,1821,OFF
1,ec256,3,250,0.529583019670099,2026-04-27T17:27:38,1821,OFF
1,ec256,3,251,0.5289169494062662,2026-04-27T17:27:38,1821,OFF
1,ec256,3,252,0.5281249759718776,2026-04-27T17:27:38,1821,OFF
1,ec256,3,253,0.5262090126052499,2026-04-27T17:27:38,1821,OFF
1,ec256,3,254,0.5367909907363355,2026-04-27T17:27:38,1821,OFF
1,ec256,3,255,0.5230829701758921,2026-04-27T17:27:38,1821,OFF
1,ec256,3,256,0.510707963258028,2026-04-27T17:27:38,1821,OFF
1,ec256,3,257,0.5257920129224658,2026-04-27T17:27:38,1821,OFF
1,ec256,3,258,0.5344999954104424,2026-04-27T17:27:38,1821,OFF
1,ec256,3,259,0.5629159859381616,2026-04-27T17:27:38,1821,OFF
1,ec256,3,260,0.5132920341566205,2026-04-27T17:27:38,1821,OFF
1,ec256,3,261,0.5572499940171838,2026-04-27T17:27:38,1821,OFF
1,ec256,3,262,0.5355419707484543,2026-04-27T17:27:38,1821,OFF
1,ec256,3,263,0.5308749969117343,2026-04-27T17:27:38,1821,OFF
1,ec256,3,264,0.5289170076139271,2026-04-27T17:27:38,1821,OFF
1,ec256,3,265,0.5245420034043491,2026-04-27T17:27:38,1821,OFF
1,ec256,3,266,0.5501669947989285,2026-04-27T17:27:38,1821,OFF
1,ec256,3,267,0.6663330132141709,2026-04-27T17:27:38,1821,OFF
1,ec256,3,268,0.5395410116761923,2026-04-27T17:27:38,1821,OFF
1,ec256,3,269,0.6412090151570737,2026-04-27T17:27:38,1821,OFF
1,ec256,3,270,0.5399590008892119,2026-04-27T17:27:38,1821,OFF
1,ec256,3,271,0.5476250080391765,2026-04-27T17:27:38,1821,OFF
1,ec256,3,272,0.5271669942885637,2026-04-27T17:27:38,1821,OFF
1,ec256,3,273,0.5478749517351389,2026-04-27T17:27:38,1821,OFF
1,ec256,3,274,0.5292500136420131,2026-04-27T17:27:38,1821,OFF
1,ec256,3,275,0.528082950040698,2026-04-27T17:27:38,1821,OFF
1,ec256,3,276,0.5149579956196249,2026-04-27T17:27:38,1821,OFF
1,ec256,3,277,0.5190409719944,2026-04-27T17:27:38,1821,OFF
1,ec256,3,278,0.5174159887246788,2026-04-27T17:27:38,1821,OFF
1,ec256,3,279,0.5282079800963402,2026-04-27T17:27:38,1821,OFF
1,ec256,3,280,0.550209020730108,2026-04-27T17:27:38,1821,OFF
1,ec256,3,281,0.522624992299825,2026-04-27T17:27:38,1821,OFF
1,ec256,3,282,0.5277919699437916,2026-04-27T17:27:38,1821,OFF
1,ec256,3,283,0.5317910108715296,2026-04-27T17:27:38,1821,OFF
1,ec256,3,284,0.5295829614624381,2026-04-27T17:27:38,1821,OFF
1,ec256,3,285,0.5280000041238964,2026-04-27T17:27:38,1821,OFF
1,ec256,3,286,0.5299589829519391,2026-04-27T17:27:38,1821,OFF
1,ec256,3,287,0.5302499630488455,2026-04-27T17:27:38,1821,OFF
1,ec256,3,288,0.5297919851727784,2026-04-27T17:27:38,1821,OFF
1,ec256,3,289,0.5818339996039867,2026-04-27T17:27:38,1821,OFF
1,ec256,3,290,0.5773750017397106,2026-04-27T17:27:38,1821,OFF
1,ec256,3,291,0.5647910293191671,2026-04-27T17:27:38,1821,OFF
1,ec256,3,292,0.5434170016087592,2026-04-27T17:27:38,1821,OFF
1,ec256,3,293,0.5295420414768159,2026-04-27T17:27:38,1821,OFF
1,ec256,3,294,0.5314170266501606,2026-04-27T17:27:38,1821,OFF
1,ec256,3,295,0.5316250026226044,2026-04-27T17:27:38,1821,OFF
1,ec256,3,296,0.5292500136420131,2026-04-27T17:27:38,1821,OFF
1,ec256,3,297,0.5253750132396817,2026-04-27T17:27:38,1821,OFF
1,ec256,3,298,0.5296249873936176,2026-04-27T17:27:38,1821,OFF
1,ec256,3,299,0.5303749931044877,2026-04-27T17:27:38,1821,OFF
1,ec256,3,300,0.5116249667480588,2026-04-27T17:27:38,1821,OFF
1,ec256,3,301,0.5103749572299421,2026-04-27T17:27:38,1821,OFF
1,ec256,3,302,0.5271249683573842,2026-04-27T17:27:38,1821,OFF
1,ec256,3,303,0.5299170152284205,2026-04-27T17:27:38,1821,OFF
1,ec256,3,304,0.5277080344967544,2026-04-27T17:27:38,1821,OFF
1,ec256,3,305,0.5424999981187284,2026-04-27T17:27:38,1821,OFF
1,ec256,3,306,0.5272920243442059,2026-04-27T17:27:38,1821,OFF
1,ec256,3,307,0.5292909918352962,2026-04-27T17:27:38,1821,OFF
1,ec256,3,308,0.5292089772410691,2026-04-27T17:27:38,1821,OFF
1,ec256,3,309,0.5777499754913151,2026-04-27T17:27:38,1821,OFF
1,ec256,3,310,0.5337079637683928,2026-04-27T17:27:38,1821,OFF
1,ec256,3,311,0.5615830305032432,2026-04-27T17:27:38,1821,OFF
1,ec256,3,312,0.5560829886235297,2026-04-27T17:27:38,1821,OFF
1,ec256,3,313,0.5672920378856361,2026-04-27T17:27:38,1821,OFF
1,ec256,3,314,0.6851250072941184,2026-04-27T17:27:38,1821,OFF
1,ec256,3,315,0.5135409883223474,2026-04-27T17:27:38,1821,OFF
1,ec256,3,316,0.5337499896995723,2026-04-27T17:27:38,1821,OFF
1,ec256,3,317,0.5594169488176703,2026-04-27T17:27:38,1821,OFF
1,ec256,3,318,0.537874992005527,2026-04-27T17:27:38,1821,OFF
1,ec256,3,319,0.5282079800963402,2026-04-27T17:27:38,1821,OFF
1,ec256,3,320,0.5281670019030571,2026-04-27T17:27:38,1821,OFF
1,ec256,3,321,0.557374965865165,2026-04-27T17:27:38,1821,OFF
1,ec256,3,322,0.5091250059194863,2026-04-27T17:27:38,1821,OFF
1,ec256,3,323,0.5093750078231096,2026-04-27T17:27:38,1821,OFF
1,ec256,3,324,0.5335829919204116,2026-04-27T17:27:38,1821,OFF
1,ec256,3,325,0.5493329954333603,2026-04-27T17:27:38,1821,OFF
1,ec256,3,326,0.5664590280503035,2026-04-27T17:27:38,1821,OFF
1,ec256,3,327,0.5472920020110905,2026-04-27T17:27:38,1821,OFF
1,ec256,3,328,0.5403750110417604,2026-04-27T17:27:38,1821,OFF
1,ec256,3,329,0.5453330231830478,2026-04-27T17:27:38,1821,OFF
1,ec256,3,330,0.531334022525698,2026-04-27T17:27:38,1821,OFF
1,ec256,3,331,0.5319160409271717,2026-04-27T17:27:38,1821,OFF
1,ec256,3,332,0.532749982085079,2026-04-27T17:27:38,1821,OFF
1,ec256,3,333,0.5252499831840396,2026-04-27T17:27:38,1821,OFF
1,ec256,3,334,0.5887500010430813,2026-04-27T17:27:38,1821,OFF
1,ec256,3,335,0.5222079926170409,2026-04-27T17:27:38,1821,OFF
1,ec256,3,336,0.5413329927250743,2026-04-27T17:27:38,1821,OFF
1,ec256,3,337,0.5391670274548233,2026-04-27T17:27:38,1821,OFF
1,ec256,3,338,0.5391250015236437,2026-04-27T17:27:38,1821,OFF
1,ec256,3,339,0.5374160245992243,2026-04-27T17:27:38,1821,OFF
1,ec256,3,340,0.5333750159479678,2026-04-27T17:27:38,1821,OFF
1,ec256,3,341,0.5357500049285591,2026-04-27T17:27:38,1821,OFF
1,ec256,3,342,0.5324170342646539,2026-04-27T17:27:38,1821,OFF
1,ec256,3,343,0.5315830348990858,2026-04-27T17:27:38,1821,OFF
1,ec256,3,344,0.5222500185482204,2026-04-27T17:27:38,1821,OFF
1,ec256,3,345,0.5144170136190951,2026-04-27T17:27:38,1821,OFF
1,ec256,3,346,0.5332920118235052,2026-04-27T17:27:38,1821,OFF
1,ec256,3,347,0.5491669871844351,2026-04-27T17:27:38,1821,OFF
1,ec256,3,348,0.5270830006338656,2026-04-27T17:27:38,1821,OFF
1,ec256,3,349,0.5275830044411123,2026-04-27T17:27:38,1821,OFF
1,ec256,3,350,0.5262920167297125,2026-04-27T17:27:38,1821,OFF
1,ec256,3,351,0.5272499984130263,2026-04-27T17:27:38,1821,OFF
1,ec256,3,352,0.5275419680401683,2026-04-27T17:27:38,1821,OFF
1,ec256,3,353,0.526334042660892,2026-04-27T17:27:38,1821,OFF
1,ec256,3,354,0.5252079572528601,2026-04-27T17:27:38,1821,OFF
1,ec256,3,355,0.5660410388372838,2026-04-27T17:27:38,1821,OFF
1,ec256,3,356,0.5439590313471854,2026-04-27T17:27:38,1821,OFF
1,ec256,3,357,0.5374579923227429,2026-04-27T17:27:38,1821,OFF
1,ec256,3,358,0.5449579912237823,2026-04-27T17:27:38,1821,OFF
1,ec256,3,359,0.5797920166514814,2026-04-27T17:27:38,1821,OFF
1,ec256,3,360,0.522624992299825,2026-04-27T17:27:38,1821,OFF
1,ec256,3,361,0.5424160044640303,2026-04-27T17:27:38,1821,OFF
1,ec256,3,362,0.5270830006338656,2026-04-27T17:27:38,1821,OFF
1,ec256,3,363,0.525916984770447,2026-04-27T17:27:38,1821,OFF
1,ec256,3,364,0.5244170315563679,2026-04-27T17:27:38,1821,OFF
1,ec256,3,365,0.526667048688978,2026-04-27T17:27:38,1821,OFF
1,ec256,3,366,0.5265420186333358,2026-04-27T17:27:38,1821,OFF
1,ec256,3,367,0.5252909613773227,2026-04-27T17:27:38,1821,OFF
1,ec256,3,368,0.5171250086277723,2026-04-27T17:27:38,1821,OFF
1,ec256,3,369,0.5305830272845924,2026-04-27T17:27:38,1821,OFF
1,ec256,3,370,0.5316250026226044,2026-04-27T17:27:38,1821,OFF
1,ec256,3,371,0.543333007954061,2026-04-27T17:27:38,1821,OFF
1,ec256,3,372,0.5332499858923256,2026-04-27T17:27:38,1821,OFF
1,ec256,3,373,0.530916964635253,2026-04-27T17:27:38,1821,OFF
1,ec256,3,374,0.5352079751901329,2026-04-27T17:27:38,1821,OFF
1,ec256,3,375,0.528415956068784,2026-04-27T17:27:38,1821,OFF
1,ec256,3,376,0.5327090038917959,2026-04-27T17:27:38,1821,OFF
1,ec256,3,377,0.5365840042941272,2026-04-27T17:27:38,1821,OFF
1,ec256,3,378,0.5318750045262277,2026-04-27T17:27:38,1821,OFF
1,ec256,3,379,0.543333007954061,2026-04-27T17:27:38,1821,OFF
1,ec256,3,380,0.5630410159938037,2026-04-27T17:27:38,1821,OFF
1,ec256,3,381,0.648333050776273,2026-04-27T17:27:38,1821,OFF
1,ec256,3,382,0.540040957275778,2026-04-27T17:27:38,1821,OFF
1,ec256,3,383,0.5344999954104424,2026-04-27T17:27:38,1821,OFF
1,ec256,3,384,0.5245420034043491,2026-04-27T17:27:38,1821,OFF
1,ec256,3,385,0.5323750083334744,2026-04-27T17:27:38,1821,OFF
1,ec256,3,386,0.5319589981809258,2026-04-27T17:27:38,1821,OFF
1,ec256,3,387,0.5527500179596245,2026-04-27T17:27:38,1821,OFF
1,ec256,3,388,0.5351249710656703,2026-04-27T17:27:38,1821,OFF
1,ec256,3,389,0.5209579830989242,2026-04-27T17:27:38,1821,OFF
1,ec256,3,390,0.5137919797562063,2026-04-27T17:27:38,1821,OFF
1,ec256,3,391,0.5432909820228815,2026-04-27T17:27:38,1821,OFF
1,ec256,3,392,0.5297079915180802,2026-04-27T17:27:38,1821,OFF
1,ec256,3,393,0.5227089859545231,2026-04-27T17:27:38,1821,OFF
1,ec256,3,394,0.5323750083334744,2026-04-27T17:27:38,1821,OFF
1,ec256,3,395,0.530291988980025,2026-04-27T17:27:38,1821,OFF
1,ec256,3,396,0.529874989297241,2026-04-27T17:27:38,1821,OFF
1,ec256,3,397,0.52920903544873,2026-04-27T17:27:38,1821,OFF
1,ec256,3,398,0.5253750132396817,2026-04-27T17:27:38,1821,OFF
1,ec256,3,399,0.530958001036197,2026-04-27T17:27:38,1821,OFF
1,ec256,3,400,0.5291660199873149,2026-04-27T17:27:38,1821,OFF
1,ec256,3,401,0.6401250138878822,2026-04-27T17:27:38,1821,OFF
1,ec256,3,402,0.547999981790781,2026-04-27T17:27:38,1821,OFF
1,ec256,3,403,0.5480830441229045,2026-04-27T17:27:38,1821,OFF
1,ec256,3,404,0.5347079713828862,2026-04-27T17:27:38,1821,OFF
1,ec256,3,405,0.5344160017557442,2026-04-27T17:27:38,1821,OFF
1,ec256,3,406,0.5314589943736792,2026-04-27T17:27:38,1821,OFF
1,ec256,3,407,0.5314999725669622,2026-04-27T17:27:38,1821,OFF
1,ec256,3,408,0.5225000204518437,2026-04-27T17:27:38,1821,OFF
1,ec256,3,409,0.5905419820919633,2026-04-27T17:27:38,1821,OFF
1,ec256,3,410,0.5199579754844308,2026-04-27T17:27:38,1821,OFF
1,ec256,3,411,0.524125003721565,2026-04-27T17:27:38,1821,OFF
1,ec256,3,412,0.5151249933987856,2026-04-27T17:27:38,1821,OFF
1,ec256,3,413,0.5136670079082251,2026-04-27T17:27:38,1821,OFF
1,ec256,3,414,0.5387089913710952,2026-04-27T17:27:38,1821,OFF
1,ec256,3,415,0.533541024196893,2026-04-27T17:27:38,1821,OFF
1,ec256,3,416,0.5253340350463986,2026-04-27T17:27:38,1821,OFF
1,ec256,3,417,0.559499952942133,2026-04-27T17:27:38,1821,OFF
1,ec256,3,418,0.5306670209392905,2026-04-27T17:27:38,1821,OFF
1,ec256,3,419,0.5455000209622085,2026-04-27T17:27:38,1821,OFF
1,ec256,3,420,0.5319589981809258,2026-04-27T17:27:38,1821,OFF
1,ec256,3,421,0.5289590335451066,2026-04-27T17:27:38,1821,OFF
1,ec256,3,422,0.548417039681226,2026-04-27T17:27:38,1821,OFF
1,ec256,3,423,0.5501670530065894,2026-04-27T17:27:38,1821,OFF
1,ec256,3,424,0.552999961655587,2026-04-27T17:27:38,1821,OFF
1,ec256,3,425,0.5524999578483403,2026-04-27T17:27:38,1821,OFF
1,ec256,3,426,0.5437089712359011,2026-04-27T17:27:38,1821,OFF
1,ec256,3,427,0.5351669969968498,2026-04-27T17:27:38,1821,OFF
1,ec256,3,428,0.5286660161800683,2026-04-27T17:27:38,1821,OFF
1,ec256,3,429,0.5309170228429139,2026-04-27T17:27:38,1821,OFF
1,ec256,3,430,0.5300829652696848,2026-04-27T17:27:38,1821,OFF
1,ec256,3,431,0.5326660466380417,2026-04-27T17:27:38,1821,OFF
1,ec256,3,432,0.5261250189505517,2026-04-27T17:27:38,1821,OFF
1,ec256,3,433,0.5293329595588148,2026-04-27T17:27:38,1821,OFF
1,ec256,3,434,0.5162500310689211,2026-04-27T17:27:38,1821,OFF
1,ec256,3,435,0.5283749778755009,2026-04-27T17:27:38,1821,OFF
1,ec256,3,436,0.5388329736888409,2026-04-27T17:27:38,1821,OFF
1,ec256,3,437,0.5362909869290888,2026-04-27T17:27:38,1821,OFF
1,ec256,3,438,0.5318329785950482,2026-04-27T17:27:38,1821,OFF
1,ec256,3,439,0.5302500212565064,2026-04-27T17:27:38,1821,OFF
1,ec256,3,440,0.5234159762039781,2026-04-27T17:27:38,1821,OFF
1,ec256,3,441,0.528082950040698,2026-04-27T17:27:38,1821,OFF
1,ec256,3,442,0.5265829968266189,2026-04-27T17:27:38,1821,OFF
1,ec256,3,443,0.5292919813655317,2026-04-27T17:27:38,1821,OFF
1,ec256,3,444,0.5254999850876629,2026-04-27T17:27:38,1821,OFF
1,ec256,3,445,0.5874590133316815,2026-04-27T17:27:38,1821,OFF
1,ec256,3,446,0.5402499809861183,2026-04-27T17:27:38,1821,OFF
1,ec256,3,447,0.5331250140443444,2026-04-27T17:27:38,1821,OFF
1,ec256,3,448,0.524875009432435,2026-04-27T17:27:38,1821,OFF
1,ec256,3,449,0.5300420452840626,2026-04-27T17:27:38,1821,OFF
1,ec256,3,450,0.5337080219760537,2026-04-27T17:27:38,1821,OFF
1,ec256,3,451,0.543666013982147,2026-04-27T17:27:38,1821,OFF
1,ec256,3,452,0.5281660123728216,2026-04-27T17:27:38,1821,OFF
1,ec256,3,453,0.5261250189505517,2026-04-27T17:27:38,1821,OFF
1,ec256,3,454,0.5313330329954624,2026-04-27T17:27:38,1821,OFF
1,ec256,3,455,0.527750002220273,2026-04-27T17:27:38,1821,OFF
1,ec256,3,456,0.5264579667709768,2026-04-27T17:27:38,1821,OFF
1,ec256,3,457,0.507833028677851,2026-04-27T17:27:38,1821,OFF
1,ec256,3,458,0.5090829799883068,2026-04-27T17:27:38,1821,OFF
1,ec256,3,459,0.6168329855427146,2026-04-27T17:27:38,1821,OFF
1,ec256,3,460,0.517958018463105,2026-04-27T17:27:38,1821,OFF
1,ec256,3,461,0.5354579770937562,2026-04-27T17:27:38,1821,OFF
1,ec256,3,462,0.5300409975461662,2026-04-27T17:27:38,1821,OFF
1,ec256,3,463,0.5312919965945184,2026-04-27T17:27:38,1821,OFF
1,ec256,3,464,0.5275000003166497,2026-04-27T17:27:38,1821,OFF
1,ec256,3,465,0.5237080040387809,2026-04-27T17:27:38,1821,OFF
1,ec256,3,466,0.5156660336069763,2026-04-27T17:27:38,1821,OFF
1,ec256,3,467,0.5932089989073575,2026-04-27T17:27:38,1821,OFF
1,ec256,3,468,0.5491250194609165,2026-04-27T17:27:38,1821,OFF
1,ec256,3,469,0.552416022401303,2026-04-27T17:27:38,1821,OFF
1,ec256,3,470,0.5474580102600157,2026-04-27T17:27:38,1821,OFF
1,ec256,3,471,0.5394580075517297,2026-04-27T17:27:38,1821,OFF
1,ec256,3,472,0.5332499858923256,2026-04-27T17:27:38,1821,OFF
1,ec256,3,473,0.5334159941412508,2026-04-27T17:27:38,1821,OFF
1,ec256,3,474,0.5346669931896031,2026-04-27T17:27:38,1821,OFF
1,ec256,3,475,0.5282080383040011,2026-04-27T17:27:38,1821,OFF
1,ec256,3,476,0.5312080029398203,2026-04-27T17:27:38,1821,OFF
1,ec256,3,477,0.5339999916031957,2026-04-27T17:27:38,1821,OFF
1,ec256,3,478,0.5373340100049973,2026-04-27T17:27:38,1821,OFF
1,ec256,3,479,0.5152920493856072,2026-04-27T17:27:38,1821,OFF
1,ec256,3,480,0.5146249895915389,2026-04-27T17:27:38,1821,OFF
1,ec256,3,481,0.516875006724149,2026-04-27T17:27:38,1821,OFF
1,ec256,3,482,0.5202079773880541,2026-04-27T17:27:38,1821,OFF
1,ec256,3,483,0.5200830055400729,2026-04-27T17:27:38,1821,OFF
1,ec256,3,484,0.5297079915180802,2026-04-27T17:27:38,1821,OFF
1,ec256,3,485,0.5297079915180802,2026-04-27T17:27:38,1821,OFF
1,ec256,3,486,0.5504579748958349,2026-04-27T17:27:38,1821,OFF
1,ec256,3,487,0.5283750360831618,2026-04-27T17:27:38,1821,OFF
1,ec256,3,488,0.5344999954104424,2026-04-27T17:27:38,1821,OFF
1,ec256,3,489,0.5310830310918391,2026-04-27T17:27:38,1821,OFF
1,ec256,3,490,0.589250004850328,2026-04-27T17:27:38,1821,OFF
1,ec256,3,491,0.5217080470174551,2026-04-27T17:27:38,1821,OFF
1,ec256,3,492,0.5351250292733312,2026-04-27T17:27:38,1821,OFF
1,ec256,3,493,0.5329579580575228,2026-04-27T17:27:38,1821,OFF
1,ec256,3,494,0.5293749854899943,2026-04-27T17:27:38,1821,OFF
1,ec256,3,495,0.5300840130075812,2026-04-27T17:27:38,1821,OFF
1,ec256,3,496,0.5256250151433051,2026-04-27T17:27:38,1821,OFF
1,ec256,3,497,0.520500005222857,2026-04-27T17:27:38,1821,OFF
1,ec256,3,498,0.5277919699437916,2026-04-27T17:27:38,1821,OFF
1,ec256,3,499,0.5304170190356672,2026-04-27T17:27:38,1821,OFF
1,ec256,3,500,0.5296670133247972,2026-04-27T17:27:38,1821,OFF
1,ec256,3,501,0.5344579694792628,2026-04-27T17:27:38,1821,OFF
1,ec256,3,502,0.5317920004017651,2026-04-27T17:27:38,1821,OFF
1,ec256,3,503,0.512500002514571,2026-04-27T17:27:38,1821,OFF
1,ec256,3,504,0.5208340007811785,2026-04-27T17:27:38,1821,OFF
1,ec256,3,505,0.5318750045262277,2026-04-27T17:27:38,1821,OFF
1,ec256,3,506,0.5267920205369592,2026-04-27T17:27:38,1821,OFF
1,ec256,3,507,0.5218749865889549,2026-04-27T17:27:38,1821,OFF
1,ec256,3,508,0.5107080214656889,2026-04-27T17:27:38,1821,OFF
1,ec256,3,509,0.6024580216035247,2026-04-27T17:27:38,1821,OFF
1,ec256,3,510,0.5058340029790998,2026-04-27T17:27:38,1821,OFF
1,ec256,3,511,0.5509589682333171,2026-04-27T17:27:38,1821,OFF
1,ec256,3,512,0.5199579754844308,2026-04-27T17:27:38,1821,OFF
1,ec256,3,513,0.5123749724589288,2026-04-27T17:27:38,1821,OFF
1,ec256,3,514,0.5532499635592103,2026-04-27T17:27:38,1821,OFF
1,ec256,3,515,0.5465000285767019,2026-04-27T17:27:38,1821,OFF
1,ec256,3,516,0.6257079658098519,2026-04-27T17:27:38,1821,OFF
1,ec256,3,517,0.4966669948771596,2026-04-27T17:27:38,1821,OFF
1,ec256,3,518,0.5160829750820994,2026-04-27T17:27:38,1821,OFF
1,ec256,3,519,0.5015839706175029,2026-04-27T17:27:38,1821,OFF
1,ec256,3,520,0.5109999910928309,2026-04-27T17:27:38,1821,OFF
1,ec256,3,521,0.5006670253351331,2026-04-27T17:27:38,1821,OFF
1,ec256,3,522,0.502042006701231,2026-04-27T17:27:38,1821,OFF
1,ec256,3,523,0.4967499990016222,2026-04-27T17:27:38,1821,OFF
1,ec256,3,524,0.5162080051377416,2026-04-27T17:27:38,1821,OFF
1,ec256,3,525,0.510083045810461,2026-04-27T17:27:38,1821,OFF
1,ec256,3,526,0.5030420143157244,2026-04-27T17:27:38,1821,OFF
1,ec256,3,527,0.5105410236865282,2026-04-27T17:27:38,1821,OFF
1,ec256,3,528,0.5044580320827663,2026-04-27T17:27:38,1821,OFF
1,ec256,3,529,0.5034169880673289,2026-04-27T17:27:38,1821,OFF
1,ec256,3,530,0.5012080073356628,2026-04-27T17:27:38,1821,OFF
1,ec256,3,531,0.5027090082876384,2026-04-27T17:27:38,1821,OFF
1,ec256,3,532,0.5052920314483345,2026-04-27T17:27:38,1821,OFF
1,ec256,3,533,0.5069999606348574,2026-04-27T17:27:38,1821,OFF
1,ec256,3,534,0.5059579852968454,2026-04-27T17:27:38,1821,OFF
1,ec256,3,535,0.5132920341566205,2026-04-27T17:27:38,1821,OFF
1,ec256,3,536,0.5111249629408121,2026-04-27T17:27:38,1821,OFF
1,ec256,3,537,0.5522079882211983,2026-04-27T17:27:38,1821,OFF
1,ec256,3,538,0.5152919911779463,2026-04-27T17:27:38,1821,OFF
1,ec256,3,539,0.5126670002937317,2026-04-27T17:27:38,1821,OFF
1,ec256,3,540,0.5199579754844308,2026-04-27T17:27:38,1821,OFF
1,ec256,3,541,0.5143749876879156,2026-04-27T17:27:38,1821,OFF
1,ec256,3,542,0.5167080089449883,2026-04-27T17:27:38,1821,OFF
1,ec256,3,543,0.5136659601703286,2026-04-27T17:27:38,1821,OFF
1,ec256,3,544,0.5120420246385038,2026-04-27T17:27:38,1821,OFF
1,ec256,3,545,0.5181659944355488,2026-04-27T17:27:38,1821,OFF
1,ec256,3,546,0.5044590216130018,2026-04-27T17:27:38,1821,OFF
1,ec256,3,547,0.5062079872004688,2026-04-27T17:27:38,1821,OFF
1,ec256,3,548,0.5015410133637488,2026-04-27T17:27:38,1821,OFF
1,ec256,3,549,0.5032499902881682,2026-04-27T17:27:38,1821,OFF
1,ec256,3,550,0.503125018440187,2026-04-27T17:27:38,1821,OFF
1,ec256,3,551,0.5181669839657843,2026-04-27T17:27:38,1821,OFF
1,ec256,3,552,0.4978340002708137,2026-04-27T17:27:38,1821,OFF
1,ec256,3,553,0.5041249678470194,2026-04-27T17:27:38,1821,OFF
1,ec256,3,554,0.5039169918745756,2026-04-27T17:27:38,1821,OFF
1,ec256,3,555,0.4953750176355243,2026-04-27T17:27:38,1821,OFF
1,ec256,3,556,0.4957080236636102,2026-04-27T17:27:38,1821,OFF
1,ec256,3,557,0.4956249613314867,2026-04-27T17:27:38,1821,OFF
1,ec256,3,558,0.4943329840898514,2026-04-27T17:27:38,1821,OFF
1,ec256,3,559,0.5247920053079724,2026-04-27T17:27:38,1821,OFF
1,ec256,3,560,0.5484169814735651,2026-04-27T17:27:38,1821,OFF
1,ec256,3,561,0.5489580216817558,2026-04-27T17:27:38,1821,OFF
1,ec256,3,562,0.5379169597290456,2026-04-27T17:27:38,1821,OFF
1,ec256,3,563,0.5287499516271055,2026-04-27T17:27:38,1821,OFF
1,ec256,3,564,0.6008749478496611,2026-04-27T17:27:38,1821,OFF
1,ec256,3,565,0.5207910435274243,2026-04-27T17:27:38,1821,OFF
1,ec256,3,566,0.5057079833932221,2026-04-27T17:27:38,1821,OFF
1,ec256,3,567,0.5093750078231096,2026-04-27T17:27:38,1821,OFF
1,ec256,3,568,0.49412500811740756,2026-04-27T17:27:38,1821,OFF
1,ec256,3,569,0.49208401469513774,2026-04-27T17:27:38,1821,OFF
1,ec256,3,570,0.4938329802826047,2026-04-27T17:27:38,1821,OFF
1,ec256,3,571,0.4961669910699129,2026-04-27T17:27:38,1821,OFF
1,ec256,3,572,0.5009580054320395,2026-04-27T17:27:38,1821,OFF
1,ec256,3,573,0.49645797116681933,2026-04-27T17:27:38,1821,OFF
1,ec256,3,574,0.49291702453047037,2026-04-27T17:27:38,1821,OFF
1,ec256,3,575,0.4912910517305136,2026-04-27T17:27:38,1821,OFF
1,ec256,3,576,0.4959999932907522,2026-04-27T17:27:38,1821,OFF
1,ec256,3,577,0.5038329982198775,2026-04-27T17:27:38,1821,OFF
1,ec256,3,578,0.5002499674446881,2026-04-27T17:27:38,1821,OFF
1,ec256,3,579,0.5011250032112002,2026-04-27T17:27:38,1821,OFF
1,ec256,3,580,0.49179099733009934,2026-04-27T17:27:38,1821,OFF
1,ec256,3,581,0.4896250320598483,2026-04-27T17:27:38,1821,OFF
1,ec256,3,582,0.49216701881960034,2026-04-27T17:27:38,1821,OFF
1,ec256,3,583,0.5457500228658319,2026-04-27T17:27:38,1821,OFF
1,ec256,3,584,0.4903330118395388,2026-04-27T17:27:38,1821,OFF
1,ec256,3,585,0.5131250363774598,2026-04-27T17:27:38,1821,OFF
1,ec256,3,586,0.5019999807700515,2026-04-27T17:27:38,1821,OFF
1,ec256,3,587,0.49870897782966495,2026-04-27T17:27:38,1821,OFF
1,ec256,3,588,0.4902919754385948,2026-04-27T17:27:38,1821,OFF
1,ec256,3,589,0.500958994962275,2026-04-27T17:27:38,1821,OFF
1,ec256,3,590,0.49237499479204416,2026-04-27T17:27:38,1821,OFF
1,ec256,3,591,0.48999994760379195,2026-04-27T17:27:38,1821,OFF
1,ec256,3,592,0.4879999905824661,2026-04-27T17:27:38,1821,OFF
1,ec256,3,593,0.49004098400473595,2026-04-27T17:27:38,1821,OFF
1,ec256,3,594,0.494792009703815,2026-04-27T17:27:38,1821,OFF
1,ec256,3,595,0.49045798368752,2026-04-27T17:27:38,1821,OFF
1,ec256,3,596,0.4902500077150762,2026-04-27T17:27:38,1821,OFF
1,ec256,3,597,0.4918749909847975,2026-04-27T17:27:38,1821,OFF
1,ec256,3,598,0.499832967761904,2026-04-27T17:27:38,1821,OFF
1,ec256,3,599,0.49758399836719036,2026-04-27T17:27:38,1821,OFF
1,ec256,3,600,0.49408298218622804,2026-04-27T17:27:38,1821,OFF
1,ec256,3,601,0.4844579962082207,2026-04-27T17:27:38,1821,OFF
1,ec256,3,602,0.49474998377263546,2026-04-27T17:27:38,1821,OFF
1,ec256,3,603,0.4889999981969595,2026-04-27T17:27:38,1821,OFF
1,ec256,3,604,0.493332976475358,2026-04-27T17:27:38,1821,OFF
1,ec256,3,605,0.49658300122246146,2026-04-27T17:27:38,1821,OFF
1,ec256,3,606,0.5039589595980942,2026-04-27T17:27:38,1821,OFF
1,ec256,3,607,0.5100829876028001,2026-04-27T17:27:38,1821,OFF
1,ec256,3,608,0.5578750278800726,2026-04-27T17:27:38,1821,OFF
1,ec256,3,609,0.5058330134488642,2026-04-27T17:27:38,1821,OFF
1,ec256,3,610,0.5053339991718531,2026-04-27T17:27:38,1821,OFF
1,ec256,3,611,0.5079580005258322,2026-04-27T17:27:38,1821,OFF
1,ec256,3,612,0.4937080084346235,2026-04-27T17:27:38,1821,OFF
1,ec256,3,613,0.49595802556723356,2026-04-27T17:27:38,1821,OFF
1,ec256,3,614,0.48983399756252766,2026-04-27T17:27:38,1821,OFF
1,ec256,3,615,0.49512501573190093,2026-04-27T17:27:38,1821,OFF
1,ec256,3,616,0.5018750089220703,2026-04-27T17:27:38,1821,OFF
1,ec256,3,617,0.4901249776594341,2026-04-27T17:27:38,1821,OFF
1,ec256,3,618,0.5267920205369592,2026-04-27T17:27:38,1821,OFF
1,ec256,3,619,0.49462501192465425,2026-04-27T17:27:38,1821,OFF
1,ec256,3,620,0.4912500153295696,2026-04-27T17:27:38,1821,OFF
1,ec256,3,621,0.49337500240653753,2026-04-27T17:27:38,1821,OFF
1,ec256,3,622,0.4900419735349715,2026-04-27T17:27:38,1821,OFF
1,ec256,3,623,0.4907500115223229,2026-04-27T17:27:38,1821,OFF
1,ec256,3,624,0.4902919754385948,2026-04-27T17:27:38,1821,OFF
1,ec256,3,625,0.4872080171480775,2026-04-27T17:27:38,1821,OFF
1,ec256,3,626,0.4841249901801348,2026-04-27T17:27:38,1821,OFF
1,ec256,3,627,0.48120797146111727,2026-04-27T17:27:38,1821,OFF
1,ec256,3,628,0.4852919955737889,2026-04-27T17:27:38,1821,OFF
1,ec256,3,629,0.4868749529123306,2026-04-27T17:27:38,1821,OFF
1,ec256,3,630,0.48366596456617117,2026-04-27T17:27:38,1821,OFF
1,ec256,3,631,0.48941600834950805,2026-04-27T17:27:38,1821,OFF
1,ec256,3,632,0.5155419930815697,2026-04-27T17:27:38,1821,OFF
1,ec256,3,633,0.51979097770527,2026-04-27T17:27:38,1821,OFF
1,ec256,3,634,0.5193329998292029,2026-04-27T17:27:38,1821,OFF
1,ec256,3,635,0.5560830468311906,2026-04-27T17:27:38,1821,OFF
1,ec256,3,636,0.49950001994147897,2026-04-27T17:27:38,1821,OFF
1,ec256,3,637,0.4938750062137842,2026-04-27T17:27:38,1821,OFF
1,ec256,3,638,0.4909160197712481,2026-04-27T17:27:38,1821,OFF
1,ec256,3,639,0.5088330362923443,2026-04-27T17:27:38,1821,OFF
1,ec256,3,640,0.4880410269834101,2026-04-27T17:27:38,1821,OFF
1,ec256,3,641,0.4872499848715961,2026-04-27T17:27:38,1821,OFF
1,ec256,3,642,0.48866699216887355,2026-04-27T17:27:38,1821,OFF
1,ec256,3,643,0.5011659814044833,2026-04-27T17:27:38,1821,OFF
1,ec256,3,644,0.48858398804441094,2026-04-27T17:27:38,1821,OFF
1,ec256,3,645,0.5054589710198343,2026-04-27T17:27:38,1821,OFF
1,ec256,3,646,0.4860830376856029,2026-04-27T17:27:38,1821,OFF
1,ec256,3,647,0.48587494529783726,2026-04-27T17:27:38,1821,OFF
1,ec256,3,648,0.4849169636145234,2026-04-27T17:27:38,1821,OFF
1,ec256,3,649,0.48562500160187483,2026-04-27T17:27:38,1821,OFF
1,ec256,3,650,0.5026250146329403,2026-04-27T17:27:38,1821,OFF
1,ec256,4,1,0.9572500130161643,2026-04-27T17:27:40,2436,OFF
1,ec256,4,2,1.1454169871285558,2026-04-27T17:27:40,2436,OFF
1,ec256,4,3,0.987083010841161,2026-04-27T17:27:40,2436,OFF
1,ec256,4,4,0.9071659878827631,2026-04-27T17:27:40,2436,OFF
1,ec256,4,5,0.8839579531922936,2026-04-27T17:27:40,2436,OFF
1,ec256,4,6,0.8803330129012465,2026-04-27T17:27:40,2436,OFF
1,ec256,4,7,0.8660420426167548,2026-04-27T17:27:40,2436,OFF
1,ec256,4,8,0.8142919978126884,2026-04-27T17:27:40,2436,OFF
1,ec256,4,9,0.8015409694053233,2026-04-27T17:27:40,2436,OFF
1,ec256,4,10,0.8137500262819231,2026-04-27T17:27:40,2436,OFF
1,ec256,4,11,0.8110830094665289,2026-04-27T17:27:40,2436,OFF
1,ec256,4,12,0.8105419692583382,2026-04-27T17:27:40,2436,OFF
1,ec256,4,13,0.7742090383544564,2026-04-27T17:27:40,2436,OFF
1,ec256,4,14,0.7501670042984188,2026-04-27T17:27:40,2436,OFF
1,ec256,4,15,0.7526670233346522,2026-04-27T17:27:40,2436,OFF
1,ec256,4,16,0.7529170252382755,2026-04-27T17:27:40,2436,OFF
1,ec256,4,17,0.7516249897889793,2026-04-27T17:27:40,2436,OFF
1,ec256,4,18,0.7488330011256039,2026-04-27T17:27:40,2436,OFF
1,ec256,4,19,0.724624958820641,2026-04-27T17:27:40,2436,OFF
1,ec256,4,20,0.7150419987738132,2026-04-27T17:27:40,2436,OFF
1,ec256,4,21,0.7193329511210322,2026-04-27T17:27:40,2436,OFF
1,ec256,4,22,0.7163750124163926,2026-04-27T17:27:40,2436,OFF
1,ec256,4,23,0.7058749906718731,2026-04-27T17:27:40,2436,OFF
1,ec256,4,24,0.7127500139176846,2026-04-27T17:27:40,2436,OFF
1,ec256,4,25,0.7057500188238919,2026-04-27T17:27:40,2436,OFF
1,ec256,4,26,0.683707999996841,2026-04-27T17:27:40,2436,OFF
1,ec256,4,27,0.6951250252313912,2026-04-27T17:27:40,2436,OFF
1,ec256,4,28,0.6893330137245357,2026-04-27T17:27:40,2436,OFF
1,ec256,4,29,0.6857919506728649,2026-04-27T17:27:40,2436,OFF
1,ec256,4,30,0.6868329946883023,2026-04-27T17:27:40,2436,OFF
1,ec256,4,31,0.6874999962747097,2026-04-27T17:27:40,2436,OFF
1,ec256,4,32,0.6678749923594296,2026-04-27T17:27:40,2436,OFF
1,ec256,4,33,0.6667919806204736,2026-04-27T17:27:40,2436,OFF
1,ec256,4,34,0.6675419863313437,2026-04-27T17:27:40,2436,OFF
1,ec256,4,35,0.666750012896955,2026-04-27T17:27:40,2436,OFF
1,ec256,4,36,0.663125014398247,2026-04-27T17:27:40,2436,OFF
1,ec256,4,37,0.663875020109117,2026-04-27T17:27:40,2436,OFF
1,ec256,4,38,0.6521249888464808,2026-04-27T17:27:40,2436,OFF
1,ec256,4,39,0.6492090178653598,2026-04-27T17:27:40,2436,OFF
1,ec256,4,40,0.6419169949367642,2026-04-27T17:27:40,2436,OFF
1,ec256,4,41,0.6496249698102474,2026-04-27T17:27:40,2436,OFF
1,ec256,4,42,0.6455829716287553,2026-04-27T17:27:40,2436,OFF
1,ec256,4,43,0.6402080180123448,2026-04-27T17:27:40,2436,OFF
1,ec256,4,44,0.6400420097634196,2026-04-27T17:27:40,2436,OFF
1,ec256,4,45,0.6285000126808882,2026-04-27T17:27:40,2436,OFF
1,ec256,4,46,0.6252499879337847,2026-04-27T17:27:40,2436,OFF
1,ec256,4,47,0.6311669712886214,2026-04-27T17:27:40,2436,OFF
1,ec256,4,48,0.6235839682631195,2026-04-27T17:27:40,2436,OFF
1,ec256,4,49,0.6201659562066197,2026-04-27T17:27:40,2436,OFF
1,ec256,4,50,0.6245420081540942,2026-04-27T17:27:40,2436,OFF
1,ec256,4,51,0.6027090130373836,2026-04-27T17:27:40,2436,OFF
1,ec256,4,52,0.6125419749878347,2026-04-27T17:27:40,2436,OFF
1,ec256,4,53,0.6142919883131981,2026-04-27T17:27:40,2436,OFF
1,ec256,4,54,0.6119999452494085,2026-04-27T17:27:40,2436,OFF
1,ec256,4,55,0.6199580384418368,2026-04-27T17:27:40,2436,OFF
1,ec256,4,56,0.6255839834921062,2026-04-27T17:27:40,2436,OFF
1,ec256,4,57,0.6112499977461994,2026-04-27T17:27:40,2436,OFF
1,ec256,4,58,0.6515420391224325,2026-04-27T17:27:40,2436,OFF
1,ec256,4,59,0.655125011689961,2026-04-27T17:27:40,2436,OFF
1,ec256,4,60,0.6604999653063715,2026-04-27T17:27:40,2436,OFF
1,ec256,4,61,0.7228750037029386,2026-04-27T17:27:40,2436,OFF
1,ec256,4,62,0.6769580068066716,2026-04-27T17:27:40,2436,OFF
1,ec256,4,63,0.6777080125175416,2026-04-27T17:27:40,2436,OFF
1,ec256,4,64,0.6242920062504709,2026-04-27T17:27:40,2436,OFF
1,ec256,4,65,0.6059170118533075,2026-04-27T17:27:40,2436,OFF
1,ec256,4,66,0.5884999991394579,2026-04-27T17:27:40,2436,OFF
1,ec256,4,67,0.5747500108554959,2026-04-27T17:27:40,2436,OFF
1,ec256,4,68,0.5717499880120158,2026-04-27T17:27:40,2436,OFF
1,ec256,4,69,0.5815839977003634,2026-04-27T17:27:40,2436,OFF
1,ec256,4,70,0.6016669794917107,2026-04-27T17:27:40,2436,OFF
1,ec256,4,71,0.5788340349681675,2026-04-27T17:27:40,2436,OFF
1,ec256,4,72,0.58637501206249,2026-04-27T17:27:40,2436,OFF
1,ec256,4,73,0.5815420299768448,2026-04-27T17:27:40,2436,OFF
1,ec256,4,74,0.586707959882915,2026-04-27T17:27:40,2436,OFF
1,ec256,4,75,0.5804169923067093,2026-04-27T17:27:40,2436,OFF
1,ec256,4,76,0.5941250128671527,2026-04-27T17:27:40,2436,OFF
1,ec256,4,77,0.6186250247992575,2026-04-27T17:27:40,2436,OFF
1,ec256,4,78,0.6263329996727407,2026-04-27T17:27:40,2436,OFF
1,ec256,4,79,0.5976670072413981,2026-04-27T17:27:40,2436,OFF
1,ec256,4,80,0.5941669805906713,2026-04-27T17:27:40,2436,OFF
1,ec256,4,81,0.5828749854117632,2026-04-27T17:27:40,2436,OFF
1,ec256,4,82,0.5825419793836772,2026-04-27T17:27:40,2436,OFF
1,ec256,4,83,0.5891249747946858,2026-04-27T17:27:40,2436,OFF
1,ec256,4,84,0.5789580172859132,2026-04-27T17:27:40,2436,OFF
1,ec256,4,85,0.5827090353704989,2026-04-27T17:27:40,2436,OFF
1,ec256,4,86,0.5717499880120158,2026-04-27T17:27:40,2436,OFF
1,ec256,4,87,0.5612079985439777,2026-04-27T17:27:40,2436,OFF
1,ec256,4,88,0.5614580004476011,2026-04-27T17:27:40,2436,OFF
1,ec256,4,89,0.5620840238407254,2026-04-27T17:27:40,2436,OFF
1,ec256,4,90,0.5624999757856131,2026-04-27T17:27:40,2436,OFF
1,ec256,4,91,0.5597500130534172,2026-04-27T17:27:40,2436,OFF
1,ec256,4,92,0.5683329654857516,2026-04-27T17:27:40,2436,OFF
1,ec256,4,93,0.5832079914398491,2026-04-27T17:27:40,2436,OFF
1,ec256,4,94,0.5830409936606884,2026-04-27T17:27:40,2436,OFF
1,ec256,4,95,0.5934579530730844,2026-04-27T17:27:40,2436,OFF
1,ec256,4,96,0.58637501206249,2026-04-27T17:27:40,2436,OFF
1,ec256,4,97,0.6130419787950814,2026-04-27T17:27:40,2436,OFF
1,ec256,4,98,0.5779999773949385,2026-04-27T17:27:40,2436,OFF
1,ec256,4,99,0.5808339919894934,2026-04-27T17:27:40,2436,OFF
1,ec256,4,100,0.5757500184699893,2026-04-27T17:27:40,2436,OFF
1,ec256,4,101,0.5797910271212459,2026-04-27T17:27:40,2436,OFF
1,ec256,4,102,0.5775419995188713,2026-04-27T17:27:40,2436,OFF
1,ec256,4,103,0.5753749865107238,2026-04-27T17:27:40,2436,OFF
1,ec256,4,104,0.5759169580414891,2026-04-27T17:27:40,2436,OFF
1,ec256,4,105,0.5775000317953527,2026-04-27T17:27:40,2436,OFF
1,ec256,4,106,0.5765410023741424,2026-04-27T17:27:40,2436,OFF
1,ec256,4,107,0.5812080344185233,2026-04-27T17:27:40,2436,OFF
1,ec256,4,108,0.5709580145776272,2026-04-27T17:27:40,2436,OFF
1,ec256,4,109,0.5944169824942946,2026-04-27T17:27:40,2436,OFF
1,ec256,4,110,0.6174590089358389,2026-04-27T17:27:40,2436,OFF
1,ec256,4,111,0.6782499840483069,2026-04-27T17:27:40,2436,OFF
1,ec256,4,112,0.6212920416146517,2026-04-27T17:27:40,2436,OFF
1,ec256,4,113,0.6515829591080546,2026-04-27T17:27:40,2436,OFF
1,ec256,4,114,0.6008329801261425,2026-04-27T17:27:40,2436,OFF
1,ec256,4,115,0.5871669854968786,2026-04-27T17:27:40,2436,OFF
1,ec256,4,116,0.6380000268109143,2026-04-27T17:27:40,2436,OFF
1,ec256,4,117,0.5780000356025994,2026-04-27T17:27:40,2436,OFF
1,ec256,4,118,0.7255829987116158,2026-04-27T17:27:40,2436,OFF
1,ec256,4,119,0.5979579873383045,2026-04-27T17:27:40,2436,OFF
1,ec256,4,120,0.612833013292402,2026-04-27T17:27:40,2436,OFF
1,ec256,4,121,0.5905830184929073,2026-04-27T17:27:40,2436,OFF
1,ec256,4,122,0.582417007535696,2026-04-27T17:27:40,2436,OFF
1,ec256,4,123,0.579457962885499,2026-04-27T17:27:40,2436,OFF
1,ec256,4,124,0.582417007535696,2026-04-27T17:27:40,2436,OFF
1,ec256,4,125,0.5997080006636679,2026-04-27T17:27:40,2436,OFF
1,ec256,4,126,0.5792909651063383,2026-04-27T17:27:40,2436,OFF
1,ec256,4,127,0.5789999850094318,2026-04-27T17:27:40,2436,OFF
1,ec256,4,128,0.5641670431941748,2026-04-27T17:27:40,2436,OFF
1,ec256,4,129,0.5605000187642872,2026-04-27T17:27:40,2436,OFF
1,ec256,4,130,0.5737909814342856,2026-04-27T17:27:40,2436,OFF
1,ec256,4,131,0.579125015065074,2026-04-27T17:27:40,2436,OFF
1,ec256,4,132,0.564665999263525,2026-04-27T17:27:40,2436,OFF
1,ec256,4,133,0.5812500021420419,2026-04-27T17:27:40,2436,OFF
1,ec256,4,134,0.5774160381406546,2026-04-27T17:27:40,2436,OFF
1,ec256,4,135,0.5787919508293271,2026-04-27T17:27:40,2436,OFF
1,ec256,4,136,0.5807499983347952,2026-04-27T17:27:40,2436,OFF
1,ec256,4,137,0.5836249911226332,2026-04-27T17:27:40,2436,OFF
1,ec256,4,138,0.5757089820690453,2026-04-27T17:27:40,2436,OFF
1,ec256,4,139,0.5966669996269047,2026-04-27T17:27:40,2436,OFF
1,ec256,4,140,0.5985000170767307,2026-04-27T17:27:40,2436,OFF
1,ec256,4,141,0.5821250379085541,2026-04-27T17:27:40,2436,OFF
1,ec256,4,142,0.5771249998360872,2026-04-27T17:27:40,2436,OFF
1,ec256,4,143,0.5795840406790376,2026-04-27T17:27:40,2436,OFF
1,ec256,4,144,0.5767089896835387,2026-04-27T17:27:40,2436,OFF
1,ec256,4,145,0.573375029489398,2026-04-27T17:27:40,2436,OFF
1,ec256,4,146,0.5721669876947999,2026-04-27T17:27:40,2436,OFF
1,ec256,4,147,0.5837499629706144,2026-04-27T17:27:40,2436,OFF
1,ec256,4,148,0.5793750169686973,2026-04-27T17:27:40,2436,OFF
1,ec256,4,149,0.5807089619338512,2026-04-27T17:27:40,2436,OFF
1,ec256,4,150,0.5673750420100987,2026-04-27T17:27:40,2436,OFF
1,ec256,4,151,0.5805419641546905,2026-04-27T17:27:40,2436,OFF
1,ec256,4,152,0.5767910042777658,2026-04-27T17:27:40,2436,OFF
1,ec256,4,153,0.5789999850094318,2026-04-27T17:27:40,2436,OFF
1,ec256,4,154,0.5782910156995058,2026-04-27T17:27:40,2436,OFF
1,ec256,4,155,0.5882910336367786,2026-04-27T17:27:40,2436,OFF
1,ec256,4,156,0.5747079849243164,2026-04-27T17:27:40,2436,OFF
1,ec256,4,157,0.5730830016545951,2026-04-27T17:27:40,2436,OFF
1,ec256,4,158,0.5772499716840684,2026-04-27T17:27:40,2436,OFF
1,ec256,4,159,0.6263329996727407,2026-04-27T17:27:40,2436,OFF
1,ec256,4,160,0.6277500069700181,2026-04-27T17:27:40,2436,OFF
1,ec256,4,161,0.7362079923041165,2026-04-27T17:27:40,2436,OFF
1,ec256,4,162,0.5786250112578273,2026-04-27T17:27:40,2436,OFF
1,ec256,4,163,0.5946249584667385,2026-04-27T17:27:40,2436,OFF
1,ec256,4,164,0.5804999964311719,2026-04-27T17:27:40,2436,OFF
1,ec256,4,165,0.6027079652994871,2026-04-27T17:27:40,2436,OFF
1,ec256,4,166,0.5729160038754344,2026-04-27T17:27:40,2436,OFF
1,ec256,4,167,0.5676249857060611,2026-04-27T17:27:40,2436,OFF
1,ec256,4,168,0.5691670230589807,2026-04-27T17:27:40,2436,OFF
1,ec256,4,169,0.5854170303791761,2026-04-27T17:27:40,2436,OFF
1,ec256,4,170,0.5639580194838345,2026-04-27T17:27:40,2436,OFF
1,ec256,4,171,0.5567919579334557,2026-04-27T17:27:40,2436,OFF
1,ec256,4,172,0.5660000024363399,2026-04-27T17:27:40,2436,OFF
1,ec256,4,173,0.5804590182378888,2026-04-27T17:27:40,2436,OFF
1,ec256,4,174,0.5746249807998538,2026-04-27T17:27:40,2436,OFF
1,ec256,4,175,0.5754579906351864,2026-04-27T17:27:40,2436,OFF
1,ec256,4,176,0.5752500146627426,2026-04-27T17:27:40,2436,OFF
1,ec256,4,177,0.5732499994337559,2026-04-27T17:27:40,2436,OFF
1,ec256,4,178,0.5705410148948431,2026-04-27T17:27:40,2436,OFF
1,ec256,4,179,0.5694580031558871,2026-04-27T17:27:40,2436,OFF
1,ec256,4,180,0.5680000176653266,2026-04-27T17:27:40,2436,OFF
1,ec256,4,181,0.6448749918490648,2026-04-27T17:27:40,2436,OFF
1,ec256,4,182,0.5649999948218465,2026-04-27T17:27:40,2436,OFF
1,ec256,4,183,0.5962910363450646,2026-04-27T17:27:40,2436,OFF
1,ec256,4,184,0.5825840053148568,2026-04-27T17:27:40,2436,OFF
1,ec256,4,185,0.5794999888166785,2026-04-27T17:27:40,2436,OFF
1,ec256,4,186,0.5809160065837204,2026-04-27T17:27:40,2436,OFF
1,ec256,4,187,0.5766660324297845,2026-04-27T17:27:40,2436,OFF
1,ec256,4,188,0.5781250074505806,2026-04-27T17:27:40,2436,OFF
1,ec256,4,189,0.5757079925388098,2026-04-27T17:27:40,2436,OFF
1,ec256,4,190,0.5864999839104712,2026-04-27T17:27:40,2436,OFF
1,ec256,4,191,0.5648749647662044,2026-04-27T17:27:40,2436,OFF
1,ec256,4,192,0.5597499548457563,2026-04-27T17:27:40,2436,OFF
1,ec256,4,193,0.5775419995188713,2026-04-27T17:27:40,2436,OFF
1,ec256,4,194,0.5866250139661133,2026-04-27T17:27:40,2436,OFF
1,ec256,4,195,0.5735830054618418,2026-04-27T17:27:40,2436,OFF
1,ec256,4,196,0.5749579868279397,2026-04-27T17:27:40,2436,OFF
1,ec256,4,197,0.5784580134786665,2026-04-27T17:27:40,2436,OFF
1,ec256,4,198,0.5768749979324639,2026-04-27T17:27:40,2436,OFF
1,ec256,4,199,0.5792909651063383,2026-04-27T17:27:40,2436,OFF
1,ec256,4,200,0.5757079925388098,2026-04-27T17:27:40,2436,OFF
1,ec256,4,201,0.5729590193368495,2026-04-27T17:27:40,2436,OFF
1,ec256,4,202,0.6267499993555248,2026-04-27T17:27:40,2436,OFF
1,ec256,4,203,0.5829160218127072,2026-04-27T17:27:40,2436,OFF
1,ec256,4,204,0.5882499972358346,2026-04-27T17:27:40,2436,OFF
1,ec256,4,205,0.5769169656559825,2026-04-27T17:27:40,2436,OFF
1,ec256,4,206,0.5781660438515246,2026-04-27T17:27:40,2436,OFF
1,ec256,4,207,0.5810000002384186,2026-04-27T17:27:40,2436,OFF
1,ec256,4,208,0.5789589486084878,2026-04-27T17:27:40,2436,OFF
1,ec256,4,209,0.5888330051675439,2026-04-27T17:27:40,2436,OFF
1,ec256,4,210,0.6147919921204448,2026-04-27T17:27:40,2436,OFF
1,ec256,4,211,0.6882500019855797,2026-04-27T17:27:40,2436,OFF
1,ec256,4,212,0.5736249731853604,2026-04-27T17:27:40,2436,OFF
1,ec256,4,213,0.5848330329172313,2026-04-27T17:27:40,2436,OFF
1,ec256,4,214,0.5843749968335032,2026-04-27T17:27:40,2436,OFF
1,ec256,4,215,0.5848330329172313,2026-04-27T17:27:40,2436,OFF
1,ec256,4,216,0.5847089923918247,2026-04-27T17:27:40,2436,OFF
1,ec256,4,217,0.595458026509732,2026-04-27T17:27:40,2436,OFF
1,ec256,4,218,0.5805419641546905,2026-04-27T17:27:40,2436,OFF
1,ec256,4,219,0.5799590144306421,2026-04-27T17:27:40,2436,OFF
1,ec256,4,220,0.5718340398743749,2026-04-27T17:27:40,2436,OFF
1,ec256,4,221,0.5759999621659517,2026-04-27T17:27:40,2436,OFF
1,ec256,4,222,0.5732080317102373,2026-04-27T17:27:40,2436,OFF
1,ec256,4,223,0.6362079875543714,2026-04-27T17:27:40,2436,OFF
1,ec256,4,224,0.5726660019718111,2026-04-27T17:27:40,2436,OFF
1,ec256,4,225,0.5867910222150385,2026-04-27T17:27:40,2436,OFF
1,ec256,4,226,0.5820830119773746,2026-04-27T17:27:40,2436,OFF
1,ec256,4,227,0.581375032197684,2026-04-27T17:27:40,2436,OFF
1,ec256,4,228,0.5764579982496798,2026-04-27T17:27:40,2436,OFF
1,ec256,4,229,0.5750830168835819,2026-04-27T17:27:40,2436,OFF
1,ec256,4,230,0.579875020775944,2026-04-27T17:27:40,2436,OFF
1,ec256,4,231,0.5797079647891223,2026-04-27T17:27:40,2436,OFF
1,ec256,4,232,0.5951670464128256,2026-04-27T17:27:40,2436,OFF
1,ec256,4,233,0.5719999899156392,2026-04-27T17:27:40,2436,OFF
1,ec256,4,234,0.5587500054389238,2026-04-27T17:27:40,2436,OFF
1,ec256,4,235,0.5556669784709811,2026-04-27T17:27:40,2436,OFF
1,ec256,4,236,0.5648750229738653,2026-04-27T17:27:40,2436,OFF
1,ec256,4,237,0.5596659611910582,2026-04-27T17:27:40,2436,OFF
1,ec256,4,238,0.5578749696724117,2026-04-27T17:27:40,2436,OFF
1,ec256,4,239,0.5594579852186143,2026-04-27T17:27:40,2436,OFF
1,ec256,4,240,0.5644580232910812,2026-04-27T17:27:40,2436,OFF
1,ec256,4,241,0.5588329513557255,2026-04-27T17:27:40,2436,OFF
1,ec256,4,242,0.5595829570665956,2026-04-27T17:27:40,2436,OFF
1,ec256,4,243,0.5831670132465661,2026-04-27T17:27:40,2436,OFF
1,ec256,4,244,0.5590419750660658,2026-04-27T17:27:40,2436,OFF
1,ec256,4,245,0.5609590443782508,2026-04-27T17:27:40,2436,OFF
1,ec256,4,246,0.5691659753210843,2026-04-27T17:27:40,2436,OFF
1,ec256,4,247,0.5985830212011933,2026-04-27T17:27:40,2436,OFF
1,ec256,4,248,0.5599589785560966,2026-04-27T17:27:40,2436,OFF
1,ec256,4,249,0.5591670051217079,2026-04-27T17:27:40,2436,OFF
1,ec256,4,250,0.5577079718932509,2026-04-27T17:27:40,2436,OFF
1,ec256,4,251,0.560999964363873,2026-04-27T17:27:40,2436,OFF
1,ec256,4,252,0.5597919807769358,2026-04-27T17:27:40,2436,OFF
1,ec256,4,253,0.5619999719783664,2026-04-27T17:27:40,2436,OFF
1,ec256,4,254,0.5633329856209457,2026-04-27T17:27:40,2436,OFF
1,ec256,4,255,0.5609579966403544,2026-04-27T17:27:40,2436,OFF
1,ec256,4,256,0.5712499842047691,2026-04-27T17:27:40,2436,OFF
1,ec256,4,257,0.5700839683413506,2026-04-27T17:27:40,2436,OFF
1,ec256,4,258,0.5651669926010072,2026-04-27T17:27:40,2436,OFF
1,ec256,4,259,0.6188750267028809,2026-04-27T17:27:40,2436,OFF
1,ec256,4,260,0.6212079897522926,2026-04-27T17:27:40,2436,OFF
1,ec256,4,261,0.7891249842941761,2026-04-27T17:27:40,2436,OFF
1,ec256,4,262,0.5734999431297183,2026-04-27T17:27:40,2436,OFF
1,ec256,4,263,0.5656669964082539,2026-04-27T17:27:40,2436,OFF
1,ec256,4,264,0.7197500090114772,2026-04-27T17:27:40,2436,OFF
1,ec256,4,265,0.5964169977232814,2026-04-27T17:27:40,2436,OFF
1,ec256,4,266,0.5734169972129166,2026-04-27T17:27:40,2436,OFF
1,ec256,4,267,0.5600409931503236,2026-04-27T17:27:40,2436,OFF
1,ec256,4,268,0.5604170146398246,2026-04-27T17:27:40,2436,OFF
1,ec256,4,269,0.5579999997280538,2026-04-27T17:27:40,2436,OFF
1,ec256,4,270,0.5582079757004976,2026-04-27T17:27:40,2436,OFF
1,ec256,4,271,0.5710829864256084,2026-04-27T17:27:40,2436,OFF
1,ec256,4,272,0.5643750191666186,2026-04-27T17:27:40,2436,OFF
1,ec256,4,273,0.5587500054389238,2026-04-27T17:27:40,2436,OFF
1,ec256,4,274,0.5666670040227473,2026-04-27T17:27:40,2436,OFF
1,ec256,4,275,0.5667920340783894,2026-04-27T17:27:40,2436,OFF
1,ec256,4,276,0.5659590242430568,2026-04-27T17:27:40,2436,OFF
1,ec256,4,277,0.5867920117452741,2026-04-27T17:27:40,2436,OFF
1,ec256,4,278,0.5691670230589807,2026-04-27T17:27:40,2436,OFF
1,ec256,4,279,0.5663330084644258,2026-04-27T17:27:40,2436,OFF
1,ec256,4,280,0.5584590253420174,2026-04-27T17:27:40,2436,OFF
1,ec256,4,281,0.5588330095633864,2026-04-27T17:27:40,2436,OFF
1,ec256,4,282,0.5601249868050218,2026-04-27T17:27:40,2436,OFF
1,ec256,4,283,0.5615419941022992,2026-04-27T17:27:40,2436,OFF
1,ec256,4,284,0.5588330095633864,2026-04-27T17:27:40,2436,OFF
1,ec256,4,285,0.6006250041536987,2026-04-27T17:27:40,2436,OFF
1,ec256,4,286,0.5922080017626286,2026-04-27T17:27:40,2436,OFF
1,ec256,4,287,0.5714999861083925,2026-04-27T17:27:40,2436,OFF
1,ec256,4,288,0.5692499689757824,2026-04-27T17:27:40,2436,OFF
1,ec256,4,289,0.5605840124189854,2026-04-27T17:27:40,2436,OFF
1,ec256,4,290,0.5522919818758965,2026-04-27T17:27:40,2436,OFF
1,ec256,4,291,0.550583004951477,2026-04-27T17:27:40,2436,OFF
1,ec256,4,292,0.5713750142604113,2026-04-27T17:27:40,2436,OFF
1,ec256,4,293,0.549082993529737,2026-04-27T17:27:40,2436,OFF
1,ec256,4,294,0.5503750289790332,2026-04-27T17:27:40,2436,OFF
1,ec256,4,295,0.5477080121636391,2026-04-27T17:27:40,2436,OFF
1,ec256,4,296,0.5532909999601543,2026-04-27T17:27:40,2436,OFF
1,ec256,4,297,0.5566669860854745,2026-04-27T17:27:40,2436,OFF
1,ec256,4,298,0.5572499940171838,2026-04-27T17:27:40,2436,OFF
1,ec256,4,299,0.5685830255970359,2026-04-27T17:27:40,2436,OFF
1,ec256,4,300,0.5674579879269004,2026-04-27T17:27:40,2436,OFF
1,ec256,4,301,0.5541659775190055,2026-04-27T17:27:40,2436,OFF
1,ec256,4,302,0.5630000378005207,2026-04-27T17:27:40,2436,OFF
1,ec256,4,303,0.5589579814113677,2026-04-27T17:27:40,2436,OFF
1,ec256,4,304,0.550542026758194,2026-04-27T17:27:40,2436,OFF
1,ec256,4,305,0.5522909923456609,2026-04-27T17:27:40,2436,OFF
1,ec256,4,306,0.5568340420722961,2026-04-27T17:27:40,2436,OFF
1,ec256,4,307,0.5561250145547092,2026-04-27T17:27:40,2436,OFF
1,ec256,4,308,0.5829159636050463,2026-04-27T17:27:40,2436,OFF
1,ec256,4,309,0.5709580145776272,2026-04-27T17:27:40,2436,OFF
1,ec256,4,310,0.575500016566366,2026-04-27T17:27:40,2436,OFF
1,ec256,4,311,0.5485410219989717,2026-04-27T17:27:40,2436,OFF
1,ec256,4,312,0.5459579988382757,2026-04-27T17:27:40,2436,OFF
1,ec256,4,313,0.5497499951161444,2026-04-27T17:27:40,2436,OFF
1,ec256,4,314,0.550542026758194,2026-04-27T17:27:40,2436,OFF
1,ec256,4,315,0.5474169738590717,2026-04-27T17:27:40,2436,OFF
1,ec256,4,316,0.5426249699667096,2026-04-27T17:27:40,2436,OFF
1,ec256,4,317,0.5769580020569265,2026-04-27T17:27:40,2436,OFF
1,ec256,4,318,0.5630410159938037,2026-04-27T17:27:40,2436,OFF
1,ec256,4,319,0.5533749936148524,2026-04-27T17:27:40,2436,OFF
1,ec256,4,320,0.5475829821079969,2026-04-27T17:27:40,2436,OFF
1,ec256,4,321,0.5497499951161444,2026-04-27T17:27:40,2436,OFF
1,ec256,4,322,0.544666952919215,2026-04-27T17:27:40,2436,OFF
1,ec256,4,323,0.5524579901248217,2026-04-27T17:27:40,2436,OFF
1,ec256,4,324,0.5450830212794244,2026-04-27T17:27:40,2436,OFF
1,ec256,4,325,0.5453749909065664,2026-04-27T17:27:40,2436,OFF
1,ec256,4,326,0.5548750050365925,2026-04-27T17:27:40,2436,OFF
1,ec256,4,327,0.541082990821451,2026-04-27T17:27:40,2436,OFF
1,ec256,4,328,0.540749984793365,2026-04-27T17:27:40,2436,OFF
1,ec256,4,329,0.5489580216817558,2026-04-27T17:27:40,2436,OFF
1,ec256,4,330,0.5749999545514584,2026-04-27T17:27:40,2436,OFF
1,ec256,4,331,0.5828749854117632,2026-04-27T17:27:40,2436,OFF
1,ec256,4,332,0.7045840029604733,2026-04-27T17:27:40,2436,OFF
1,ec256,4,333,0.5545840249396861,2026-04-27T17:27:40,2436,OFF
1,ec256,4,334,0.5741249769926071,2026-04-27T17:27:40,2436,OFF
1,ec256,4,335,0.573375029489398,2026-04-27T17:27:40,2436,OFF
1,ec256,4,336,0.5659160087816417,2026-04-27T17:27:40,2436,OFF
1,ec256,4,337,0.5669999518431723,2026-04-27T17:27:40,2436,OFF
1,ec256,4,338,0.5610420485027134,2026-04-27T17:27:40,2436,OFF
1,ec256,4,339,0.5638750153593719,2026-04-27T17:27:40,2436,OFF
1,ec256,4,340,0.5625830381177366,2026-04-27T17:27:40,2436,OFF
1,ec256,4,341,0.5760000203736126,2026-04-27T17:27:40,2436,OFF
1,ec256,4,342,0.5657500005327165,2026-04-27T17:27:40,2436,OFF
1,ec256,4,343,0.5640410236082971,2026-04-27T17:27:40,2436,OFF
1,ec256,4,344,0.560667016543448,2026-04-27T17:27:40,2436,OFF
1,ec256,4,345,0.559584004804492,2026-04-27T17:27:40,2436,OFF
1,ec256,4,346,0.5592499510385096,2026-04-27T17:27:40,2436,OFF
1,ec256,4,347,0.5595420370809734,2026-04-27T17:27:40,2436,OFF
1,ec256,4,348,0.5579579737968743,2026-04-27T17:27:40,2436,OFF
1,ec256,4,349,0.5600420408882201,2026-04-27T17:27:40,2436,OFF
1,ec256,4,350,0.5574999959208071,2026-04-27T17:27:40,2436,OFF
1,ec256,4,351,0.6589160184375942,2026-04-27T17:27:40,2436,OFF
1,ec256,4,352,0.5531249917112291,2026-04-27T17:27:40,2436,OFF
1,ec256,4,353,0.5776250036433339,2026-04-27T17:27:40,2436,OFF
1,ec256,4,354,0.5655419663526118,2026-04-27T17:27:40,2436,OFF
1,ec256,4,355,0.567167007829994,2026-04-27T17:27:40,2436,OFF
1,ec256,4,356,0.5793339805677533,2026-04-27T17:27:40,2436,OFF
1,ec256,4,357,0.5615419941022992,2026-04-27T17:27:40,2436,OFF
1,ec256,4,358,0.5696669686585665,2026-04-27T17:27:40,2436,OFF
1,ec256,4,359,0.5916249938309193,2026-04-27T17:27:40,2436,OFF
1,ec256,4,360,0.5839159712195396,2026-04-27T17:27:40,2436,OFF
1,ec256,4,361,0.5645829951390624,2026-04-27T17:27:40,2436,OFF
1,ec256,4,362,0.5614159745164216,2026-04-27T17:27:40,2436,OFF
1,ec256,4,363,0.5614579422399402,2026-04-27T17:27:40,2436,OFF
1,ec256,4,364,0.5679579917341471,2026-04-27T17:27:40,2436,OFF
1,ec256,4,365,0.5614999681711197,2026-04-27T17:27:40,2436,OFF
1,ec256,4,366,0.5944580188952386,2026-04-27T17:27:40,2436,OFF
1,ec256,4,367,0.5761670181527734,2026-04-27T17:27:40,2436,OFF
1,ec256,4,368,0.5602920427918434,2026-04-27T17:27:40,2436,OFF
1,ec256,4,369,0.5713329883292317,2026-04-27T17:27:40,2436,OFF
1,ec256,4,370,0.5654170527122915,2026-04-27T17:27:40,2436,OFF
1,ec256,4,371,0.5723329959437251,2026-04-27T17:27:40,2436,OFF
1,ec256,4,372,0.5977500113658607,2026-04-27T17:27:40,2436,OFF
1,ec256,4,373,0.5898749805055559,2026-04-27T17:27:40,2436,OFF
1,ec256,4,374,0.6781659903936088,2026-04-27T17:27:40,2436,OFF
1,ec256,4,375,0.612374977208674,2026-04-27T17:27:40,2436,OFF
1,ec256,4,376,0.5762090440839529,2026-04-27T17:27:40,2436,OFF
1,ec256,4,377,0.5566669860854745,2026-04-27T17:27:40,2436,OFF
1,ec256,4,378,0.5517499521374702,2026-04-27T17:27:40,2436,OFF
1,ec256,4,379,0.5540000274777412,2026-04-27T17:27:40,2436,OFF
1,ec256,4,380,0.5526670138351619,2026-04-27T17:27:40,2436,OFF
1,ec256,4,381,0.5526250461116433,2026-04-27T17:27:40,2436,OFF
1,ec256,4,382,0.5498749669641256,2026-04-27T17:27:40,2436,OFF
1,ec256,4,383,0.5521249840967357,2026-04-27T17:27:40,2436,OFF
1,ec256,4,384,0.5511249764822423,2026-04-27T17:27:40,2436,OFF
1,ec256,4,385,0.558874977286905,2026-04-27T17:27:40,2436,OFF
1,ec256,4,386,0.5532909999601543,2026-04-27T17:27:40,2436,OFF
1,ec256,4,387,0.5882920231670141,2026-04-27T17:27:40,2436,OFF
1,ec256,4,388,0.5782920052297413,2026-04-27T17:27:40,2436,OFF
1,ec256,4,389,0.5778330378234386,2026-04-27T17:27:40,2436,OFF
1,ec256,4,390,0.5772080039605498,2026-04-27T17:27:40,2436,OFF
1,ec256,4,391,0.5774999735876918,2026-04-27T17:27:40,2436,OFF
1,ec256,4,392,0.5758330225944519,2026-04-27T17:27:40,2436,OFF
1,ec256,4,393,0.5774170276708901,2026-04-27T17:27:40,2436,OFF
1,ec256,4,394,0.6715829949826002,2026-04-27T17:27:40,2436,OFF
1,ec256,4,395,0.5781670333817601,2026-04-27T17:27:40,2436,OFF
1,ec256,4,396,0.6024999893270433,2026-04-27T17:27:40,2436,OFF
1,ec256,4,397,0.5944999866187572,2026-04-27T17:27:40,2436,OFF
1,ec256,4,398,0.584250024985522,2026-04-27T17:27:40,2436,OFF
1,ec256,4,399,0.5832919850945473,2026-04-27T17:27:40,2436,OFF
1,ec256,4,400,0.5794159951619804,2026-04-27T17:27:40,2436,OFF
1,ec256,4,401,0.58245804393664,2026-04-27T17:27:40,2436,OFF
1,ec256,4,402,0.5761249922215939,2026-04-27T17:27:40,2436,OFF
1,ec256,4,403,0.5778330378234386,2026-04-27T17:27:40,2436,OFF
1,ec256,4,404,0.5582909798249602,2026-04-27T17:27:40,2436,OFF
1,ec256,4,405,0.5667089717462659,2026-04-27T17:27:40,2436,OFF
1,ec256,4,406,0.604083004873246,2026-04-27T17:27:40,2436,OFF
1,ec256,4,407,0.5704999784938991,2026-04-27T17:27:40,2436,OFF
1,ec256,4,408,0.5743330111727118,2026-04-27T17:27:40,2436,OFF
1,ec256,4,409,0.5964579759165645,2026-04-27T17:27:40,2436,OFF
1,ec256,4,410,0.6014169775880873,2026-04-27T17:27:40,2436,OFF
1,ec256,4,411,0.58245804393664,2026-04-27T17:27:40,2436,OFF
1,ec256,4,412,0.5775419995188713,2026-04-27T17:27:40,2436,OFF
1,ec256,4,413,0.5749589763581753,2026-04-27T17:27:40,2436,OFF
1,ec256,4,414,0.5701250047422945,2026-04-27T17:27:40,2436,OFF
1,ec256,4,415,0.6137500167824328,2026-04-27T17:27:40,2436,OFF
1,ec256,4,416,0.6111659458838403,2026-04-27T17:27:40,2436,OFF
1,ec256,4,417,0.736208981834352,2026-04-27T17:27:40,2436,OFF
1,ec256,4,418,0.571165990550071,2026-04-27T17:27:40,2436,OFF
1,ec256,4,419,0.5755420424975455,2026-04-27T17:27:40,2436,OFF
1,ec256,4,420,0.585292000323534,2026-04-27T17:27:40,2436,OFF
1,ec256,4,421,0.5832909955643117,2026-04-27T17:27:40,2436,OFF
1,ec256,4,422,0.5808330024592578,2026-04-27T17:27:40,2436,OFF
1,ec256,4,423,0.5804580287076533,2026-04-27T17:27:40,2436,OFF
1,ec256,4,424,0.5698330351151526,2026-04-27T17:27:40,2436,OFF
1,ec256,4,425,0.5610000225715339,2026-04-27T17:27:40,2436,OFF
1,ec256,4,426,0.5746249807998538,2026-04-27T17:27:40,2436,OFF
1,ec256,4,427,0.5849170265719295,2026-04-27T17:27:40,2436,OFF
1,ec256,4,428,0.5776250036433339,2026-04-27T17:27:40,2436,OFF
1,ec256,4,429,0.576250022277236,2026-04-27T17:27:40,2436,OFF
1,ec256,4,430,0.5754159647040069,2026-04-27T17:27:40,2436,OFF
1,ec256,4,431,0.5694580031558871,2026-04-27T17:27:40,2436,OFF
1,ec256,4,432,0.5690840189345181,2026-04-27T17:27:40,2436,OFF
1,ec256,4,433,0.5747080431319773,2026-04-27T17:27:40,2436,OFF
1,ec256,4,434,0.5684160278178751,2026-04-27T17:27:40,2436,OFF
1,ec256,4,435,0.5777920014224946,2026-04-27T17:27:40,2436,OFF
1,ec256,4,436,0.6606659735552967,2026-04-27T17:27:40,2436,OFF
1,ec256,4,437,0.5739170010201633,2026-04-27T17:27:40,2436,OFF
1,ec256,4,438,0.5947090103290975,2026-04-27T17:27:40,2436,OFF
1,ec256,4,439,0.5830000154674053,2026-04-27T17:27:40,2436,OFF
1,ec256,4,440,0.5840829689987004,2026-04-27T17:27:40,2436,OFF
1,ec256,4,441,0.5724590155296028,2026-04-27T17:27:40,2436,OFF
1,ec256,4,442,0.5761659704148769,2026-04-27T17:27:40,2436,OFF
1,ec256,4,443,0.5801249644719064,2026-04-27T17:27:40,2436,OFF
1,ec256,4,444,0.5775839672423899,2026-04-27T17:27:40,2436,OFF
1,ec256,4,445,0.5780829815194011,2026-04-27T17:27:40,2436,OFF
1,ec256,4,446,0.5620000301860273,2026-04-27T17:27:40,2436,OFF
1,ec256,4,447,0.5590000073425472,2026-04-27T17:27:40,2436,OFF
1,ec256,4,448,0.5825839471071959,2026-04-27T17:27:40,2436,OFF
1,ec256,4,449,0.5930420011281967,2026-04-27T17:27:40,2436,OFF
1,ec256,4,450,0.5757909966632724,2026-04-27T17:27:40,2436,OFF
1,ec256,4,451,0.5805419641546905,2026-04-27T17:27:40,2436,OFF
1,ec256,4,452,0.580916996113956,2026-04-27T17:27:40,2436,OFF
1,ec256,4,453,0.5746249807998538,2026-04-27T17:27:40,2436,OFF
1,ec256,4,454,0.5731660057790577,2026-04-27T17:27:40,2436,OFF
1,ec256,4,455,0.5758749903179705,2026-04-27T17:27:40,2436,OFF
1,ec256,4,456,0.5772499716840684,2026-04-27T17:27:40,2436,OFF
1,ec256,4,457,0.6371670169755816,2026-04-27T17:27:40,2436,OFF
1,ec256,4,458,0.6060419837012887,2026-04-27T17:27:40,2436,OFF
1,ec256,4,459,0.6701659876853228,2026-04-27T17:27:40,2436,OFF
1,ec256,4,460,0.5867080180905759,2026-04-27T17:27:40,2436,OFF
1,ec256,4,461,0.5830830195918679,2026-04-27T17:27:40,2436,OFF
1,ec256,4,462,0.5831670132465661,2026-04-27T17:27:40,2436,OFF
1,ec256,4,463,0.5808330024592578,2026-04-27T17:27:40,2436,OFF
1,ec256,4,464,0.5927500315010548,2026-04-27T17:27:40,2436,OFF
1,ec256,4,465,0.606333022005856,2026-04-27T17:27:40,2436,OFF
1,ec256,4,466,0.5851250025443733,2026-04-27T17:27:40,2436,OFF
1,ec256,4,467,0.5578330019488931,2026-04-27T17:27:40,2436,OFF
1,ec256,4,468,0.5585000035353005,2026-04-27T17:27:40,2436,OFF
1,ec256,4,469,0.5874999915249646,2026-04-27T17:27:40,2436,OFF
1,ec256,4,470,0.5752920405939221,2026-04-27T17:27:40,2436,OFF
1,ec256,4,471,0.5730839911848307,2026-04-27T17:27:40,2436,OFF
1,ec256,4,472,0.5807079724036157,2026-04-27T17:27:40,2436,OFF
1,ec256,4,473,0.5784590030089021,2026-04-27T17:27:40,2436,OFF
1,ec256,4,474,0.5791669827885926,2026-04-27T17:27:40,2436,OFF
1,ec256,4,475,0.5773750017397106,2026-04-27T17:27:40,2436,OFF
1,ec256,4,476,0.5698750028386712,2026-04-27T17:27:40,2436,OFF
1,ec256,4,477,0.58787502348423,2026-04-27T17:27:40,2436,OFF
1,ec256,4,478,0.6878330023027956,2026-04-27T17:27:40,2436,OFF
1,ec256,4,479,0.5951659986749291,2026-04-27T17:27:40,2436,OFF
1,ec256,4,480,0.5962499999441206,2026-04-27T17:27:40,2436,OFF
1,ec256,4,481,0.5840840167365968,2026-04-27T17:27:40,2436,OFF
1,ec256,4,482,0.5866250139661133,2026-04-27T17:27:40,2436,OFF
1,ec256,4,483,0.5784169770777225,2026-04-27T17:27:40,2436,OFF
1,ec256,4,484,0.5771249998360872,2026-04-27T17:27:40,2436,OFF
1,ec256,4,485,0.5831659655086696,2026-04-27T17:27:40,2436,OFF
1,ec256,4,486,0.5751249846071005,2026-04-27T17:27:40,2436,OFF
1,ec256,4,487,0.5759579944424331,2026-04-27T17:27:40,2436,OFF
1,ec256,4,488,0.558874977286905,2026-04-27T17:27:40,2436,OFF
1,ec256,4,489,0.559625041205436,2026-04-27T17:27:40,2436,OFF
1,ec256,4,490,0.5882920231670141,2026-04-27T17:27:40,2436,OFF
1,ec256,4,491,0.5687089869752526,2026-04-27T17:27:40,2436,OFF
1,ec256,4,492,0.5778750055469573,2026-04-27T17:27:40,2436,OFF
1,ec256,4,493,0.5765830283053219,2026-04-27T17:27:40,2436,OFF
1,ec256,4,494,0.5857500364072621,2026-04-27T17:27:40,2436,OFF
1,ec256,4,495,0.5737909814342856,2026-04-27T17:27:40,2436,OFF
1,ec256,4,496,0.5650839884765446,2026-04-27T17:27:40,2436,OFF
1,ec256,4,497,0.5777909536845982,2026-04-27T17:27:40,2436,OFF
1,ec256,4,498,0.5721250199712813,2026-04-27T17:27:40,2436,OFF
1,ec256,4,499,0.6055000121705234,2026-04-27T17:27:40,2436,OFF
1,ec256,4,500,0.5738749750889838,2026-04-27T17:27:40,2436,OFF
1,ec256,4,501,0.5962499999441206,2026-04-27T17:27:40,2436,OFF
1,ec256,4,502,0.5935840308666229,2026-04-27T17:27:40,2436,OFF
1,ec256,4,503,0.5729169934056699,2026-04-27T17:27:40,2436,OFF
1,ec256,4,504,0.5702080088667572,2026-04-27T17:27:40,2436,OFF
1,ec256,4,505,0.5693749990314245,2026-04-27T17:27:40,2436,OFF
1,ec256,4,506,0.5842079990543425,2026-04-27T17:27:40,2436,OFF
1,ec256,4,507,0.577332975808531,2026-04-27T17:27:40,2436,OFF
1,ec256,4,508,0.6049170042388141,2026-04-27T17:27:40,2436,OFF
1,ec256,4,509,0.5895830108784139,2026-04-27T17:27:40,2436,OFF
1,ec256,4,510,0.7107499986886978,2026-04-27T17:27:40,2436,OFF
1,ec256,4,511,0.5561669822782278,2026-04-27T17:27:40,2436,OFF
1,ec256,4,512,0.553749967366457,2026-04-27T17:27:40,2436,OFF
1,ec256,4,513,0.5582500016316772,2026-04-27T17:27:40,2436,OFF
1,ec256,4,514,0.5623749457299709,2026-04-27T17:27:40,2436,OFF
1,ec256,4,515,0.5952499923296273,2026-04-27T17:27:40,2436,OFF
1,ec256,4,516,0.5790000432170928,2026-04-27T17:27:40,2436,OFF
1,ec256,4,517,0.566875038202852,2026-04-27T17:27:40,2436,OFF
1,ec256,4,518,0.5768749979324639,2026-04-27T17:27:40,2436,OFF
1,ec256,4,519,0.5493329954333603,2026-04-27T17:27:40,2436,OFF
1,ec256,4,520,0.6350419716909528,2026-04-27T17:27:40,2436,OFF
1,ec256,4,521,0.5522090359590948,2026-04-27T17:27:40,2436,OFF
1,ec256,4,522,0.5569580243900418,2026-04-27T17:27:40,2436,OFF
1,ec256,4,523,0.5564170423895121,2026-04-27T17:27:40,2436,OFF
1,ec256,4,524,0.5536670214496553,2026-04-27T17:27:40,2436,OFF
1,ec256,4,525,0.5652910331264138,2026-04-27T17:27:40,2436,OFF
1,ec256,4,526,0.5595000111497939,2026-04-27T17:27:40,2436,OFF
1,ec256,4,527,0.5621669697575271,2026-04-27T17:27:40,2436,OFF
1,ec256,4,528,0.5597079871222377,2026-04-27T17:27:40,2436,OFF
1,ec256,4,529,0.5527919856831431,2026-04-27T17:27:40,2436,OFF
1,ec256,4,530,0.5412500468082726,2026-04-27T17:27:40,2436,OFF
1,ec256,4,531,0.5870000459253788,2026-04-27T17:27:40,2436,OFF
1,ec256,4,532,0.807875010650605,2026-04-27T17:27:40,2436,OFF
1,ec256,4,533,0.8438749937340617,2026-04-27T17:27:40,2436,OFF
1,ec256,4,534,0.5946250166743994,2026-04-27T17:27:40,2436,OFF
1,ec256,4,535,0.5647919606417418,2026-04-27T17:27:40,2436,OFF
1,ec256,4,536,0.546166964340955,2026-04-27T17:27:40,2436,OFF
1,ec256,4,537,0.6226249970495701,2026-04-27T17:27:40,2436,OFF
1,ec256,4,538,0.5431249737739563,2026-04-27T17:27:40,2436,OFF
1,ec256,4,539,0.6015000399202108,2026-04-27T17:27:40,2436,OFF
1,ec256,4,540,0.6284579867497087,2026-04-27T17:27:40,2436,OFF
1,ec256,4,541,0.6034999969415367,2026-04-27T17:27:40,2436,OFF
1,ec256,4,542,0.5891660111956298,2026-04-27T17:27:40,2436,OFF
1,ec256,4,543,0.582000007852912,2026-04-27T17:27:40,2436,OFF
1,ec256,4,544,0.579125015065074,2026-04-27T17:27:40,2436,OFF
1,ec256,4,545,0.5738749750889838,2026-04-27T17:27:40,2436,OFF
1,ec256,4,546,0.5899160169064999,2026-04-27T17:27:40,2436,OFF
1,ec256,4,547,0.5765000241808593,2026-04-27T17:27:40,2436,OFF
1,ec256,4,548,0.5596670089289546,2026-04-27T17:27:40,2436,OFF
1,ec256,4,549,0.5605830228887498,2026-04-27T17:27:40,2436,OFF
1,ec256,4,550,0.5579169956035912,2026-04-27T17:27:40,2436,OFF
1,ec256,4,551,0.5580000579357147,2026-04-27T17:27:40,2436,OFF
1,ec256,4,552,0.6554159917868674,2026-04-27T17:27:40,2436,OFF
1,ec256,4,553,0.5895000067539513,2026-04-27T17:27:40,2436,OFF
1,ec256,4,554,0.63233298715204,2026-04-27T17:27:40,2436,OFF
1,ec256,4,555,0.6128749810159206,2026-04-27T17:27:40,2436,OFF
1,ec256,4,556,0.5649169906973839,2026-04-27T17:27:40,2436,OFF
1,ec256,4,557,0.5602500168606639,2026-04-27T17:27:40,2436,OFF
1,ec256,4,558,0.5971670034341514,2026-04-27T17:27:40,2436,OFF
1,ec256,4,559,0.5674589774571359,2026-04-27T17:27:40,2436,OFF
1,ec256,4,560,0.5858749500475824,2026-04-27T17:27:40,2436,OFF
1,ec256,4,561,0.9736670181155205,2026-04-27T17:27:40,2436,OFF
1,ec256,4,562,0.5417910288088024,2026-04-27T17:27:40,2436,OFF
1,ec256,4,563,0.5553750088438392,2026-04-27T17:27:40,2436,OFF
1,ec256,4,564,0.5558330449275672,2026-04-27T17:27:40,2436,OFF
1,ec256,4,565,0.5542919971048832,2026-04-27T17:27:40,2436,OFF
1,ec256,4,566,0.576915976125747,2026-04-27T17:27:40,2436,OFF
1,ec256,4,567,0.5545839667320251,2026-04-27T17:27:40,2436,OFF
1,ec256,4,568,0.5611249944195151,2026-04-27T17:27:40,2436,OFF
1,ec256,4,569,0.5333339795470238,2026-04-27T17:27:40,2436,OFF
1,ec256,4,570,0.5638329894281924,2026-04-27T17:27:40,2436,OFF
1,ec256,4,571,0.5528330220840871,2026-04-27T17:27:40,2436,OFF
1,ec256,4,572,0.552042038179934,2026-04-27T17:27:40,2436,OFF
1,ec256,4,573,0.5530419875867665,2026-04-27T17:27:40,2436,OFF
1,ec256,4,574,0.55387505562976,2026-04-27T17:27:40,2436,OFF
1,ec256,4,575,0.5800829967483878,2026-04-27T17:27:40,2436,OFF
1,ec256,4,576,0.5762079963460565,2026-04-27T17:27:40,2436,OFF
1,ec256,4,577,0.5728749674744904,2026-04-27T17:27:40,2436,OFF
1,ec256,4,578,0.5761669599451125,2026-04-27T17:27:40,2436,OFF
1,ec256,4,579,0.5736250313930213,2026-04-27T17:27:40,2436,OFF
1,ec256,4,580,0.5809579743072391,2026-04-27T17:27:40,2436,OFF
1,ec256,4,581,0.5735839949920774,2026-04-27T17:27:40,2436,OFF
1,ec256,4,582,0.6236250046640635,2026-04-27T17:27:40,2436,OFF
1,ec256,4,583,0.57366699911654,2026-04-27T17:27:40,2436,OFF
1,ec256,4,584,0.59179199161008,2026-04-27T17:27:40,2436,OFF
1,ec256,4,585,0.5993340164422989,2026-04-27T17:27:40,2436,OFF
1,ec256,4,586,0.5853339680470526,2026-04-27T17:27:40,2436,OFF
1,ec256,4,587,0.5797500489279628,2026-04-27T17:27:40,2436,OFF
1,ec256,4,588,0.5862920079380274,2026-04-27T17:27:40,2436,OFF
1,ec256,4,589,0.5782499792985618,2026-04-27T17:27:40,2436,OFF
1,ec256,4,590,0.5775419995188713,2026-04-27T17:27:40,2436,OFF
1,ec256,4,591,0.5883330013602972,2026-04-27T17:27:40,2436,OFF
1,ec256,4,592,0.5649169906973839,2026-04-27T17:27:40,2436,OFF
1,ec256,4,593,0.5639579612761736,2026-04-27T17:27:40,2436,OFF
1,ec256,4,594,0.5760000203736126,2026-04-27T17:27:40,2436,OFF
1,ec256,4,595,0.5863329861313105,2026-04-27T17:27:40,2436,OFF
1,ec256,4,596,0.5782499792985618,2026-04-27T17:27:40,2436,OFF
1,ec256,4,597,0.5687089869752526,2026-04-27T17:27:40,2436,OFF
1,ec256,4,598,0.5727499956265092,2026-04-27T17:27:40,2436,OFF
1,ec256,4,599,0.58170803822577,2026-04-27T17:27:40,2436,OFF
1,ec256,4,600,0.5908340099267662,2026-04-27T17:27:40,2436,OFF
1,ec256,4,601,0.5830409936606884,2026-04-27T17:27:40,2436,OFF
1,ec256,4,602,0.5707079544663429,2026-04-27T17:27:40,2436,OFF
1,ec256,4,603,0.6027499912306666,2026-04-27T17:27:40,2436,OFF
1,ec256,4,604,0.5779580096714199,2026-04-27T17:27:40,2436,OFF
1,ec256,4,605,0.5695419968105853,2026-04-27T17:27:40,2436,OFF
1,ec256,4,606,0.5815000040456653,2026-04-27T17:27:40,2436,OFF
1,ec256,4,607,0.5721659981645644,2026-04-27T17:27:40,2436,OFF
1,ec256,4,608,0.5579589633271098,2026-04-27T17:27:40,2436,OFF
1,ec256,4,609,0.5973750376142561,2026-04-27T17:27:40,2436,OFF
1,ec256,4,610,0.6044579786248505,2026-04-27T17:27:40,2436,OFF
1,ec256,4,611,0.6832500221207738,2026-04-27T17:27:40,2436,OFF
1,ec256,4,612,0.5799580249004066,2026-04-27T17:27:40,2436,OFF
1,ec256,4,613,0.5782079533673823,2026-04-27T17:27:40,2436,OFF
1,ec256,4,614,0.5632920074276626,2026-04-27T17:27:40,2436,OFF
1,ec256,4,615,0.5788750131614506,2026-04-27T17:27:40,2436,OFF
1,ec256,4,616,0.6286670104600489,2026-04-27T17:27:40,2436,OFF
1,ec256,4,617,0.5974579835310578,2026-04-27T17:27:40,2436,OFF
1,ec256,4,618,0.5772499716840684,2026-04-27T17:27:40,2436,OFF
1,ec256,4,619,0.5696250009350479,2026-04-27T17:27:40,2436,OFF
1,ec256,4,620,0.5757919861935079,2026-04-27T17:27:40,2436,OFF
1,ec256,4,621,0.5681670154444873,2026-04-27T17:27:40,2436,OFF
1,ec256,4,622,0.5572090158239007,2026-04-27T17:27:40,2436,OFF
1,ec256,4,623,0.5654999986290932,2026-04-27T17:27:40,2436,OFF
1,ec256,4,624,0.6612089928239584,2026-04-27T17:27:40,2436,OFF
1,ec256,4,625,0.5787919508293271,2026-04-27T17:27:40,2436,OFF
1,ec256,4,626,0.5858750082552433,2026-04-27T17:27:40,2436,OFF
1,ec256,4,627,0.5761659704148769,2026-04-27T17:27:40,2436,OFF
1,ec256,4,628,0.578792009036988,2026-04-27T17:27:40,2436,OFF
1,ec256,4,629,0.5752079887315631,2026-04-27T17:27:40,2436,OFF
1,ec256,4,630,0.5759160267189145,2026-04-27T17:27:40,2436,OFF
1,ec256,4,631,0.5760000203736126,2026-04-27T17:27:40,2436,OFF
1,ec256,4,632,0.5905000143684447,2026-04-27T17:27:40,2436,OFF
1,ec256,4,633,0.5749590345658362,2026-04-27T17:27:40,2436,OFF
1,ec256,4,634,0.5615839618258178,2026-04-27T17:27:40,2436,OFF
1,ec256,4,635,0.556665996555239,2026-04-27T17:27:40,2436,OFF
1,ec256,4,636,0.5692500271834433,2026-04-27T17:27:40,2436,OFF
1,ec256,4,637,0.5922089912928641,2026-04-27T17:27:40,2436,OFF
1,ec256,4,638,0.577333034016192,2026-04-27T17:27:40,2436,OFF
1,ec256,4,639,0.5767090478911996,2026-04-27T17:27:40,2436,OFF
1,ec256,4,640,0.5764170200563967,2026-04-27T17:27:40,2436,OFF
1,ec256,4,641,0.5738749750889838,2026-04-27T17:27:40,2436,OFF
1,ec256,4,642,0.5649999948218465,2026-04-27T17:27:40,2436,OFF
1,ec256,4,643,0.5659160087816417,2026-04-27T17:27:40,2436,OFF
1,ec256,4,644,0.5699169705621898,2026-04-27T17:27:40,2436,OFF
1,ec256,4,645,0.6058340077288449,2026-04-27T17:27:40,2436,OFF
1,ec256,4,646,0.5858330405317247,2026-04-27T17:27:40,2436,OFF
1,ec256,4,647,0.5892920307815075,2026-04-27T17:27:40,2436,OFF
1,ec256,4,648,0.5796670448035002,2026-04-27T17:27:40,2436,OFF
1,ec256,4,649,0.5789580172859132,2026-04-27T17:27:40,2436,OFF
1,ec256,4,650,0.5777499754913151,2026-04-27T17:27:40,2436,OFF
1,ec384,1,1,1.1843749671243131,2026-04-27T17:27:42,672,OFF
1,ec384,1,2,1.111165969632566,2026-04-27T17:27:42,672,OFF
1,ec384,1,3,1.099916989915073,2026-04-27T17:27:42,672,OFF
1,ec384,1,4,1.099332992453128,2026-04-27T17:27:42,672,OFF
1,ec384,1,5,1.100707973819226,2026-04-27T17:27:42,672,OFF
1,ec384,1,6,1.0737090487964451,2026-04-27T17:27:42,672,OFF
1,ec384,1,7,1.0447090025991201,2026-04-27T17:27:42,672,OFF
1,ec384,1,8,1.0392919648438692,2026-04-27T17:27:42,672,OFF
1,ec384,1,9,1.0469160042703152,2026-04-27T17:27:42,672,OFF
1,ec384,1,10,1.0436669690534472,2026-04-27T17:27:42,672,OFF
1,ec384,1,11,1.0110419825650752,2026-04-27T17:27:42,672,OFF
1,ec384,1,12,0.9989580139517784,2026-04-27T17:27:42,672,OFF
1,ec384,1,13,1.0772919631563127,2026-04-27T17:27:42,672,OFF
1,ec384,1,14,1.0852909763343632,2026-04-27T17:27:42,672,OFF
1,ec384,1,15,1.0157500510104,2026-04-27T17:27:42,672,OFF
1,ec384,1,16,0.9885419858619571,2026-04-27T17:27:42,672,OFF
1,ec384,1,17,1.0012920247390866,2026-04-27T17:27:42,672,OFF
1,ec384,1,18,0.9871250367723405,2026-04-27T17:27:42,672,OFF
1,ec384,1,19,0.985582999419421,2026-04-27T17:27:42,672,OFF
1,ec384,1,20,0.9627920226193964,2026-04-27T17:27:42,672,OFF
1,ec384,1,21,0.932082999497652,2026-04-27T17:27:42,672,OFF
1,ec384,1,22,0.9127919911406934,2026-04-27T17:27:42,672,OFF
1,ec384,1,23,0.9070000378414989,2026-04-27T17:27:42,672,OFF
1,ec384,1,24,0.9074170375242829,2026-04-27T17:27:42,672,OFF
1,ec384,1,25,0.9287500288337469,2026-04-27T17:27:42,672,OFF
1,ec384,1,26,0.9458340355195105,2026-04-27T17:27:42,672,OFF
1,ec384,1,27,0.9608750115148723,2026-04-27T17:27:42,672,OFF
1,ec384,1,28,0.9614170412532985,2026-04-27T17:27:42,672,OFF
1,ec384,1,29,1.169874973129481,2026-04-27T17:27:42,672,OFF
1,ec384,1,30,2.2337919799610972,2026-04-27T17:27:42,672,OFF
1,ec384,1,31,2.4254999589174986,2026-04-27T17:27:42,672,OFF
1,ec384,1,32,2.346667053643614,2026-04-27T17:27:42,672,OFF
1,ec384,1,33,2.2939580376259983,2026-04-27T17:27:42,672,OFF
1,ec384,1,34,2.2579579963348806,2026-04-27T17:27:42,672,OFF
1,ec384,1,35,2.143833029549569,2026-04-27T17:27:42,672,OFF
1,ec384,1,36,2.1439159754663706,2026-04-27T17:27:42,672,OFF
1,ec384,1,37,2.1701250225305557,2026-04-27T17:27:42,672,OFF
1,ec384,1,38,2.170792024116963,2026-04-27T17:27:42,672,OFF
1,ec384,1,39,2.12154199834913,2026-04-27T17:27:42,672,OFF
1,ec384,1,40,1.8320420058444142,2026-04-27T17:27:42,672,OFF
1,ec384,1,41,0.9394169901497662,2026-04-27T17:27:42,672,OFF
1,ec384,1,42,0.9330000029876828,2026-04-27T17:27:42,672,OFF
1,ec384,1,43,0.8846659911796451,2026-04-27T17:27:42,672,OFF
1,ec384,1,44,0.9127499652095139,2026-04-27T17:27:42,672,OFF
1,ec384,1,45,0.8684579515829682,2026-04-27T17:27:42,672,OFF
1,ec384,1,46,0.865040987264365,2026-04-27T17:27:42,672,OFF
1,ec384,1,47,0.8979999693110585,2026-04-27T17:27:42,672,OFF
1,ec384,1,48,0.8787080296315253,2026-04-27T17:27:42,672,OFF
1,ec384,1,49,0.9192909928970039,2026-04-27T17:27:42,672,OFF
1,ec384,1,50,0.9255000040866435,2026-04-27T17:27:42,672,OFF
1,ec384,1,51,0.8885840070433915,2026-04-27T17:27:42,672,OFF
1,ec384,1,52,0.9151250123977661,2026-04-27T17:27:43,672,OFF
1,ec384,1,53,0.8875000057742,2026-04-27T17:27:43,672,OFF
1,ec384,1,54,0.8605409529991448,2026-04-27T17:27:43,672,OFF
1,ec384,1,55,0.8587500196881592,2026-04-27T17:27:43,672,OFF
1,ec384,1,56,0.8812909945845604,2026-04-27T17:27:43,672,OFF
1,ec384,1,57,0.9871250367723405,2026-04-27T17:27:43,672,OFF
1,ec384,1,58,0.9518750011920929,2026-04-27T17:27:43,672,OFF
1,ec384,1,59,1.0001659975387156,2026-04-27T17:27:43,672,OFF
1,ec384,1,60,0.9782079723663628,2026-04-27T17:27:43,672,OFF
1,ec384,1,61,0.9622090146876872,2026-04-27T17:27:43,672,OFF
1,ec384,1,62,0.882041989825666,2026-04-27T17:27:43,672,OFF
1,ec384,1,63,0.8807499543763697,2026-04-27T17:27:43,672,OFF
1,ec384,1,64,0.8528750040568411,2026-04-27T17:27:43,672,OFF
1,ec384,1,65,0.8508329628966749,2026-04-27T17:27:43,672,OFF
1,ec384,1,66,0.8449999731965363,2026-04-27T17:27:43,672,OFF
1,ec384,1,67,0.902333005797118,2026-04-27T17:27:43,672,OFF
1,ec384,1,68,1.0580000234767795,2026-04-27T17:27:43,672,OFF
1,ec384,1,69,0.9174160077236593,2026-04-27T17:27:43,672,OFF
1,ec384,1,70,0.8430829620920122,2026-04-27T17:27:43,672,OFF
1,ec384,1,71,0.8549579652026296,2026-04-27T17:27:43,672,OFF
1,ec384,1,72,0.8571659564040601,2026-04-27T17:27:43,672,OFF
1,ec384,1,73,0.8618339779786766,2026-04-27T17:27:43,672,OFF
1,ec384,1,74,0.8619579602964222,2026-04-27T17:27:43,672,OFF
1,ec384,1,75,0.850207987241447,2026-04-27T17:27:43,672,OFF
1,ec384,1,76,0.8981249993667006,2026-04-27T17:27:43,672,OFF
1,ec384,1,77,0.9144590003415942,2026-04-27T17:27:43,672,OFF
1,ec384,1,78,2.334749966394156,2026-04-27T17:27:43,672,OFF
1,ec384,1,79,1.7734590219333768,2026-04-27T17:27:43,672,OFF
1,ec384,1,80,1.4995000092312694,2026-04-27T17:27:43,672,OFF
1,ec384,1,81,2.3094580392353237,2026-04-27T17:27:43,672,OFF
1,ec384,1,82,2.262790978420526,2026-04-27T17:27:43,672,OFF
1,ec384,1,83,1.928500016219914,2026-04-27T17:27:43,672,OFF
1,ec384,1,84,1.1580420541577041,2026-04-27T17:27:43,672,OFF
1,ec384,1,85,0.9988339734263718,2026-04-27T17:27:43,672,OFF
1,ec384,1,86,0.9890829678624868,2026-04-27T17:27:43,672,OFF
1,ec384,1,87,1.0402920306660235,2026-04-27T17:27:43,672,OFF
1,ec384,1,88,0.9021250298246741,2026-04-27T17:27:43,672,OFF
1,ec384,1,89,0.8915410144254565,2026-04-27T17:27:43,672,OFF
1,ec384,1,90,0.9144999785348773,2026-04-27T17:27:43,672,OFF
1,ec384,1,91,0.916499993763864,2026-04-27T17:27:43,672,OFF
1,ec384,1,92,0.8928329916670918,2026-04-27T17:27:43,672,OFF
1,ec384,1,93,0.8889999589882791,2026-04-27T17:27:43,672,OFF
1,ec384,1,94,0.8745829691179097,2026-04-27T17:27:43,672,OFF
1,ec384,1,95,0.8992920047603548,2026-04-27T17:27:43,672,OFF
1,ec384,1,96,0.9157079621218145,2026-04-27T17:27:43,672,OFF
1,ec384,1,97,0.9103750344365835,2026-04-27T17:27:43,672,OFF
1,ec384,1,98,0.928834022488445,2026-04-27T17:27:43,672,OFF
1,ec384,1,99,0.9007499902509153,2026-04-27T17:27:43,672,OFF
1,ec384,1,100,0.9317080257460475,2026-04-27T17:27:43,672,OFF
1,ec384,1,101,0.8872089674696326,2026-04-27T17:27:43,672,OFF
1,ec384,1,102,0.9192500147037208,2026-04-27T17:27:43,672,OFF
1,ec384,1,103,0.892625015694648,2026-04-27T17:27:43,672,OFF
1,ec384,1,104,0.8964590379036963,2026-04-27T17:27:43,672,OFF
1,ec384,1,105,0.934292038436979,2026-04-27T17:27:43,672,OFF
1,ec384,1,106,0.9754159837029874,2026-04-27T17:27:43,672,OFF
1,ec384,1,107,0.9736670181155205,2026-04-27T17:27:43,672,OFF
1,ec384,1,108,1.045708020683378,2026-04-27T17:27:43,672,OFF
1,ec384,1,109,0.9260000078938901,2026-04-27T17:27:43,672,OFF
1,ec384,1,110,0.9555420256219804,2026-04-27T17:27:43,672,OFF
1,ec384,1,111,1.0078329942189157,2026-04-27T17:27:43,672,OFF
1,ec384,1,112,0.975416973233223,2026-04-27T17:27:43,672,OFF
1,ec384,1,113,0.9936660062521696,2026-04-27T17:27:43,672,OFF
1,ec384,1,114,0.9090420207940042,2026-04-27T17:27:43,672,OFF
1,ec384,1,115,0.8730000117793679,2026-04-27T17:27:43,672,OFF
1,ec384,1,116,0.8655840065330267,2026-04-27T17:27:43,672,OFF
1,ec384,1,117,0.9292499744333327,2026-04-27T17:27:43,672,OFF
1,ec384,1,118,0.8746249950490892,2026-04-27T17:27:43,672,OFF
1,ec384,1,119,1.1543749715201557,2026-04-27T17:27:43,672,OFF
1,ec384,1,120,1.0490420390851796,2026-04-27T17:27:43,672,OFF
1,ec384,1,121,0.9208329720422626,2026-04-27T17:27:43,672,OFF
1,ec384,1,122,0.8857909706421196,2026-04-27T17:27:43,672,OFF
1,ec384,1,123,0.8802080410532653,2026-04-27T17:27:43,672,OFF
1,ec384,1,124,0.8727079839445651,2026-04-27T17:27:43,672,OFF
1,ec384,1,125,0.8844999829307199,2026-04-27T17:27:43,672,OFF
1,ec384,1,126,0.858584011439234,2026-04-27T17:27:43,672,OFF
1,ec384,1,127,0.8625410264357924,2026-04-27T17:27:43,672,OFF
1,ec384,1,128,0.900499988347292,2026-04-27T17:27:43,672,OFF
1,ec384,1,129,0.8866250282153487,2026-04-27T17:27:43,672,OFF
1,ec384,1,130,0.8896670187823474,2026-04-27T17:27:43,672,OFF
1,ec384,1,131,0.9044580510817468,2026-04-27T17:27:43,672,OFF
1,ec384,1,132,0.886458030436188,2026-04-27T17:27:43,672,OFF
1,ec384,1,133,0.9033340029418468,2026-04-27T17:27:43,672,OFF
1,ec384,1,134,1.0091669973917305,2026-04-27T17:27:43,672,OFF
1,ec384,1,135,1.1326659587211907,2026-04-27T17:27:43,672,OFF
1,ec384,1,136,1.126374991144985,2026-04-27T17:27:43,672,OFF
1,ec384,1,137,0.9417920373380184,2026-04-27T17:27:43,672,OFF
1,ec384,1,138,0.9454999817535281,2026-04-27T17:27:43,672,OFF
1,ec384,1,139,0.86583400843665,2026-04-27T17:27:43,672,OFF
1,ec384,1,140,0.8481669938191772,2026-04-27T17:27:43,672,OFF
1,ec384,1,141,1.1881670216098428,2026-04-27T17:27:43,672,OFF
1,ec384,1,142,1.982124987989664,2026-04-27T17:27:43,672,OFF
1,ec384,1,143,1.0007080272771418,2026-04-27T17:27:43,672,OFF
1,ec384,1,144,0.9566249791532755,2026-04-27T17:27:43,672,OFF
1,ec384,1,145,0.9950840030796826,2026-04-27T17:27:43,672,OFF
1,ec384,1,146,0.9565420332364738,2026-04-27T17:27:43,672,OFF
1,ec384,1,147,1.0722080478444695,2026-04-27T17:27:43,672,OFF
1,ec384,1,148,1.37945800088346,2026-04-27T17:27:43,672,OFF
1,ec384,1,149,0.9875419782474637,2026-04-27T17:27:43,672,OFF
1,ec384,1,150,0.9721250389702618,2026-04-27T17:27:43,672,OFF
1,ec384,1,151,0.9525839705020189,2026-04-27T17:27:43,672,OFF
1,ec384,1,152,0.963166996371001,2026-04-27T17:27:43,672,OFF
1,ec384,1,153,0.9667500271461904,2026-04-27T17:27:43,672,OFF
1,ec384,1,154,0.9664579993113875,2026-04-27T17:27:43,672,OFF
1,ec384,1,155,0.938915996812284,2026-04-27T17:27:43,672,OFF
1,ec384,1,156,1.1131250066682696,2026-04-27T17:27:43,672,OFF
1,ec384,1,157,0.9380829869769514,2026-04-27T17:27:43,672,OFF
1,ec384,1,158,0.9034160175360739,2026-04-27T17:27:43,672,OFF
1,ec384,1,159,0.984541024081409,2026-04-27T17:27:43,672,OFF
1,ec384,1,160,1.1151250218972564,2026-04-27T17:27:43,672,OFF
1,ec384,1,161,1.298749994020909,2026-04-27T17:27:43,672,OFF
1,ec384,1,162,0.9434170206077397,2026-04-27T17:27:43,672,OFF
1,ec384,1,163,0.8670000243000686,2026-04-27T17:27:43,672,OFF
1,ec384,1,164,0.9672919986769557,2026-04-27T17:27:43,672,OFF
1,ec384,1,165,0.8559580310247838,2026-04-27T17:27:43,672,OFF
1,ec384,1,166,0.8760410128161311,2026-04-27T17:27:43,672,OFF
1,ec384,1,167,1.17425003554672,2026-04-27T17:27:43,672,OFF
1,ec384,1,168,0.8900829707272351,2026-04-27T17:27:43,672,OFF
1,ec384,1,169,0.8541669812984765,2026-04-27T17:27:43,672,OFF
1,ec384,1,170,0.9419579873792827,2026-04-27T17:27:43,672,OFF
1,ec384,1,171,1.6560410149395466,2026-04-27T17:27:43,672,OFF
1,ec384,1,172,1.0761659941636026,2026-04-27T17:27:43,672,OFF
1,ec384,1,173,1.0184170096181333,2026-04-27T17:27:43,672,OFF
1,ec384,1,174,0.9726670105010271,2026-04-27T17:27:43,672,OFF
1,ec384,1,175,1.329083985183388,2026-04-27T17:27:43,672,OFF
1,ec384,1,176,0.9191670105792582,2026-04-27T17:27:43,672,OFF
1,ec384,1,177,0.9141669725067914,2026-04-27T17:27:43,672,OFF
1,ec384,1,178,0.8614579564891756,2026-04-27T17:27:43,672,OFF
1,ec384,1,179,0.8507920429110527,2026-04-27T17:27:43,672,OFF
1,ec384,1,180,1.0181249817833304,2026-04-27T17:27:43,672,OFF
1,ec384,1,181,0.9473750251345336,2026-04-27T17:27:43,672,OFF
1,ec384,1,182,0.8759999764151871,2026-04-27T17:27:43,672,OFF
1,ec384,1,183,0.9604169754311442,2026-04-27T17:27:43,672,OFF
1,ec384,1,184,0.924791966099292,2026-04-27T17:27:43,672,OFF
1,ec384,1,185,0.9444580064155161,2026-04-27T17:27:43,672,OFF
1,ec384,1,186,0.9748750017024577,2026-04-27T17:27:43,672,OFF
1,ec384,1,187,1.1139159905724227,2026-04-27T17:27:43,672,OFF
1,ec384,1,188,0.9159170440398157,2026-04-27T17:27:43,672,OFF
1,ec384,1,189,0.8805830148048699,2026-04-27T17:27:43,672,OFF
1,ec384,1,190,0.8999169804155827,2026-04-27T17:27:43,672,OFF
1,ec384,1,191,0.8962919819168746,2026-04-27T17:27:43,672,OFF
1,ec384,1,192,0.8757500327192247,2026-04-27T17:27:43,672,OFF
1,ec384,1,193,1.106542011257261,2026-04-27T17:27:43,672,OFF
1,ec384,1,194,0.9742919937707484,2026-04-27T17:27:43,672,OFF
1,ec384,1,195,0.8909580064937472,2026-04-27T17:27:43,672,OFF
1,ec384,1,196,0.9131249971687794,2026-04-27T17:27:43,672,OFF
1,ec384,1,197,0.9492920362390578,2026-04-27T17:27:43,672,OFF
1,ec384,1,198,0.935667019803077,2026-04-27T17:27:43,672,OFF
1,ec384,1,199,0.9981669718399644,2026-04-27T17:27:43,672,OFF
1,ec384,1,200,1.1333329603075981,2026-04-27T17:27:43,672,OFF
1,ec384,1,201,1.0596250067465007,2026-04-27T17:27:43,672,OFF
1,ec384,1,202,0.933125033043325,2026-04-27T17:27:43,672,OFF
1,ec384,1,203,1.2442919542081654,2026-04-27T17:27:43,672,OFF
1,ec384,1,204,1.0003340430557728,2026-04-27T17:27:43,672,OFF
1,ec384,1,205,1.2062090099789202,2026-04-27T17:27:43,672,OFF
1,ec384,1,206,0.9562500054016709,2026-04-27T17:27:43,672,OFF
1,ec384,1,207,1.1307920212857425,2026-04-27T17:27:43,672,OFF
1,ec384,1,208,0.9479169966652989,2026-04-27T17:27:43,672,OFF
1,ec384,1,209,0.8965840097516775,2026-04-27T17:27:43,672,OFF
1,ec384,1,210,0.9559590253047645,2026-04-27T17:27:43,672,OFF
1,ec384,1,211,1.092374965082854,2026-04-27T17:27:43,672,OFF
1,ec384,1,212,0.9890420478768647,2026-04-27T17:27:43,672,OFF
1,ec384,1,213,1.117790990974754,2026-04-27T17:27:43,672,OFF
1,ec384,1,214,1.4574999804608524,2026-04-27T17:27:43,672,OFF
1,ec384,1,215,1.4735000440850854,2026-04-27T17:27:43,672,OFF
1,ec384,1,216,0.9117090376093984,2026-04-27T17:27:43,672,OFF
1,ec384,1,217,0.8812909945845604,2026-04-27T17:27:43,672,OFF
1,ec384,1,218,0.9055840200744569,2026-04-27T17:27:43,672,OFF
1,ec384,1,219,0.8973340154625475,2026-04-27T17:27:43,672,OFF
1,ec384,1,220,0.9260409860871732,2026-04-27T17:27:43,672,OFF
1,ec384,1,221,0.8689999813213944,2026-04-27T17:27:43,672,OFF
1,ec384,1,222,1.0755420080386102,2026-04-27T17:27:43,672,OFF
1,ec384,1,223,0.9100409806706011,2026-04-27T17:27:43,672,OFF
1,ec384,1,224,0.9125840151682496,2026-04-27T17:27:43,672,OFF
1,ec384,1,225,0.9366250014863908,2026-04-27T17:27:43,672,OFF
1,ec384,1,226,1.0911659919656813,2026-04-27T17:27:43,672,OFF
1,ec384,1,227,0.9701249655336142,2026-04-27T17:27:43,672,OFF
1,ec384,1,228,0.8577079861424863,2026-04-27T17:27:43,672,OFF
1,ec384,1,229,0.8683750056661665,2026-04-27T17:27:43,672,OFF
1,ec384,1,230,0.8572079823352396,2026-04-27T17:27:43,672,OFF
1,ec384,1,231,0.8390420116484165,2026-04-27T17:27:43,672,OFF
1,ec384,1,232,0.8399999933317304,2026-04-27T17:27:43,672,OFF
1,ec384,1,233,0.8367090485990047,2026-04-27T17:27:43,672,OFF
1,ec384,1,234,0.8602919988334179,2026-04-27T17:27:43,672,OFF
1,ec384,1,235,0.8759580086916685,2026-04-27T17:27:43,672,OFF
1,ec384,1,236,0.8479169919155538,2026-04-27T17:27:43,672,OFF
1,ec384,1,237,0.8702080231159925,2026-04-27T17:27:43,672,OFF
1,ec384,1,238,0.8607080089859664,2026-04-27T17:27:43,672,OFF
1,ec384,1,239,0.8943750290200114,2026-04-27T17:27:43,672,OFF
1,ec384,1,240,0.9051660308614373,2026-04-27T17:27:43,672,OFF
1,ec384,1,241,0.8811250445432961,2026-04-27T17:27:43,672,OFF
1,ec384,1,242,0.8672090480104089,2026-04-27T17:27:43,672,OFF
1,ec384,1,243,0.8472920162603259,2026-04-27T17:27:43,672,OFF
1,ec384,1,244,0.8428749861195683,2026-04-27T17:27:43,672,OFF
1,ec384,1,245,0.8474159985780716,2026-04-27T17:27:43,672,OFF
1,ec384,1,246,0.8532920037396252,2026-04-27T17:27:43,672,OFF
1,ec384,1,247,0.8538340334780514,2026-04-27T17:27:43,672,OFF
1,ec384,1,248,0.8830000297166407,2026-04-27T17:27:43,672,OFF
1,ec384,1,249,0.9060839656740427,2026-04-27T17:27:43,672,OFF
1,ec384,1,250,0.9038340067490935,2026-04-27T17:27:43,672,OFF
1,ec384,1,251,0.8653749828226864,2026-04-27T17:27:43,672,OFF
1,ec384,1,252,0.8442079997621477,2026-04-27T17:27:43,672,OFF
1,ec384,1,253,0.8356670150533319,2026-04-27T17:27:43,672,OFF
1,ec384,1,254,0.8609169744886458,2026-04-27T17:27:43,672,OFF
1,ec384,1,255,0.8320829947479069,2026-04-27T17:27:43,672,OFF
1,ec384,1,256,0.9373750071972609,2026-04-27T17:27:43,672,OFF
1,ec384,1,257,0.8326250244863331,2026-04-27T17:27:43,672,OFF
1,ec384,1,258,0.8684580097906291,2026-04-27T17:27:43,672,OFF
1,ec384,1,259,0.8449589950032532,2026-04-27T17:27:43,672,OFF
1,ec384,1,260,0.8354579913429916,2026-04-27T17:27:43,672,OFF
1,ec384,1,261,0.8360840147361159,2026-04-27T17:27:43,672,OFF
1,ec384,1,262,0.8588340133428574,2026-04-27T17:27:43,672,OFF
1,ec384,1,263,0.8772910223342478,2026-04-27T17:27:43,672,OFF
1,ec384,1,264,0.8455420029349625,2026-04-27T17:27:43,672,OFF
1,ec384,1,265,0.8384579559788108,2026-04-27T17:27:43,672,OFF
1,ec384,1,266,0.8362919907085598,2026-04-27T17:27:43,672,OFF
1,ec384,1,267,0.8331249700859189,2026-04-27T17:27:43,672,OFF
1,ec384,1,268,0.830999983008951,2026-04-27T17:27:43,672,OFF
1,ec384,1,269,0.8287089876830578,2026-04-27T17:27:43,672,OFF
1,ec384,1,270,0.8721249760128558,2026-04-27T17:27:43,672,OFF
1,ec384,1,271,0.8468750165775418,2026-04-27T17:27:43,672,OFF
1,ec384,1,272,0.9726659627631307,2026-04-27T17:27:43,672,OFF
1,ec384,1,273,0.836457998957485,2026-04-27T17:27:43,672,OFF
1,ec384,1,274,0.8414580370299518,2026-04-27T17:27:43,672,OFF
1,ec384,1,275,0.8373330347239971,2026-04-27T17:27:43,672,OFF
1,ec384,1,276,0.8381250081583858,2026-04-27T17:27:43,672,OFF
1,ec384,1,277,0.8307920070365071,2026-04-27T17:27:43,672,OFF
1,ec384,1,278,0.8273330167867243,2026-04-27T17:27:43,672,OFF
1,ec384,1,279,0.8496670052409172,2026-04-27T17:27:43,672,OFF
1,ec384,1,280,0.8363330271095037,2026-04-27T17:27:43,672,OFF
1,ec384,1,281,0.8517910027876496,2026-04-27T17:27:43,672,OFF
1,ec384,1,282,0.8402499952353537,2026-04-27T17:27:43,672,OFF
1,ec384,1,283,0.8460420067422092,2026-04-27T17:27:43,672,OFF
1,ec384,1,284,0.8574170060455799,2026-04-27T17:27:43,672,OFF
1,ec384,1,285,0.8498340030200779,2026-04-27T17:27:43,672,OFF
1,ec384,1,286,0.9585410007275641,2026-04-27T17:27:43,672,OFF
1,ec384,1,287,0.8564579766243696,2026-04-27T17:27:43,672,OFF
1,ec384,1,288,0.8715000003576279,2026-04-27T17:27:43,672,OFF
1,ec384,1,289,0.8756659808568656,2026-04-27T17:27:43,672,OFF
1,ec384,1,290,0.8640419691801071,2026-04-27T17:27:43,672,OFF
1,ec384,1,291,0.8461659890599549,2026-04-27T17:27:43,672,OFF
1,ec384,1,292,0.8562079747207463,2026-04-27T17:27:43,672,OFF
1,ec384,1,293,0.838708016090095,2026-04-27T17:27:43,672,OFF
1,ec384,1,294,0.8405839907936752,2026-04-27T17:27:43,672,OFF
1,ec384,1,295,0.8801249787211418,2026-04-27T17:27:43,672,OFF
1,ec384,1,296,0.8610420045442879,2026-04-27T17:27:43,672,OFF
1,ec384,1,297,0.8473749621771276,2026-04-27T17:27:43,672,OFF
1,ec384,1,298,0.8429170120507479,2026-04-27T17:27:43,672,OFF
1,ec384,1,299,0.8268750389106572,2026-04-27T17:27:43,672,OFF
1,ec384,1,300,0.8444170234724879,2026-04-27T17:27:43,672,OFF
1,ec384,1,301,0.8804589742794633,2026-04-27T17:27:43,672,OFF
1,ec384,1,302,0.867249967996031,2026-04-27T17:27:43,672,OFF
1,ec384,1,303,0.8641249733045697,2026-04-27T17:27:43,672,OFF
1,ec384,1,304,0.932082999497652,2026-04-27T17:27:43,672,OFF
1,ec384,1,305,0.9384580189362168,2026-04-27T17:27:43,672,OFF
1,ec384,1,306,0.8959170081652701,2026-04-27T17:27:43,672,OFF
1,ec384,1,307,0.8830419974401593,2026-04-27T17:27:43,672,OFF
1,ec384,1,308,0.8582500158809125,2026-04-27T17:27:43,672,OFF
1,ec384,1,309,0.8361670188605785,2026-04-27T17:27:43,672,OFF
1,ec384,1,310,0.8249590173363686,2026-04-27T17:27:43,672,OFF
1,ec384,1,311,0.85891701746732,2026-04-27T17:27:43,672,OFF
1,ec384,1,312,0.8587919874116778,2026-04-27T17:27:43,672,OFF
1,ec384,1,313,0.8445419953204691,2026-04-27T17:27:43,672,OFF
1,ec384,1,314,0.8304999792017043,2026-04-27T17:27:43,672,OFF
1,ec384,1,315,0.8268329547718167,2026-04-27T17:27:43,672,OFF
1,ec384,1,316,0.8283330244012177,2026-04-27T17:27:43,672,OFF
1,ec384,1,317,0.9213750017806888,2026-04-27T17:27:43,672,OFF
1,ec384,1,318,0.9999170433729887,2026-04-27T17:27:43,672,OFF
1,ec384,1,319,0.8535840315744281,2026-04-27T17:27:43,672,OFF
1,ec384,1,320,0.8585830219089985,2026-04-27T17:27:43,672,OFF
1,ec384,1,321,0.846249982714653,2026-04-27T17:27:43,672,OFF
1,ec384,1,322,0.8315839804708958,2026-04-27T17:27:43,672,OFF
1,ec384,1,323,0.8387920097447932,2026-04-27T17:27:43,672,OFF
1,ec384,1,324,0.8134169620461762,2026-04-27T17:27:43,672,OFF
1,ec384,1,325,0.8350000134669244,2026-04-27T17:27:43,672,OFF
1,ec384,1,326,0.8573329541832209,2026-04-27T17:27:43,672,OFF
1,ec384,1,327,0.8303749491460621,2026-04-27T17:27:43,672,OFF
1,ec384,1,328,0.8322090143337846,2026-04-27T17:27:43,672,OFF
1,ec384,1,329,0.8329579723067582,2026-04-27T17:27:43,672,OFF
1,ec384,1,330,0.8311250130645931,2026-04-27T17:27:43,672,OFF
1,ec384,1,331,0.8314159931614995,2026-04-27T17:27:43,672,OFF
1,ec384,1,332,0.8680410101078451,2026-04-27T17:27:43,672,OFF
1,ec384,1,333,0.9435419924557209,2026-04-27T17:27:43,672,OFF
1,ec384,1,334,0.8492909837514162,2026-04-27T17:27:43,672,OFF
1,ec384,1,335,0.8666669600643218,2026-04-27T17:27:43,672,OFF
1,ec384,1,336,0.8472079643979669,2026-04-27T17:27:43,672,OFF
1,ec384,1,337,0.8511249907314777,2026-04-27T17:27:43,672,OFF
1,ec384,1,338,0.8390420116484165,2026-04-27T17:27:43,672,OFF
1,ec384,1,339,0.8374170283786952,2026-04-27T17:27:43,672,OFF
1,ec384,1,340,0.8243339834734797,2026-04-27T17:27:43,672,OFF
1,ec384,1,341,0.8582919836044312,2026-04-27T17:27:43,672,OFF
1,ec384,1,342,0.8526250021532178,2026-04-27T17:27:43,672,OFF
1,ec384,1,343,0.8472920162603259,2026-04-27T17:27:43,672,OFF
1,ec384,1,344,0.8407079731114209,2026-04-27T17:27:43,672,OFF
1,ec384,1,345,0.8302080095745623,2026-04-27T17:27:43,672,OFF
1,ec384,1,346,0.8351249853149056,2026-04-27T17:27:43,672,OFF
1,ec384,1,347,0.8481659460812807,2026-04-27T17:27:43,672,OFF
1,ec384,1,348,0.9254579781554639,2026-04-27T17:27:43,672,OFF
1,ec384,1,349,0.8406660053879023,2026-04-27T17:27:43,672,OFF
1,ec384,1,350,0.8583330200053751,2026-04-27T17:27:43,672,OFF
1,ec384,1,351,0.8553339866921306,2026-04-27T17:27:43,672,OFF
1,ec384,1,352,0.8409160072915256,2026-04-27T17:27:43,672,OFF
1,ec384,1,353,0.8309580152854323,2026-04-27T17:27:43,672,OFF
1,ec384,1,354,0.8945409790612757,2026-04-27T17:27:43,672,OFF
1,ec384,1,355,0.914708012714982,2026-04-27T17:27:43,672,OFF
1,ec384,1,356,0.8461669785901904,2026-04-27T17:27:43,672,OFF
1,ec384,1,357,0.8344579837284982,2026-04-27T17:27:43,672,OFF
1,ec384,1,358,0.8269590325653553,2026-04-27T17:27:43,672,OFF
1,ec384,1,359,0.8298750035464764,2026-04-27T17:27:43,672,OFF
1,ec384,1,360,0.8356670150533319,2026-04-27T17:27:43,672,OFF
1,ec384,1,361,0.8591669611632824,2026-04-27T17:27:43,672,OFF
1,ec384,1,362,0.8277500164695084,2026-04-27T17:27:43,672,OFF
1,ec384,1,363,0.8739579934626818,2026-04-27T17:27:43,672,OFF
1,ec384,1,364,0.8679169695824385,2026-04-27T17:27:43,672,OFF
1,ec384,1,365,1.0013339924626052,2026-04-27T17:27:43,672,OFF
1,ec384,1,366,0.851334014441818,2026-04-27T17:27:43,672,OFF
1,ec384,1,367,0.8451250032521784,2026-04-27T17:27:43,672,OFF
1,ec384,1,368,0.8367500267922878,2026-04-27T17:27:43,672,OFF
1,ec384,1,369,0.8256249711848795,2026-04-27T17:27:43,672,OFF
1,ec384,1,370,0.8371670264750719,2026-04-27T17:27:43,672,OFF
1,ec384,1,371,0.8298750035464764,2026-04-27T17:27:43,672,OFF
1,ec384,1,372,0.8348329574801028,2026-04-27T17:27:43,672,OFF
1,ec384,1,373,0.8493330096825957,2026-04-27T17:27:43,672,OFF
1,ec384,1,374,0.8258749730885029,2026-04-27T17:27:43,672,OFF
1,ec384,1,375,0.8287919918075204,2026-04-27T17:27:43,672,OFF
1,ec384,1,376,0.8273340063169599,2026-04-27T17:27:43,672,OFF
1,ec384,1,377,0.8295410079881549,2026-04-27T17:27:43,672,OFF
1,ec384,1,378,0.8326250244863331,2026-04-27T17:27:43,672,OFF
1,ec384,1,379,0.9266670094802976,2026-04-27T17:27:43,672,OFF
1,ec384,1,380,0.8414999465458095,2026-04-27T17:27:43,672,OFF
1,ec384,1,381,0.8569579804316163,2026-04-27T17:27:43,672,OFF
1,ec384,1,382,0.8519170223735273,2026-04-27T17:27:43,672,OFF
1,ec384,1,383,0.8370410068891943,2026-04-27T17:27:43,672,OFF
1,ec384,1,384,0.8466250146739185,2026-04-27T17:27:43,672,OFF
1,ec384,1,385,0.8361250511370599,2026-04-27T17:27:43,672,OFF
1,ec384,1,386,0.8367499685846269,2026-04-27T17:27:43,672,OFF
1,ec384,1,387,0.8337500039488077,2026-04-27T17:27:43,672,OFF
1,ec384,1,388,0.8880839450284839,2026-04-27T17:27:43,672,OFF
1,ec384,1,389,0.8441670215688646,2026-04-27T17:27:43,672,OFF
1,ec384,1,390,0.8625419577583671,2026-04-27T17:27:43,672,OFF
1,ec384,1,391,0.8564580348320305,2026-04-27T17:27:43,672,OFF
1,ec384,1,392,0.8434169576503336,2026-04-27T17:27:43,672,OFF
1,ec384,1,393,0.8384169777855277,2026-04-27T17:27:43,672,OFF
1,ec384,1,394,0.8315839804708958,2026-04-27T17:27:43,672,OFF
1,ec384,1,395,0.9147090022452176,2026-04-27T17:27:43,672,OFF
1,ec384,1,396,0.8445410057902336,2026-04-27T17:27:43,672,OFF
1,ec384,1,397,0.8607909549027681,2026-04-27T17:27:43,672,OFF
1,ec384,1,398,0.859291001688689,2026-04-27T17:27:43,672,OFF
1,ec384,1,399,0.873040989972651,2026-04-27T17:27:43,672,OFF
1,ec384,1,400,0.8344170055352151,2026-04-27T17:27:43,672,OFF
1,ec384,1,401,0.8278750465251505,2026-04-27T17:27:43,672,OFF
1,ec384,1,402,0.8429160225205123,2026-04-27T17:27:43,672,OFF
1,ec384,1,403,0.8416250348091125,2026-04-27T17:27:43,672,OFF
1,ec384,1,404,0.891875009983778,2026-04-27T17:27:43,672,OFF
1,ec384,1,405,0.8566249744035304,2026-04-27T17:27:43,672,OFF
1,ec384,1,406,0.9278749930672348,2026-04-27T17:27:43,672,OFF
1,ec384,1,407,0.8884169510565698,2026-04-27T17:27:43,672,OFF
1,ec384,1,408,0.9704589610919356,2026-04-27T17:27:43,672,OFF
1,ec384,1,409,0.8338749757967889,2026-04-27T17:27:43,672,OFF
1,ec384,1,410,0.9395829983986914,2026-04-27T17:27:43,672,OFF
1,ec384,1,411,0.852834025863558,2026-04-27T17:27:43,672,OFF
1,ec384,1,412,0.8482920238748193,2026-04-27T17:27:43,672,OFF
1,ec384,1,413,0.8440410019829869,2026-04-27T17:27:43,672,OFF
1,ec384,1,414,0.8360419888049364,2026-04-27T17:27:43,672,OFF
1,ec384,1,415,0.8451250032521784,2026-04-27T17:27:43,672,OFF
1,ec384,1,416,0.836874998640269,2026-04-27T17:27:43,672,OFF
1,ec384,1,417,0.8375420002266765,2026-04-27T17:27:43,672,OFF
1,ec384,1,418,0.8231659885495901,2026-04-27T17:27:43,672,OFF
1,ec384,1,419,0.8247910300269723,2026-04-27T17:27:43,672,OFF
1,ec384,1,420,0.8320420165546238,2026-04-27T17:27:43,672,OFF
1,ec384,1,421,0.8357500191777945,2026-04-27T17:27:43,672,OFF
1,ec384,1,422,0.8301250054500997,2026-04-27T17:27:43,672,OFF
1,ec384,1,423,0.8277500164695084,2026-04-27T17:27:43,672,OFF
1,ec384,1,424,0.8279589819721878,2026-04-27T17:27:43,672,OFF
1,ec384,1,425,0.8355829631909728,2026-04-27T17:27:43,672,OFF
1,ec384,1,426,0.8408750290982425,2026-04-27T17:27:43,672,OFF
1,ec384,1,427,0.8384580141864717,2026-04-27T17:27:43,672,OFF
1,ec384,1,428,0.8435830241069198,2026-04-27T17:27:43,672,OFF
1,ec384,1,429,0.8555419626645744,2026-04-27T17:27:43,672,OFF
1,ec384,1,430,0.8370419964194298,2026-04-27T17:27:43,672,OFF
1,ec384,1,431,0.8410839946009219,2026-04-27T17:27:43,672,OFF
1,ec384,1,432,0.8457500371150672,2026-04-27T17:27:43,672,OFF
1,ec384,1,433,0.8380829822272062,2026-04-27T17:27:43,672,OFF
1,ec384,1,434,0.8367919945158064,2026-04-27T17:27:43,672,OFF
1,ec384,1,435,0.8298329776152968,2026-04-27T17:27:43,672,OFF
1,ec384,1,436,0.8197500137612224,2026-04-27T17:27:43,672,OFF
1,ec384,1,437,0.8431670139543712,2026-04-27T17:27:43,672,OFF
1,ec384,1,438,0.8419589721597731,2026-04-27T17:27:43,672,OFF
1,ec384,1,439,0.8341669454239309,2026-04-27T17:27:43,672,OFF
1,ec384,1,440,0.8629999938420951,2026-04-27T17:27:43,672,OFF
1,ec384,1,441,0.8917920058593154,2026-04-27T17:27:43,672,OFF
1,ec384,1,442,0.8603750029578805,2026-04-27T17:27:43,672,OFF
1,ec384,1,443,0.8381659863516688,2026-04-27T17:27:43,672,OFF
1,ec384,1,444,0.8355420432053506,2026-04-27T17:27:43,672,OFF
1,ec384,1,445,0.8310420089401305,2026-04-27T17:27:43,672,OFF
1,ec384,1,446,0.8417500066570938,2026-04-27T17:27:43,672,OFF
1,ec384,1,447,0.8476669900119305,2026-04-27T17:27:43,672,OFF
1,ec384,1,448,0.8330830023624003,2026-04-27T17:27:43,672,OFF
1,ec384,1,449,0.8372089941985905,2026-04-27T17:27:43,672,OFF
1,ec384,1,450,0.845541013404727,2026-04-27T17:27:43,672,OFF
1,ec384,1,451,0.8632499957457185,2026-04-27T17:27:43,672,OFF
1,ec384,1,452,0.8385420078411698,2026-04-27T17:27:43,672,OFF
1,ec384,1,453,0.8434169576503336,2026-04-27T17:27:43,672,OFF
1,ec384,1,454,0.8274579886347055,2026-04-27T17:27:43,672,OFF
1,ec384,1,455,0.824540969915688,2026-04-27T17:27:43,672,OFF
1,ec384,1,456,0.8474580245092511,2026-04-27T17:27:43,672,OFF
1,ec384,1,457,0.8734579896554351,2026-04-27T17:27:43,672,OFF
1,ec384,1,458,0.9019579738378525,2026-04-27T17:27:43,672,OFF
1,ec384,1,459,0.8647499489597976,2026-04-27T17:27:43,672,OFF
1,ec384,1,460,0.8322079665958881,2026-04-27T17:27:43,672,OFF
1,ec384,1,461,0.8715420262888074,2026-04-27T17:27:43,672,OFF
1,ec384,1,462,0.8412500028498471,2026-04-27T17:27:43,672,OFF
1,ec384,1,463,0.8321249624714255,2026-04-27T17:27:43,672,OFF
1,ec384,1,464,0.8434170158579946,2026-04-27T17:27:43,672,OFF
1,ec384,1,465,0.8215410052798688,2026-04-27T17:27:43,672,OFF
1,ec384,1,466,0.8117079851217568,2026-04-27T17:27:43,672,OFF
1,ec384,1,467,0.8672920521348715,2026-04-27T17:27:43,672,OFF
1,ec384,1,468,0.831791025120765,2026-04-27T17:27:43,672,OFF
1,ec384,1,469,0.8234999841079116,2026-04-27T17:27:43,672,OFF
1,ec384,1,470,0.8316669845953584,2026-04-27T17:27:43,672,OFF
1,ec384,1,471,0.8283750503323972,2026-04-27T17:27:43,672,OFF
1,ec384,1,472,0.8277920424006879,2026-04-27T17:27:43,672,OFF
1,ec384,1,473,0.8291670237667859,2026-04-27T17:27:43,672,OFF
1,ec384,1,474,0.928834022488445,2026-04-27T17:27:43,672,OFF
1,ec384,1,475,0.8692499832250178,2026-04-27T17:27:43,672,OFF
1,ec384,1,476,0.8437919896095991,2026-04-27T17:27:43,672,OFF
1,ec384,1,477,0.8377080084756017,2026-04-27T17:27:43,672,OFF
1,ec384,1,478,0.838999985717237,2026-04-27T17:27:43,672,OFF
1,ec384,1,479,0.8365410030819476,2026-04-27T17:27:43,672,OFF
1,ec384,1,480,0.8299999753944576,2026-04-27T17:27:43,672,OFF
1,ec384,1,481,0.8241250179708004,2026-04-27T17:27:43,672,OFF
1,ec384,1,482,0.8518339600414038,2026-04-27T17:27:43,672,OFF
1,ec384,1,483,0.8677500300109386,2026-04-27T17:27:43,672,OFF
1,ec384,1,484,0.8404160034842789,2026-04-27T17:27:43,672,OFF
1,ec384,1,485,0.8537499816156924,2026-04-27T17:27:43,672,OFF
1,ec384,1,486,0.8481249678879976,2026-04-27T17:27:43,672,OFF
1,ec384,1,487,0.8329999982379377,2026-04-27T17:27:43,672,OFF
1,ec384,1,488,0.8245839853771031,2026-04-27T17:27:43,672,OFF
1,ec384,1,489,0.8867500000633299,2026-04-27T17:27:43,672,OFF
1,ec384,1,490,0.8427089778706431,2026-04-27T17:27:43,672,OFF
1,ec384,1,491,0.8317079627886415,2026-04-27T17:27:43,672,OFF
1,ec384,1,492,0.8648330112919211,2026-04-27T17:27:43,672,OFF
1,ec384,1,493,0.84695901023224,2026-04-27T17:27:43,672,OFF
1,ec384,1,494,0.8340000058524311,2026-04-27T17:27:43,672,OFF
1,ec384,1,495,0.8555839885957539,2026-04-27T17:27:43,672,OFF
1,ec384,1,496,0.8401669911108911,2026-04-27T17:27:43,672,OFF
1,ec384,1,497,0.8562909788452089,2026-04-27T17:27:43,672,OFF
1,ec384,1,498,0.841874978505075,2026-04-27T17:27:43,672,OFF
1,ec384,1,499,0.8404580294154584,2026-04-27T17:27:43,672,OFF
1,ec384,1,500,0.8867919677868485,2026-04-27T17:27:43,672,OFF
1,ec384,1,501,0.8418340003117919,2026-04-27T17:27:43,672,OFF
1,ec384,1,502,0.8534169755876064,2026-04-27T17:27:43,672,OFF
1,ec384,1,503,0.8432500180788338,2026-04-27T17:27:43,672,OFF
1,ec384,1,504,0.8619159925729036,2026-04-27T17:27:43,672,OFF
1,ec384,1,505,0.8515830268152058,2026-04-27T17:27:43,672,OFF
1,ec384,1,506,0.9074170375242829,2026-04-27T17:27:43,672,OFF
1,ec384,1,507,0.8704590145498514,2026-04-27T17:27:43,672,OFF
1,ec384,1,508,0.8677499718032777,2026-04-27T17:27:43,672,OFF
1,ec384,1,509,0.8404160034842789,2026-04-27T17:27:43,672,OFF
1,ec384,1,510,0.8329999982379377,2026-04-27T17:27:43,672,OFF
1,ec384,1,511,0.8310830453410745,2026-04-27T17:27:43,672,OFF
1,ec384,1,512,0.8680419996380806,2026-04-27T17:27:43,672,OFF
1,ec384,1,513,0.8320829947479069,2026-04-27T17:27:43,672,OFF
1,ec384,1,514,0.8280000183731318,2026-04-27T17:27:43,672,OFF
1,ec384,1,515,0.8289999677799642,2026-04-27T17:27:43,672,OFF
1,ec384,1,516,0.8264159550890326,2026-04-27T17:27:43,672,OFF
1,ec384,1,517,0.8315830491483212,2026-04-27T17:27:43,672,OFF
1,ec384,1,518,0.8378750062547624,2026-04-27T17:27:43,672,OFF
1,ec384,1,519,0.8378329803235829,2026-04-27T17:27:43,672,OFF
1,ec384,1,520,0.8565000025555491,2026-04-27T17:27:43,672,OFF
1,ec384,1,521,0.8602080051787198,2026-04-27T17:27:43,672,OFF
1,ec384,1,522,1.0906249517574906,2026-04-27T17:27:43,672,OFF
1,ec384,1,523,0.8214580011554062,2026-04-27T17:27:43,672,OFF
1,ec384,1,524,0.8431249880231917,2026-04-27T17:27:43,672,OFF
1,ec384,1,525,0.8348749834112823,2026-04-27T17:27:43,672,OFF
1,ec384,1,526,0.8388750138692558,2026-04-27T17:27:43,672,OFF
1,ec384,1,527,0.830999983008951,2026-04-27T17:27:43,672,OFF
1,ec384,1,528,0.8215000270865858,2026-04-27T17:27:43,672,OFF
1,ec384,1,529,0.814792001619935,2026-04-27T17:27:43,672,OFF
1,ec384,1,530,0.8392920135520399,2026-04-27T17:27:43,672,OFF
1,ec384,1,531,0.8627080242149532,2026-04-27T17:27:43,672,OFF
1,ec384,1,532,0.8407089626416564,2026-04-27T17:27:43,672,OFF
1,ec384,1,533,0.8369580027647316,2026-04-27T17:27:43,672,OFF
1,ec384,1,534,0.8653749828226864,2026-04-27T17:27:43,672,OFF
1,ec384,1,535,0.850624986924231,2026-04-27T17:27:43,672,OFF
1,ec384,1,536,0.8650000090710819,2026-04-27T17:27:43,672,OFF
1,ec384,1,537,0.8481669938191772,2026-04-27T17:27:43,672,OFF
1,ec384,1,538,0.8451250032521784,2026-04-27T17:27:43,672,OFF
1,ec384,1,539,0.8342090295627713,2026-04-27T17:27:43,672,OFF
1,ec384,1,540,0.8364160312339664,2026-04-27T17:27:43,672,OFF
1,ec384,1,541,0.8325839880853891,2026-04-27T17:27:43,672,OFF
1,ec384,1,542,0.8299159817397594,2026-04-27T17:27:43,672,OFF
1,ec384,1,543,0.8282919880002737,2026-04-27T17:27:43,672,OFF
1,ec384,1,544,0.8337909821420908,2026-04-27T17:27:43,672,OFF
1,ec384,1,545,0.8369580027647316,2026-04-27T17:27:43,672,OFF
1,ec384,1,546,0.8467090083286166,2026-04-27T17:27:43,672,OFF
1,ec384,1,547,0.8300000336021185,2026-04-27T17:27:43,672,OFF
1,ec384,1,548,0.8279169560410082,2026-04-27T17:27:43,672,OFF
1,ec384,1,549,0.819500011857599,2026-04-27T17:27:43,672,OFF
1,ec384,1,550,0.8190840017050505,2026-04-27T17:27:43,672,OFF
1,ec384,1,551,0.823166046757251,2026-04-27T17:27:43,672,OFF
1,ec384,1,552,0.8645830093882978,2026-04-27T17:27:43,672,OFF
1,ec384,1,553,0.8125000167638063,2026-04-27T17:27:43,672,OFF
1,ec384,1,554,0.8128749905154109,2026-04-27T17:27:43,672,OFF
1,ec384,1,555,0.8622499881312251,2026-04-27T17:27:43,672,OFF
1,ec384,1,556,0.8600000292062759,2026-04-27T17:27:43,672,OFF
1,ec384,1,557,0.8717079763300717,2026-04-27T17:27:43,672,OFF
1,ec384,1,558,0.9397499961778522,2026-04-27T17:27:43,672,OFF
1,ec384,1,559,0.796667009126395,2026-04-27T17:27:43,672,OFF
1,ec384,1,560,0.8153329836204648,2026-04-27T17:27:43,672,OFF
1,ec384,1,561,0.8069159812293947,2026-04-27T17:27:43,672,OFF
1,ec384,1,562,0.8260830072686076,2026-04-27T17:27:43,672,OFF
1,ec384,1,563,0.8500000112690032,2026-04-27T17:27:43,672,OFF
1,ec384,1,564,0.802416994702071,2026-04-27T17:27:43,672,OFF
1,ec384,1,565,0.8095419616438448,2026-04-27T17:27:43,672,OFF
1,ec384,1,566,0.7995409541763365,2026-04-27T17:27:43,672,OFF
1,ec384,1,567,0.8225000347010791,2026-04-27T17:27:43,672,OFF
1,ec384,1,568,0.9199590422213078,2026-04-27T17:27:43,672,OFF
1,ec384,1,569,0.8006670395843685,2026-04-27T17:27:43,672,OFF
1,ec384,1,570,0.8319999906234443,2026-04-27T17:27:43,672,OFF
1,ec384,1,571,0.8349170093424618,2026-04-27T17:27:43,672,OFF
1,ec384,1,572,0.8332079742103815,2026-04-27T17:27:43,672,OFF
1,ec384,1,573,0.8071250049397349,2026-04-27T17:27:43,672,OFF
1,ec384,1,574,0.817666994407773,2026-04-27T17:27:43,672,OFF
1,ec384,1,575,0.8142080041579902,2026-04-27T17:27:43,672,OFF
1,ec384,1,576,0.8287079981528223,2026-04-27T17:27:43,672,OFF
1,ec384,1,577,0.8452079491689801,2026-04-27T17:27:43,672,OFF
1,ec384,1,578,0.8409590227529407,2026-04-27T17:27:43,672,OFF
1,ec384,1,579,0.8116249809972942,2026-04-27T17:27:43,672,OFF
1,ec384,1,580,0.8254169952124357,2026-04-27T17:27:43,672,OFF
1,ec384,1,581,0.8254999993368983,2026-04-27T17:27:43,672,OFF
1,ec384,1,582,0.8190840017050505,2026-04-27T17:27:43,672,OFF
1,ec384,1,583,0.819791981484741,2026-04-27T17:27:43,672,OFF
1,ec384,1,584,0.8402079693041742,2026-04-27T17:27:43,672,OFF
1,ec384,1,585,0.8297080057673156,2026-04-27T17:27:43,672,OFF
1,ec384,1,586,0.8235420100390911,2026-04-27T17:27:43,672,OFF
1,ec384,1,587,0.8269580430351198,2026-04-27T17:27:43,672,OFF
1,ec384,1,588,0.8097089594230056,2026-04-27T17:27:43,672,OFF
1,ec384,1,589,0.8385839755646884,2026-04-27T17:27:43,672,OFF
1,ec384,1,590,0.8191670058295131,2026-04-27T17:27:43,672,OFF
1,ec384,1,591,0.8054160280153155,2026-04-27T17:27:43,672,OFF
1,ec384,1,592,0.8107919711619616,2026-04-27T17:27:43,672,OFF
1,ec384,1,593,0.832499994430691,2026-04-27T17:27:43,672,OFF
1,ec384,1,594,0.7970000151544809,2026-04-27T17:27:43,672,OFF
1,ec384,1,595,0.7960419752635062,2026-04-27T17:27:43,672,OFF
1,ec384,1,596,0.7967500132508576,2026-04-27T17:27:43,672,OFF
1,ec384,1,597,0.8114579832181334,2026-04-27T17:27:43,672,OFF
1,ec384,1,598,0.8067080052569509,2026-04-27T17:27:43,672,OFF
1,ec384,1,599,0.8115830132737756,2026-04-27T17:27:43,672,OFF
1,ec384,1,600,0.8444170234724879,2026-04-27T17:27:43,672,OFF
1,ec384,1,601,0.8142500300891697,2026-04-27T17:27:43,672,OFF
1,ec384,1,602,0.7982910028658807,2026-04-27T17:27:43,672,OFF
1,ec384,1,603,0.8120840066112578,2026-04-27T17:27:43,672,OFF
1,ec384,1,604,0.799915986135602,2026-04-27T17:27:43,672,OFF
1,ec384,1,605,0.7935419562272727,2026-04-27T17:27:43,672,OFF
1,ec384,1,606,0.8442919934168458,2026-04-27T17:27:43,672,OFF
1,ec384,1,607,0.8124170126393437,2026-04-27T17:27:43,672,OFF
1,ec384,1,608,0.7987500284798443,2026-04-27T17:27:43,672,OFF
1,ec384,1,609,0.7946669938974082,2026-04-27T17:27:43,672,OFF
1,ec384,1,610,0.7854999857954681,2026-04-27T17:27:43,672,OFF
1,ec384,1,611,0.7912080036476254,2026-04-27T17:27:43,672,OFF
1,ec384,1,612,0.8009590092115104,2026-04-27T17:27:43,672,OFF
1,ec384,1,613,0.7924160454422235,2026-04-27T17:27:43,672,OFF
1,ec384,1,614,0.7827920489944518,2026-04-27T17:27:43,672,OFF
1,ec384,1,615,0.8058329694904387,2026-04-27T17:27:43,672,OFF
1,ec384,1,616,0.7895000162534416,2026-04-27T17:27:43,672,OFF
1,ec384,1,617,0.8254160056822002,2026-04-27T17:27:43,672,OFF
1,ec384,1,618,0.8262500050477684,2026-04-27T17:27:43,672,OFF
1,ec384,1,619,0.906416040379554,2026-04-27T17:27:43,672,OFF
1,ec384,1,620,0.8018750231713057,2026-04-27T17:27:43,672,OFF
1,ec384,1,621,0.8011659956537187,2026-04-27T17:27:43,672,OFF
1,ec384,1,622,0.7967909914441407,2026-04-27T17:27:43,672,OFF
1,ec384,1,623,0.7957080379128456,2026-04-27T17:27:43,672,OFF
1,ec384,1,624,0.8129579946398735,2026-04-27T17:27:43,672,OFF
1,ec384,1,625,0.8135829702951014,2026-04-27T17:27:43,672,OFF
1,ec384,1,626,0.8250829996541142,2026-04-27T17:27:43,672,OFF
1,ec384,1,627,0.8152499794960022,2026-04-27T17:27:43,672,OFF
1,ec384,1,628,0.8121670107357204,2026-04-27T17:27:43,672,OFF
1,ec384,1,629,0.8124170126393437,2026-04-27T17:27:43,672,OFF
1,ec384,1,630,0.8063749992288649,2026-04-27T17:27:43,672,OFF
1,ec384,1,631,0.8097919635474682,2026-04-27T17:27:43,672,OFF
1,ec384,1,632,0.8099580300040543,2026-04-27T17:27:43,672,OFF
1,ec384,1,633,0.814792001619935,2026-04-27T17:27:43,672,OFF
1,ec384,1,634,0.8873330079950392,2026-04-27T17:27:43,672,OFF
1,ec384,1,635,0.816916988696903,2026-04-27T17:27:43,672,OFF
1,ec384,1,636,0.8175839902833104,2026-04-27T17:27:43,672,OFF
1,ec384,1,637,0.8009999874047935,2026-04-27T17:27:43,672,OFF
1,ec384,1,638,0.8434170158579946,2026-04-27T17:27:43,672,OFF
1,ec384,1,639,0.7959160138852894,2026-04-27T17:27:43,672,OFF
1,ec384,1,640,0.7947500562295318,2026-04-27T17:27:43,672,OFF
1,ec384,1,641,0.7988330326043069,2026-04-27T17:27:43,672,OFF
1,ec384,1,642,0.7979170186445117,2026-04-27T17:27:43,672,OFF
1,ec384,1,643,0.8063330315053463,2026-04-27T17:27:43,672,OFF
1,ec384,1,644,0.796290987636894,2026-04-27T17:27:43,672,OFF
1,ec384,1,645,0.8048340096138418,2026-04-27T17:27:43,672,OFF
1,ec384,1,646,0.8059589890763164,2026-04-27T17:27:43,672,OFF
1,ec384,1,647,0.8074590004980564,2026-04-27T17:27:43,672,OFF
1,ec384,1,648,0.8240409661084414,2026-04-27T17:27:43,672,OFF
1,ec384,1,649,0.8003329858183861,2026-04-27T17:27:43,672,OFF
1,ec384,1,650,0.8301249472424388,2026-04-27T17:27:43,672,OFF
1,ec384,2,1,1.3734999811276793,2026-04-27T17:27:45,1372,OFF
1,ec384,2,2,1.3127089478075504,2026-04-27T17:27:45,1372,OFF
1,ec384,2,3,1.3155829510651529,2026-04-27T17:27:45,1372,OFF
1,ec384,2,4,1.3117920025251806,2026-04-27T17:27:45,1372,OFF
1,ec384,2,5,1.295833964832127,2026-04-27T17:27:45,1372,OFF
1,ec384,2,6,1.2543750344775617,2026-04-27T17:27:45,1372,OFF
1,ec384,2,7,1.2584580108523369,2026-04-27T17:27:45,1372,OFF
1,ec384,2,8,1.2592910206876695,2026-04-27T17:27:45,1372,OFF
1,ec384,2,9,1.2439589481800795,2026-04-27T17:27:45,1372,OFF
1,ec384,2,10,1.2167909881100059,2026-04-27T17:27:45,1372,OFF
1,ec384,2,11,1.2162920320406556,2026-04-27T17:27:45,1372,OFF
1,ec384,2,12,1.219875004608184,2026-04-27T17:27:45,1372,OFF
1,ec384,2,13,1.207208028063178,2026-04-27T17:27:45,1372,OFF
1,ec384,2,14,1.1816659825854003,2026-04-27T17:27:45,1372,OFF
1,ec384,2,15,1.1751659912988544,2026-04-27T17:27:45,1372,OFF
1,ec384,2,16,1.173832977656275,2026-04-27T17:27:45,1372,OFF
1,ec384,2,17,1.1632079840637743,2026-04-27T17:27:45,1372,OFF
1,ec384,2,18,1.1498330277390778,2026-04-27T17:27:45,1372,OFF
1,ec384,2,19,1.1559579870663583,2026-04-27T17:27:45,1372,OFF
1,ec384,2,20,1.1180840083397925,2026-04-27T17:27:45,1372,OFF
1,ec384,2,21,1.1264999629929662,2026-04-27T17:27:45,1372,OFF
1,ec384,2,22,1.1120410053990781,2026-04-27T17:27:45,1372,OFF
1,ec384,2,23,1.1102079879492521,2026-04-27T17:27:45,1372,OFF
1,ec384,2,24,1.1210829834453762,2026-04-27T17:27:45,1372,OFF
1,ec384,2,25,1.1196249979548156,2026-04-27T17:27:45,1372,OFF
1,ec384,2,26,1.1222089524380863,2026-04-27T17:27:45,1372,OFF
1,ec384,2,27,1.1204589973203838,2026-04-27T17:27:45,1372,OFF
1,ec384,2,28,1.1204580077901483,2026-04-27T17:27:45,1372,OFF
1,ec384,2,29,1.102917012758553,2026-04-27T17:27:45,1372,OFF
1,ec384,2,30,1.0438330355100334,2026-04-27T17:27:45,1372,OFF
1,ec384,2,31,1.0394169948995113,2026-04-27T17:27:45,1372,OFF
1,ec384,2,32,1.0521250078454614,2026-04-27T17:27:45,1372,OFF
1,ec384,2,33,1.0446669766679406,2026-04-27T17:27:45,1372,OFF
1,ec384,2,34,1.0472920257598162,2026-04-27T17:27:45,1372,OFF
1,ec384,2,35,1.0447920067235827,2026-04-27T17:27:45,1372,OFF
1,ec384,2,36,1.0491249850019813,2026-04-27T17:27:45,1372,OFF
1,ec384,2,37,1.0443750070407987,2026-04-27T17:27:45,1372,OFF
1,ec384,2,38,1.047833007760346,2026-04-27T17:27:45,1372,OFF
1,ec384,2,39,1.0330830118618906,2026-04-27T17:27:45,1372,OFF
1,ec384,2,40,1.0405409848317504,2026-04-27T17:27:45,1372,OFF
1,ec384,2,41,1.028041006065905,2026-04-27T17:27:45,1372,OFF
1,ec384,2,42,1.055833010468632,2026-04-27T17:27:45,1372,OFF
1,ec384,2,43,1.0364999761804938,2026-04-27T17:27:45,1372,OFF
1,ec384,2,44,1.0373330442234874,2026-04-27T17:27:45,1372,OFF
1,ec384,2,45,1.0430410038679838,2026-04-27T17:27:45,1372,OFF
1,ec384,2,46,1.0377909638918936,2026-04-27T17:27:45,1372,OFF
1,ec384,2,47,1.0383749613538384,2026-04-27T17:27:45,1372,OFF
1,ec384,2,48,1.0313340462744236,2026-04-27T17:27:45,1372,OFF
1,ec384,2,49,1.035250024870038,2026-04-27T17:27:45,1372,OFF
1,ec384,2,50,1.0120419901795685,2026-04-27T17:27:45,1372,OFF
1,ec384,2,51,1.018500013742596,2026-04-27T17:27:45,1372,OFF
1,ec384,2,52,1.0304999887011945,2026-04-27T17:27:45,1372,OFF
1,ec384,2,53,1.0147909633815289,2026-04-27T17:27:45,1372,OFF
1,ec384,2,54,1.0140840313397348,2026-04-27T17:27:45,1372,OFF
1,ec384,2,55,1.017874979879707,2026-04-27T17:27:45,1372,OFF
1,ec384,2,56,1.1078329989686608,2026-04-27T17:27:45,1372,OFF
1,ec384,2,57,1.1457919608801603,2026-04-27T17:27:45,1372,OFF
1,ec384,2,58,1.0449999826960266,2026-04-27T17:27:45,1372,OFF
1,ec384,2,59,1.2293339823372662,2026-04-27T17:27:45,1372,OFF
1,ec384,2,60,1.0980420047417283,2026-04-27T17:27:45,1372,OFF
1,ec384,2,61,1.088084012735635,2026-04-27T17:27:45,1372,OFF
1,ec384,2,62,1.0466250241734087,2026-04-27T17:27:45,1372,OFF
1,ec384,2,63,1.029707957059145,2026-04-27T17:27:45,1372,OFF
1,ec384,2,64,1.0265829623676836,2026-04-27T17:27:45,1372,OFF
1,ec384,2,65,1.0316669940948486,2026-04-27T17:27:45,1372,OFF
1,ec384,2,66,1.0259999544359744,2026-04-27T17:27:45,1372,OFF
1,ec384,2,67,1.0152080212719738,2026-04-27T17:27:45,1372,OFF
1,ec384,2,68,1.0237499955110252,2026-04-27T17:27:45,1372,OFF
1,ec384,2,69,1.0257080430164933,2026-04-27T17:27:45,1372,OFF
1,ec384,2,70,1.0489579872228205,2026-04-27T17:27:45,1372,OFF
1,ec384,2,71,1.03387504350394,2026-04-27T17:27:45,1372,OFF
1,ec384,2,72,1.0357089922763407,2026-04-27T17:27:45,1372,OFF
1,ec384,2,73,1.0299160494469106,2026-04-27T17:27:45,1372,OFF
1,ec384,2,74,1.0258329566568136,2026-04-27T17:27:45,1372,OFF
1,ec384,2,75,1.0265419841744006,2026-04-27T17:27:45,1372,OFF
1,ec384,2,76,1.0212500346824527,2026-04-27T17:27:45,1372,OFF
1,ec384,2,77,1.0226249578408897,2026-04-27T17:27:45,1372,OFF
1,ec384,2,78,1.0349579970352352,2026-04-27T17:27:45,1372,OFF
1,ec384,2,79,1.0292080114595592,2026-04-27T17:27:45,1372,OFF
1,ec384,2,80,1.077457971405238,2026-04-27T17:27:45,1372,OFF
1,ec384,2,81,1.05833396082744,2026-04-27T17:27:45,1372,OFF
1,ec384,2,82,1.0225839796476066,2026-04-27T17:27:45,1372,OFF
1,ec384,2,83,1.0149999870918691,2026-04-27T17:27:45,1372,OFF
1,ec384,2,84,1.01125001674518,2026-04-27T17:27:45,1372,OFF
1,ec384,2,85,1.0537499911151826,2026-04-27T17:27:45,1372,OFF
1,ec384,2,86,1.0157089564017951,2026-04-27T17:27:45,1372,OFF
1,ec384,2,87,1.0169160086661577,2026-04-27T17:27:45,1372,OFF
1,ec384,2,88,1.0216250084340572,2026-04-27T17:27:45,1372,OFF
1,ec384,2,89,1.044666045345366,2026-04-27T17:27:45,1372,OFF
1,ec384,2,90,1.0156669886782765,2026-04-27T17:27:45,1372,OFF
1,ec384,2,91,1.022959011606872,2026-04-27T17:27:45,1372,OFF
1,ec384,2,92,1.007000042591244,2026-04-27T17:27:45,1372,OFF
1,ec384,2,93,1.0173330083489418,2026-04-27T17:27:45,1372,OFF
1,ec384,2,94,1.0299580171704292,2026-04-27T17:27:45,1372,OFF
1,ec384,2,95,1.0365840280428529,2026-04-27T17:27:45,1372,OFF
1,ec384,2,96,1.0248330072499812,2026-04-27T17:27:45,1372,OFF
1,ec384,2,97,1.0497079929336905,2026-04-27T17:27:45,1372,OFF
1,ec384,2,98,1.01425003958866,2026-04-27T17:27:45,1372,OFF
1,ec384,2,99,1.0613749618642032,2026-04-27T17:27:45,1372,OFF
1,ec384,2,100,1.0119590442627668,2026-04-27T17:27:45,1372,OFF
1,ec384,2,101,1.0023749782703817,2026-04-27T17:27:45,1372,OFF
1,ec384,2,102,1.001166005153209,2026-04-27T17:27:45,1372,OFF
1,ec384,2,103,1.0049170232377946,2026-04-27T17:27:45,1372,OFF
1,ec384,2,104,1.005082973279059,2026-04-27T17:27:45,1372,OFF
1,ec384,2,105,1.0112079908140004,2026-04-27T17:27:45,1372,OFF
1,ec384,2,106,1.048582955263555,2026-04-27T17:27:45,1372,OFF
1,ec384,2,107,1.0557499481365085,2026-04-27T17:27:45,1372,OFF
1,ec384,2,108,1.0755000403150916,2026-04-27T17:27:45,1372,OFF
1,ec384,2,109,1.043124997522682,2026-04-27T17:27:45,1372,OFF
1,ec384,2,110,1.0577909997664392,2026-04-27T17:27:45,1372,OFF
1,ec384,2,111,1.0217499802820385,2026-04-27T17:27:45,1372,OFF
1,ec384,2,112,1.1498749954625964,2026-04-27T17:27:45,1372,OFF
1,ec384,2,113,1.0374999837949872,2026-04-27T17:27:45,1372,OFF
1,ec384,2,114,1.0600409586913884,2026-04-27T17:27:45,1372,OFF
1,ec384,2,115,1.0527500417083502,2026-04-27T17:27:45,1372,OFF
1,ec384,2,116,1.0404170025140047,2026-04-27T17:27:45,1372,OFF
1,ec384,2,117,1.0389579692855477,2026-04-27T17:27:45,1372,OFF
1,ec384,2,118,1.0440830374136567,2026-04-27T17:27:45,1372,OFF
1,ec384,2,119,1.0341249871999025,2026-04-27T17:27:45,1372,OFF
1,ec384,2,120,1.0249170009046793,2026-04-27T17:27:45,1372,OFF
1,ec384,2,121,1.063042029272765,2026-04-27T17:27:45,1372,OFF
1,ec384,2,122,1.0451670386828482,2026-04-27T17:27:45,1372,OFF
1,ec384,2,123,1.0383750195614994,2026-04-27T17:27:45,1372,OFF
1,ec384,2,124,1.0386249632574618,2026-04-27T17:27:45,1372,OFF
1,ec384,2,125,1.0776669951155782,2026-04-27T17:27:45,1372,OFF
1,ec384,2,126,1.035583030898124,2026-04-27T17:27:45,1372,OFF
1,ec384,2,127,1.0373329860158265,2026-04-27T17:27:45,1372,OFF
1,ec384,2,128,1.040250004734844,2026-04-27T17:27:45,1372,OFF
1,ec384,2,129,1.0632500052452087,2026-04-27T17:27:45,1372,OFF
1,ec384,2,130,1.0336249833926558,2026-04-27T17:27:45,1372,OFF
1,ec384,2,131,1.0329170036129653,2026-04-27T17:27:45,1372,OFF
1,ec384,2,132,1.0427079978398979,2026-04-27T17:27:45,1372,OFF
1,ec384,2,133,1.038416987285018,2026-04-27T17:27:45,1372,OFF
1,ec384,2,134,1.0405000066384673,2026-04-27T17:27:45,1372,OFF
1,ec384,2,135,1.0420000180602074,2026-04-27T17:27:45,1372,OFF
1,ec384,2,136,1.0415000142529607,2026-04-27T17:27:45,1372,OFF
1,ec384,2,137,1.0457910248078406,2026-04-27T17:27:45,1372,OFF
1,ec384,2,138,1.0543750249780715,2026-04-27T17:27:45,1372,OFF
1,ec384,2,139,1.0627920273691416,2026-04-27T17:27:45,1372,OFF
1,ec384,2,140,1.0383750195614994,2026-04-27T17:27:45,1372,OFF
1,ec384,2,141,1.0425829677842557,2026-04-27T17:27:45,1372,OFF
1,ec384,2,142,1.0445000370964408,2026-04-27T17:27:45,1372,OFF
1,ec384,2,143,1.047041965648532,2026-04-27T17:27:45,1372,OFF
1,ec384,2,144,1.0437910095788538,2026-04-27T17:27:45,1372,OFF
1,ec384,2,145,1.0476250317879021,2026-04-27T17:27:45,1372,OFF
1,ec384,2,146,1.0422909981571138,2026-04-27T17:27:45,1372,OFF
1,ec384,2,147,1.089415978640318,2026-04-27T17:27:45,1372,OFF
1,ec384,2,148,1.0737919947132468,2026-04-27T17:27:45,1372,OFF
1,ec384,2,149,1.0412500123493373,2026-04-27T17:27:45,1372,OFF
1,ec384,2,150,1.0401249746792018,2026-04-27T17:27:45,1372,OFF
1,ec384,2,151,1.0402080370113254,2026-04-27T17:27:45,1372,OFF
1,ec384,2,152,1.0592500329948962,2026-04-27T17:27:45,1372,OFF
1,ec384,2,153,1.037708017975092,2026-04-27T17:27:45,1372,OFF
1,ec384,2,154,1.0169169981963933,2026-04-27T17:27:45,1372,OFF
1,ec384,2,155,1.035833964124322,2026-04-27T17:27:45,1372,OFF
1,ec384,2,156,1.0679590050131083,2026-04-27T17:27:45,1372,OFF
1,ec384,2,157,1.2708340073004365,2026-04-27T17:27:45,1372,OFF
1,ec384,2,158,1.0193330235779285,2026-04-27T17:27:45,1372,OFF
1,ec384,2,159,1.0226250160485506,2026-04-27T17:27:45,1372,OFF
1,ec384,2,160,1.0495419846847653,2026-04-27T17:27:45,1372,OFF
1,ec384,2,161,1.0210410109721124,2026-04-27T17:27:45,1372,OFF
1,ec384,2,162,1.0254590306431055,2026-04-27T17:27:45,1372,OFF
1,ec384,2,163,1.0284169693477452,2026-04-27T17:27:45,1372,OFF
1,ec384,2,164,1.0354999685660005,2026-04-27T17:27:45,1372,OFF
1,ec384,2,165,1.1418330250307918,2026-04-27T17:27:45,1372,OFF
1,ec384,2,166,1.0317910346202552,2026-04-27T17:27:45,1372,OFF
1,ec384,2,167,1.0517920018173754,2026-04-27T17:27:45,1372,OFF
1,ec384,2,168,1.039167051203549,2026-04-27T17:27:45,1372,OFF
1,ec384,2,169,1.0400420287624002,2026-04-27T17:27:45,1372,OFF
1,ec384,2,170,1.0388329974375665,2026-04-27T17:27:45,1372,OFF
1,ec384,2,171,1.0500000207684934,2026-04-27T17:27:45,1372,OFF
1,ec384,2,172,1.0164999985136092,2026-04-27T17:27:45,1372,OFF
1,ec384,2,173,1.0665419977158308,2026-04-27T17:27:45,1372,OFF
1,ec384,2,174,1.0357500286772847,2026-04-27T17:27:45,1372,OFF
1,ec384,2,175,1.0467920219525695,2026-04-27T17:27:45,1372,OFF
1,ec384,2,176,1.0357089922763407,2026-04-27T17:27:45,1372,OFF
1,ec384,2,177,1.0497079929336905,2026-04-27T17:27:45,1372,OFF
1,ec384,2,178,1.0590419988147914,2026-04-27T17:27:45,1372,OFF
1,ec384,2,179,1.0431669652462006,2026-04-27T17:27:45,1372,OFF
1,ec384,2,180,1.0344160255044699,2026-04-27T17:27:45,1372,OFF
1,ec384,2,181,1.046416989993304,2026-04-27T17:27:45,1372,OFF
1,ec384,2,182,1.039584050886333,2026-04-27T17:27:45,1372,OFF
1,ec384,2,183,1.051125000230968,2026-04-27T17:27:45,1372,OFF
1,ec384,2,184,1.0318339918740094,2026-04-27T17:27:45,1372,OFF
1,ec384,2,185,1.0534159955568612,2026-04-27T17:27:45,1372,OFF
1,ec384,2,186,1.0446669766679406,2026-04-27T17:27:45,1372,OFF
1,ec384,2,187,1.0700419661588967,2026-04-27T17:27:45,1372,OFF
1,ec384,2,188,1.0373329860158265,2026-04-27T17:27:45,1372,OFF
1,ec384,2,189,1.052292005624622,2026-04-27T17:27:45,1372,OFF
1,ec384,2,190,1.0465419618412852,2026-04-27T17:27:45,1372,OFF
1,ec384,2,191,1.0541660012677312,2026-04-27T17:27:45,1372,OFF
1,ec384,2,192,1.0870840051211417,2026-04-27T17:27:45,1372,OFF
1,ec384,2,193,1.0433330317027867,2026-04-27T17:27:45,1372,OFF
1,ec384,2,194,1.0382499895058572,2026-04-27T17:27:45,1372,OFF
1,ec384,2,195,1.056583016179502,2026-04-27T17:27:45,1372,OFF
1,ec384,2,196,1.0415000142529607,2026-04-27T17:27:45,1372,OFF
1,ec384,2,197,1.0712919756770134,2026-04-27T17:27:45,1372,OFF
1,ec384,2,198,1.0430000256747007,2026-04-27T17:27:45,1372,OFF
1,ec384,2,199,1.0577079956419766,2026-04-27T17:27:45,1372,OFF
1,ec384,2,200,1.04750000173226,2026-04-27T17:27:45,1372,OFF
1,ec384,2,201,1.0523750097490847,2026-04-27T17:27:45,1372,OFF
1,ec384,2,202,1.0422500199638307,2026-04-27T17:27:45,1372,OFF
1,ec384,2,203,1.0507499682717025,2026-04-27T17:27:45,1372,OFF
1,ec384,2,204,1.0432499693706632,2026-04-27T17:27:45,1372,OFF
1,ec384,2,205,1.1272919946350157,2026-04-27T17:27:45,1372,OFF
1,ec384,2,206,1.1245000059716403,2026-04-27T17:27:45,1372,OFF
1,ec384,2,207,1.0704580345191061,2026-04-27T17:27:45,1372,OFF
1,ec384,2,208,1.058791996911168,2026-04-27T17:27:45,1372,OFF
1,ec384,2,209,1.0743339662440121,2026-04-27T17:27:45,1372,OFF
1,ec384,2,210,1.0431670234538615,2026-04-27T17:27:45,1372,OFF
1,ec384,2,211,1.0459169861860573,2026-04-27T17:27:45,1372,OFF
1,ec384,2,212,1.0389590170234442,2026-04-27T17:27:45,1372,OFF
1,ec384,2,213,1.06170802609995,2026-04-27T17:27:45,1372,OFF
1,ec384,2,214,1.0401250328868628,2026-04-27T17:27:45,1372,OFF
1,ec384,2,215,1.070957980118692,2026-04-27T17:27:45,1372,OFF
1,ec384,2,216,1.0458340402692556,2026-04-27T17:27:45,1372,OFF
1,ec384,2,217,1.0485840030014515,2026-04-27T17:27:46,1372,OFF
1,ec384,2,218,1.129334035795182,2026-04-27T17:27:46,1372,OFF
1,ec384,2,219,1.0242499993182719,2026-04-27T17:27:46,1372,OFF
1,ec384,2,220,1.0585829732008278,2026-04-27T17:27:46,1372,OFF
1,ec384,2,221,1.033665961585939,2026-04-27T17:27:46,1372,OFF
1,ec384,2,222,1.0298749548383057,2026-04-27T17:27:46,1372,OFF
1,ec384,2,223,1.027582969982177,2026-04-27T17:27:46,1372,OFF
1,ec384,2,224,1.0280840215273201,2026-04-27T17:27:46,1372,OFF
1,ec384,2,225,1.03479198878631,2026-04-27T17:27:46,1372,OFF
1,ec384,2,226,1.055500004440546,2026-04-27T17:27:46,1372,OFF
1,ec384,2,227,1.0400000028312206,2026-04-27T17:27:46,1372,OFF
1,ec384,2,228,1.0428339592181146,2026-04-27T17:27:46,1372,OFF
1,ec384,2,229,1.0658329701982439,2026-04-27T17:27:46,1372,OFF
1,ec384,2,230,1.0490420390851796,2026-04-27T17:27:46,1372,OFF
1,ec384,2,231,1.080874993931502,2026-04-27T17:27:46,1372,OFF
1,ec384,2,232,1.0504579986445606,2026-04-27T17:27:46,1372,OFF
1,ec384,2,233,1.0460419580340385,2026-04-27T17:27:46,1372,OFF
1,ec384,2,234,1.0581249953247607,2026-04-27T17:27:46,1372,OFF
1,ec384,2,235,1.0551660088822246,2026-04-27T17:27:46,1372,OFF
1,ec384,2,236,1.0547919664531946,2026-04-27T17:27:46,1372,OFF
1,ec384,2,237,1.0372079559601843,2026-04-27T17:27:46,1372,OFF
1,ec384,2,238,1.0375000420026481,2026-04-27T17:27:46,1372,OFF
1,ec384,2,239,1.0388329974375665,2026-04-27T17:27:46,1372,OFF
1,ec384,2,240,1.0365829803049564,2026-04-27T17:27:46,1372,OFF
1,ec384,2,241,1.037375011947006,2026-04-27T17:27:46,1372,OFF
1,ec384,2,242,1.0477920295670629,2026-04-27T17:27:46,1372,OFF
1,ec384,2,243,1.0636660153977573,2026-04-27T17:27:46,1372,OFF
1,ec384,2,244,1.0599590023048222,2026-04-27T17:27:46,1372,OFF
1,ec384,2,245,1.0675420053303242,2026-04-27T17:27:46,1372,OFF
1,ec384,2,246,1.0380420135334134,2026-04-27T17:27:46,1372,OFF
1,ec384,2,247,1.0419999598525465,2026-04-27T17:27:46,1372,OFF
1,ec384,2,248,1.0356249986216426,2026-04-27T17:27:46,1372,OFF
1,ec384,2,249,1.0438330355100334,2026-04-27T17:27:46,1372,OFF
1,ec384,2,250,1.0459590121172369,2026-04-27T17:27:46,1372,OFF
1,ec384,2,251,1.050416030921042,2026-04-27T17:27:46,1372,OFF
1,ec384,2,252,1.0510410065762699,2026-04-27T17:27:46,1372,OFF
1,ec384,2,253,1.0552919702604413,2026-04-27T17:27:46,1372,OFF
1,ec384,2,254,1.0601250105537474,2026-04-27T17:27:46,1372,OFF
1,ec384,2,255,1.052208011969924,2026-04-27T17:27:46,1372,OFF
1,ec384,2,256,1.058416033629328,2026-04-27T17:27:46,1372,OFF
1,ec384,2,257,1.0359169682487845,2026-04-27T17:27:46,1372,OFF
1,ec384,2,258,1.1520410189405084,2026-04-27T17:27:46,1372,OFF
1,ec384,2,259,1.2011249782517552,2026-04-27T17:27:46,1372,OFF
1,ec384,2,260,1.1175840045325458,2026-04-27T17:27:46,1372,OFF
1,ec384,2,261,1.045334036462009,2026-04-27T17:27:46,1372,OFF
1,ec384,2,262,1.0382920154370368,2026-04-27T17:27:46,1372,OFF
1,ec384,2,263,1.0517500340938568,2026-04-27T17:27:46,1372,OFF
1,ec384,2,264,1.0313749662600458,2026-04-27T17:27:46,1372,OFF
1,ec384,2,265,1.055791974067688,2026-04-27T17:27:46,1372,OFF
1,ec384,2,266,1.0905409581027925,2026-04-27T17:27:46,1372,OFF
1,ec384,2,267,1.0510830325074494,2026-04-27T17:27:46,1372,OFF
1,ec384,2,268,1.0486250394023955,2026-04-27T17:27:46,1372,OFF
1,ec384,2,269,1.0605000425130129,2026-04-27T17:27:46,1372,OFF
1,ec384,2,270,1.04975001886487,2026-04-27T17:27:46,1372,OFF
1,ec384,2,271,1.138666004408151,2026-04-27T17:27:46,1372,OFF
1,ec384,2,272,1.060166978277266,2026-04-27T17:27:46,1372,OFF
1,ec384,2,273,1.068916986696422,2026-04-27T17:27:46,1372,OFF
1,ec384,2,274,1.038458023685962,2026-04-27T17:27:46,1372,OFF
1,ec384,2,275,1.0471249697729945,2026-04-27T17:27:46,1372,OFF
1,ec384,2,276,1.0471249697729945,2026-04-27T17:27:46,1372,OFF
1,ec384,2,277,1.0294580133631825,2026-04-27T17:27:46,1372,OFF
1,ec384,2,278,1.0430000256747007,2026-04-27T17:27:46,1372,OFF
1,ec384,2,279,1.0360410087741911,2026-04-27T17:27:46,1372,OFF
1,ec384,2,280,1.042500021867454,2026-04-27T17:27:46,1372,OFF
1,ec384,2,281,1.040250004734844,2026-04-27T17:27:46,1372,OFF
1,ec384,2,282,1.0453329887241125,2026-04-27T17:27:46,1372,OFF
1,ec384,2,283,1.0310419602319598,2026-04-27T17:27:46,1372,OFF
1,ec384,2,284,1.0491249850019813,2026-04-27T17:27:46,1372,OFF
1,ec384,2,285,1.054749998729676,2026-04-27T17:27:46,1372,OFF
1,ec384,2,286,1.0284999734722078,2026-04-27T17:27:46,1372,OFF
1,ec384,2,287,1.0342079913243651,2026-04-27T17:27:46,1372,OFF
1,ec384,2,288,1.0403749765828252,2026-04-27T17:27:46,1372,OFF
1,ec384,2,289,1.0377909638918936,2026-04-27T17:27:46,1372,OFF
1,ec384,2,290,1.0563750402070582,2026-04-27T17:27:46,1372,OFF
1,ec384,2,291,1.040250004734844,2026-04-27T17:27:46,1372,OFF
1,ec384,2,292,1.0411249822936952,2026-04-27T17:27:46,1372,OFF
1,ec384,2,293,1.0450839763507247,2026-04-27T17:27:46,1372,OFF
1,ec384,2,294,1.0417079902254045,2026-04-27T17:27:46,1372,OFF
1,ec384,2,295,1.023625023663044,2026-04-27T17:27:46,1372,OFF
1,ec384,2,296,1.056124980095774,2026-04-27T17:27:46,1372,OFF
1,ec384,2,297,1.066667027771473,2026-04-27T17:27:46,1372,OFF
1,ec384,2,298,1.0399589664302766,2026-04-27T17:27:46,1372,OFF
1,ec384,2,299,1.0595410130918026,2026-04-27T17:27:46,1372,OFF
1,ec384,2,300,1.0726670152507722,2026-04-27T17:27:46,1372,OFF
1,ec384,2,301,1.0590829770080745,2026-04-27T17:27:46,1372,OFF
1,ec384,2,302,1.0472919675521553,2026-04-27T17:27:46,1372,OFF
1,ec384,2,303,1.0940000065602362,2026-04-27T17:27:46,1372,OFF
1,ec384,2,304,1.0558749781921506,2026-04-27T17:27:46,1372,OFF
1,ec384,2,305,1.123166992329061,2026-04-27T17:27:46,1372,OFF
1,ec384,2,306,1.0549169965088367,2026-04-27T17:27:46,1372,OFF
1,ec384,2,307,1.0418340098112822,2026-04-27T17:27:46,1372,OFF
1,ec384,2,308,1.0411249822936952,2026-04-27T17:27:46,1372,OFF
1,ec384,2,309,1.03629200020805,2026-04-27T17:27:46,1372,OFF
1,ec384,2,310,1.0904999799095094,2026-04-27T17:27:46,1372,OFF
1,ec384,2,311,1.0592920007184148,2026-04-27T17:27:46,1372,OFF
1,ec384,2,312,1.0921249631792307,2026-04-27T17:27:46,1372,OFF
1,ec384,2,313,1.0365410125814378,2026-04-27T17:27:46,1372,OFF
1,ec384,2,314,1.0403749765828252,2026-04-27T17:27:46,1372,OFF
1,ec384,2,315,1.0350419906899333,2026-04-27T17:27:46,1372,OFF
1,ec384,2,316,1.033417007420212,2026-04-27T17:27:46,1372,OFF
1,ec384,2,317,1.029459002893418,2026-04-27T17:27:46,1372,OFF
1,ec384,2,318,1.0571659659035504,2026-04-27T17:27:46,1372,OFF
1,ec384,2,319,1.043834025040269,2026-04-27T17:27:46,1372,OFF
1,ec384,2,320,1.0147919529117644,2026-04-27T17:27:46,1372,OFF
1,ec384,2,321,1.0271249921061099,2026-04-27T17:27:46,1372,OFF
1,ec384,2,322,1.0213329805992544,2026-04-27T17:27:46,1372,OFF
1,ec384,2,323,1.0300420108251274,2026-04-27T17:27:46,1372,OFF
1,ec384,2,324,1.1103340075351298,2026-04-27T17:27:46,1372,OFF
1,ec384,2,325,1.0330419754609466,2026-04-27T17:27:46,1372,OFF
1,ec384,2,326,1.027999969664961,2026-04-27T17:27:46,1372,OFF
1,ec384,2,327,1.0297500411979854,2026-04-27T17:27:46,1372,OFF
1,ec384,2,328,1.0314580285921693,2026-04-27T17:27:46,1372,OFF
1,ec384,2,329,1.0199579992331564,2026-04-27T17:27:46,1372,OFF
1,ec384,2,330,1.0449999826960266,2026-04-27T17:27:46,1372,OFF
1,ec384,2,331,1.0429169633425772,2026-04-27T17:27:46,1372,OFF
1,ec384,2,332,1.0490419808775187,2026-04-27T17:27:46,1372,OFF
1,ec384,2,333,1.0491249850019813,2026-04-27T17:27:46,1372,OFF
1,ec384,2,334,1.0514999739825726,2026-04-27T17:27:46,1372,OFF
1,ec384,2,335,1.0427079978398979,2026-04-27T17:27:46,1372,OFF
1,ec384,2,336,1.0472919675521553,2026-04-27T17:27:46,1372,OFF
1,ec384,2,337,1.0744999744929373,2026-04-27T17:27:46,1372,OFF
1,ec384,2,338,1.0577499633654952,2026-04-27T17:27:46,1372,OFF
1,ec384,2,339,1.0517080081626773,2026-04-27T17:27:46,1372,OFF
1,ec384,2,340,1.0669169714674354,2026-04-27T17:27:46,1372,OFF
1,ec384,2,341,1.0538339847698808,2026-04-27T17:27:46,1372,OFF
1,ec384,2,342,1.0581249953247607,2026-04-27T17:27:46,1372,OFF
1,ec384,2,343,1.0616250219754875,2026-04-27T17:27:46,1372,OFF
1,ec384,2,344,1.0430419933982193,2026-04-27T17:27:46,1372,OFF
1,ec384,2,345,1.0572500177659094,2026-04-27T17:27:46,1372,OFF
1,ec384,2,346,1.0673750075511634,2026-04-27T17:27:46,1372,OFF
1,ec384,2,347,1.0709590278565884,2026-04-27T17:27:46,1372,OFF
1,ec384,2,348,1.0432910057716072,2026-04-27T17:27:46,1372,OFF
1,ec384,2,349,1.0674999793991446,2026-04-27T17:27:46,1372,OFF
1,ec384,2,350,1.068374956957996,2026-04-27T17:27:46,1372,OFF
1,ec384,2,351,1.068166980985552,2026-04-27T17:27:46,1372,OFF
1,ec384,2,352,1.0490419808775187,2026-04-27T17:27:46,1372,OFF
1,ec384,2,353,1.0480409837327898,2026-04-27T17:27:46,1372,OFF
1,ec384,2,354,1.053667045198381,2026-04-27T17:27:46,1372,OFF
1,ec384,2,355,1.055416010785848,2026-04-27T17:27:46,1372,OFF
1,ec384,2,356,1.084541028831154,2026-04-27T17:27:46,1372,OFF
1,ec384,2,357,1.06412498280406,2026-04-27T17:27:46,1372,OFF
1,ec384,2,358,1.0591670288704336,2026-04-27T17:27:46,1372,OFF
1,ec384,2,359,1.0588750010356307,2026-04-27T17:27:46,1372,OFF
1,ec384,2,360,1.1085000005550683,2026-04-27T17:27:46,1372,OFF
1,ec384,2,361,1.0617919615469873,2026-04-27T17:27:46,1372,OFF
1,ec384,2,362,1.044957956764847,2026-04-27T17:27:46,1372,OFF
1,ec384,2,363,1.118041982408613,2026-04-27T17:27:46,1372,OFF
1,ec384,2,364,1.1986250174231827,2026-04-27T17:27:46,1372,OFF
1,ec384,2,365,1.0486249811947346,2026-04-27T17:27:46,1372,OFF
1,ec384,2,366,1.0511670261621475,2026-04-27T17:27:46,1372,OFF
1,ec384,2,367,1.052958017680794,2026-04-27T17:27:46,1372,OFF
1,ec384,2,368,1.0423330240882933,2026-04-27T17:27:46,1372,OFF
1,ec384,2,369,1.0271249921061099,2026-04-27T17:27:46,1372,OFF
1,ec384,2,370,1.0367499780841172,2026-04-27T17:27:46,1372,OFF
1,ec384,2,371,1.0675409575924277,2026-04-27T17:27:46,1372,OFF
1,ec384,2,372,1.0425419895909727,2026-04-27T17:27:46,1372,OFF
1,ec384,2,373,1.0427079978398979,2026-04-27T17:27:46,1372,OFF
1,ec384,2,374,1.0492089786566794,2026-04-27T17:27:46,1372,OFF
1,ec384,2,375,1.059875008650124,2026-04-27T17:27:46,1372,OFF
1,ec384,2,376,1.1642919853329659,2026-04-27T17:27:46,1372,OFF
1,ec384,2,377,1.0220420081168413,2026-04-27T17:27:46,1372,OFF
1,ec384,2,378,1.0509169660508633,2026-04-27T17:27:46,1372,OFF
1,ec384,2,379,1.0608750162646174,2026-04-27T17:27:46,1372,OFF
1,ec384,2,380,1.0441249469295144,2026-04-27T17:27:46,1372,OFF
1,ec384,2,381,1.053708023391664,2026-04-27T17:27:46,1372,OFF
1,ec384,2,382,1.0409580427221954,2026-04-27T17:27:46,1372,OFF
1,ec384,2,383,1.0489579872228205,2026-04-27T17:27:46,1372,OFF
1,ec384,2,384,1.0687499889172614,2026-04-27T17:27:46,1372,OFF
1,ec384,2,385,1.0799589799717069,2026-04-27T17:27:46,1372,OFF
1,ec384,2,386,1.0488330153748393,2026-04-27T17:27:46,1372,OFF
1,ec384,2,387,1.0870000114664435,2026-04-27T17:27:46,1372,OFF
1,ec384,2,388,1.06712500564754,2026-04-27T17:27:46,1372,OFF
1,ec384,2,389,1.0843329946510494,2026-04-27T17:27:46,1372,OFF
1,ec384,2,390,1.05366698699072,2026-04-27T17:27:46,1372,OFF
1,ec384,2,391,1.0442089987918735,2026-04-27T17:27:46,1372,OFF
1,ec384,2,392,1.0398339945822954,2026-04-27T17:27:46,1372,OFF
1,ec384,2,393,1.0432919953018427,2026-04-27T17:27:46,1372,OFF
1,ec384,2,394,1.0362089960835874,2026-04-27T17:27:46,1372,OFF
1,ec384,2,395,1.051833969540894,2026-04-27T17:27:46,1372,OFF
1,ec384,2,396,1.0701669962145388,2026-04-27T17:27:46,1372,OFF
1,ec384,2,397,1.044292002916336,2026-04-27T17:27:46,1372,OFF
1,ec384,2,398,1.0575409978628159,2026-04-27T17:27:46,1372,OFF
1,ec384,2,399,1.0544579708948731,2026-04-27T17:27:46,1372,OFF
1,ec384,2,400,1.0530420113354921,2026-04-27T17:27:46,1372,OFF
1,ec384,2,401,1.050458988174796,2026-04-27T17:27:46,1372,OFF
1,ec384,2,402,1.074249972589314,2026-04-27T17:27:46,1372,OFF
1,ec384,2,403,1.0487090330570936,2026-04-27T17:27:46,1372,OFF
1,ec384,2,404,1.0460419580340385,2026-04-27T17:27:46,1372,OFF
1,ec384,2,405,1.056250010151416,2026-04-27T17:27:46,1372,OFF
1,ec384,2,406,1.077542023267597,2026-04-27T17:27:46,1372,OFF
1,ec384,2,407,1.073624996934086,2026-04-27T17:27:46,1372,OFF
1,ec384,2,408,1.0534169850870967,2026-04-27T17:27:46,1372,OFF
1,ec384,2,409,1.0796249844133854,2026-04-27T17:27:46,1372,OFF
1,ec384,2,410,1.0805419879034162,2026-04-27T17:27:46,1372,OFF
1,ec384,2,411,1.0567909921519458,2026-04-27T17:27:46,1372,OFF
1,ec384,2,412,1.0647079907357693,2026-04-27T17:27:46,1372,OFF
1,ec384,2,413,1.0451250127516687,2026-04-27T17:27:46,1372,OFF
1,ec384,2,414,1.083665993064642,2026-04-27T17:27:46,1372,OFF
1,ec384,2,415,1.0672089993022382,2026-04-27T17:27:46,1372,OFF
1,ec384,2,416,1.102167007047683,2026-04-27T17:27:46,1372,OFF
1,ec384,2,417,1.1625830084085464,2026-04-27T17:27:46,1372,OFF
1,ec384,2,418,1.0588750010356307,2026-04-27T17:27:46,1372,OFF
1,ec384,2,419,1.0917499894276261,2026-04-27T17:27:46,1372,OFF
1,ec384,2,420,1.0834159911610186,2026-04-27T17:27:46,1372,OFF
1,ec384,2,421,1.0734589886851609,2026-04-27T17:27:46,1372,OFF
1,ec384,2,422,1.0468330001458526,2026-04-27T17:27:46,1372,OFF
1,ec384,2,423,1.1599169811233878,2026-04-27T17:27:46,1372,OFF
1,ec384,2,424,1.1400830117054284,2026-04-27T17:27:46,1372,OFF
1,ec384,2,425,1.1140829883515835,2026-04-27T17:27:46,1372,OFF
1,ec384,2,426,1.1401250376366079,2026-04-27T17:27:46,1372,OFF
1,ec384,2,427,1.138749998062849,2026-04-27T17:27:46,1372,OFF
1,ec384,2,428,1.2064999900758266,2026-04-27T17:27:46,1372,OFF
1,ec384,2,429,1.0363750043325126,2026-04-27T17:27:46,1372,OFF
1,ec384,2,430,1.0502500226721168,2026-04-27T17:27:46,1372,OFF
1,ec384,2,431,1.0412079864181578,2026-04-27T17:27:46,1372,OFF
1,ec384,2,432,1.0451670386828482,2026-04-27T17:27:46,1372,OFF
1,ec384,2,433,1.0502910008653998,2026-04-27T17:27:46,1372,OFF
1,ec384,2,434,1.0390829993411899,2026-04-27T17:27:46,1372,OFF
1,ec384,2,435,1.0562499519437551,2026-04-27T17:27:46,1372,OFF
1,ec384,2,436,1.0657910024747252,2026-04-27T17:27:46,1372,OFF
1,ec384,2,437,1.0553330066613853,2026-04-27T17:27:46,1372,OFF
1,ec384,2,438,1.050833030603826,2026-04-27T17:27:46,1372,OFF
1,ec384,2,439,1.0681249550543725,2026-04-27T17:27:46,1372,OFF
1,ec384,2,440,1.0558339999988675,2026-04-27T17:27:46,1372,OFF
1,ec384,2,441,1.1086660088039935,2026-04-27T17:27:46,1372,OFF
1,ec384,2,442,1.0506670223549008,2026-04-27T17:27:46,1372,OFF
1,ec384,2,443,1.0304160532541573,2026-04-27T17:27:46,1372,OFF
1,ec384,2,444,1.0449159890413284,2026-04-27T17:27:46,1372,OFF
1,ec384,2,445,1.0760839795693755,2026-04-27T17:27:46,1372,OFF
1,ec384,2,446,1.0407500085420907,2026-04-27T17:27:46,1372,OFF
1,ec384,2,447,1.040250004734844,2026-04-27T17:27:46,1372,OFF
1,ec384,2,448,1.0397500009275973,2026-04-27T17:27:46,1372,OFF
1,ec384,2,449,1.0408330126665533,2026-04-27T17:27:46,1372,OFF
1,ec384,2,450,1.0426660301163793,2026-04-27T17:27:46,1372,OFF
1,ec384,2,451,1.0329579818062484,2026-04-27T17:27:46,1372,OFF
1,ec384,2,452,1.0373330442234874,2026-04-27T17:27:46,1372,OFF
1,ec384,2,453,1.0304590105079114,2026-04-27T17:27:46,1372,OFF
1,ec384,2,454,1.0582079994492233,2026-04-27T17:27:46,1372,OFF
1,ec384,2,455,1.0359579464420676,2026-04-27T17:27:46,1372,OFF
1,ec384,2,456,1.0705830063670874,2026-04-27T17:27:46,1372,OFF
1,ec384,2,457,1.0467090178281069,2026-04-27T17:27:46,1372,OFF
1,ec384,2,458,1.0433749994263053,2026-04-27T17:27:46,1372,OFF
1,ec384,2,459,1.0475839953869581,2026-04-27T17:27:46,1372,OFF
1,ec384,2,460,1.0801670141518116,2026-04-27T17:27:46,1372,OFF
1,ec384,2,461,1.055833010468632,2026-04-27T17:27:46,1372,OFF
1,ec384,2,462,1.0646660230122507,2026-04-27T17:27:46,1372,OFF
1,ec384,2,463,1.0587499709799886,2026-04-27T17:27:46,1372,OFF
1,ec384,2,464,1.0870830155909061,2026-04-27T17:27:46,1372,OFF
1,ec384,2,465,1.0651660268194973,2026-04-27T17:27:46,1372,OFF
1,ec384,2,466,1.0504579986445606,2026-04-27T17:27:46,1372,OFF
1,ec384,2,467,1.1099580442532897,2026-04-27T17:27:46,1372,OFF
1,ec384,2,468,1.071374979801476,2026-04-27T17:27:46,1372,OFF
1,ec384,2,469,1.067709003109485,2026-04-27T17:27:46,1372,OFF
1,ec384,2,470,1.0604580165818334,2026-04-27T17:27:46,1372,OFF
1,ec384,2,471,1.045042008627206,2026-04-27T17:27:46,1372,OFF
1,ec384,2,472,1.075084030162543,2026-04-27T17:27:46,1372,OFF
1,ec384,2,473,1.0665829759091139,2026-04-27T17:27:46,1372,OFF
1,ec384,2,474,1.072790997568518,2026-04-27T17:27:46,1372,OFF
1,ec384,2,475,1.043458003550768,2026-04-27T17:27:46,1372,OFF
1,ec384,2,476,1.0779580334201455,2026-04-27T17:27:46,1372,OFF
1,ec384,2,477,1.0673750075511634,2026-04-27T17:27:46,1372,OFF
1,ec384,2,478,1.0538329952396452,2026-04-27T17:27:46,1372,OFF
1,ec384,2,479,1.0880419868044555,2026-04-27T17:27:46,1372,OFF
1,ec384,2,480,1.1562499566935003,2026-04-27T17:27:46,1372,OFF
1,ec384,2,481,1.0544999968260527,2026-04-27T17:27:46,1372,OFF
1,ec384,2,482,1.0655000223778188,2026-04-27T17:27:46,1372,OFF
1,ec384,2,483,1.0516250040382147,2026-04-27T17:27:46,1372,OFF
1,ec384,2,484,1.0632909834384918,2026-04-27T17:27:46,1372,OFF
1,ec384,2,485,1.0451670386828482,2026-04-27T17:27:46,1372,OFF
1,ec384,2,486,1.0423750500194728,2026-04-27T17:27:46,1372,OFF
1,ec384,2,487,1.0229999898001552,2026-04-27T17:27:46,1372,OFF
1,ec384,2,488,1.0897910105995834,2026-04-27T17:27:46,1372,OFF
1,ec384,2,489,1.05291698127985,2026-04-27T17:27:46,1372,OFF
1,ec384,2,490,1.05945800896734,2026-04-27T17:27:46,1372,OFF
1,ec384,2,491,1.0442910133861005,2026-04-27T17:27:46,1372,OFF
1,ec384,2,492,1.0795420384965837,2026-04-27T17:27:46,1372,OFF
1,ec384,2,493,1.0897079482674599,2026-04-27T17:27:46,1372,OFF
1,ec384,2,494,1.044583972543478,2026-04-27T17:27:46,1372,OFF
1,ec384,2,495,1.071707985829562,2026-04-27T17:27:46,1372,OFF
1,ec384,2,496,1.0444580111652613,2026-04-27T17:27:46,1372,OFF
1,ec384,2,497,1.0374999837949872,2026-04-27T17:27:46,1372,OFF
1,ec384,2,498,1.029792008921504,2026-04-27T17:27:46,1372,OFF
1,ec384,2,499,1.0473750298842788,2026-04-27T17:27:46,1372,OFF
1,ec384,2,500,1.04058301076293,2026-04-27T17:27:46,1372,OFF
1,ec384,2,501,1.034500019159168,2026-04-27T17:27:46,1372,OFF
1,ec384,2,502,1.0499170166440308,2026-04-27T17:27:46,1372,OFF
1,ec384,2,503,1.0496670147404075,2026-04-27T17:27:46,1372,OFF
1,ec384,2,504,1.0412920382805169,2026-04-27T17:27:46,1372,OFF
1,ec384,2,505,1.0550000006332994,2026-04-27T17:27:46,1372,OFF
1,ec384,2,506,1.1048750020563602,2026-04-27T17:27:46,1372,OFF
1,ec384,2,507,1.2730839662253857,2026-04-27T17:27:46,1372,OFF
1,ec384,2,508,1.0343749891035259,2026-04-27T17:27:46,1372,OFF
1,ec384,2,509,1.0536249610595405,2026-04-27T17:27:46,1372,OFF
1,ec384,2,510,1.086167001631111,2026-04-27T17:27:46,1372,OFF
1,ec384,2,511,1.0425840155221522,2026-04-27T17:27:46,1372,OFF
1,ec384,2,512,1.0365830385126173,2026-04-27T17:27:46,1372,OFF
1,ec384,2,513,1.023332995828241,2026-04-27T17:27:46,1372,OFF
1,ec384,2,514,1.0743330349214375,2026-04-27T17:27:46,1372,OFF
1,ec384,2,515,1.0476250317879021,2026-04-27T17:27:46,1372,OFF
1,ec384,2,516,1.0501659708097577,2026-04-27T17:27:46,1372,OFF
1,ec384,2,517,1.0517080081626773,2026-04-27T17:27:46,1372,OFF
1,ec384,2,518,1.065333024598658,2026-04-27T17:27:46,1372,OFF
1,ec384,2,519,1.0649170144461095,2026-04-27T17:27:46,1372,OFF
1,ec384,2,520,1.0462909704074264,2026-04-27T17:27:46,1372,OFF
1,ec384,2,521,1.067084027454257,2026-04-27T17:27:46,1372,OFF
1,ec384,2,522,1.0422079940326512,2026-04-27T17:27:46,1372,OFF
1,ec384,2,523,1.0439589968882501,2026-04-27T17:27:46,1372,OFF
1,ec384,2,524,1.0501249926164746,2026-04-27T17:27:46,1372,OFF
1,ec384,2,525,1.0444159852340817,2026-04-27T17:27:46,1372,OFF
1,ec384,2,526,1.0321250301785767,2026-04-27T17:27:46,1372,OFF
1,ec384,2,527,1.075041014701128,2026-04-27T17:27:46,1372,OFF
1,ec384,2,528,1.0617910302244127,2026-04-27T17:27:46,1372,OFF
1,ec384,2,529,1.0769999935291708,2026-04-27T17:27:46,1372,OFF
1,ec384,2,530,1.0530829895287752,2026-04-27T17:27:46,1372,OFF
1,ec384,2,531,1.0544579708948731,2026-04-27T17:27:46,1372,OFF
1,ec384,2,532,1.0773749672807753,2026-04-27T17:27:46,1372,OFF
1,ec384,2,533,1.0495419846847653,2026-04-27T17:27:46,1372,OFF
1,ec384,2,534,1.0856250301003456,2026-04-27T17:27:46,1372,OFF
1,ec384,2,535,1.0532920132391155,2026-04-27T17:27:46,1372,OFF
1,ec384,2,536,1.070750004146248,2026-04-27T17:27:46,1372,OFF
1,ec384,2,537,1.0574169573374093,2026-04-27T17:27:46,1372,OFF
1,ec384,2,538,1.0639999527484179,2026-04-27T17:27:46,1372,OFF
1,ec384,2,539,1.0624579736031592,2026-04-27T17:27:46,1372,OFF
1,ec384,2,540,1.0502499644644558,2026-04-27T17:27:46,1372,OFF
1,ec384,2,541,1.102917012758553,2026-04-27T17:27:46,1372,OFF
1,ec384,2,542,1.0439170291647315,2026-04-27T17:27:46,1372,OFF
1,ec384,2,543,1.0812499676831067,2026-04-27T17:27:46,1372,OFF
1,ec384,2,544,1.0560000082477927,2026-04-27T17:27:46,1372,OFF
1,ec384,2,545,1.077875029295683,2026-04-27T17:27:46,1372,OFF
1,ec384,2,546,1.0795419802889228,2026-04-27T17:27:46,1372,OFF
1,ec384,2,547,1.0447499807924032,2026-04-27T17:27:46,1372,OFF
1,ec384,2,548,1.038833986967802,2026-04-27T17:27:46,1372,OFF
1,ec384,2,549,1.0447920067235827,2026-04-27T17:27:46,1372,OFF
1,ec384,2,550,1.0577909997664392,2026-04-27T17:27:46,1372,OFF
1,ec384,2,551,1.0341660236008465,2026-04-27T17:27:46,1372,OFF
1,ec384,2,552,1.0413340060040355,2026-04-27T17:27:46,1372,OFF
1,ec384,2,553,1.0369159863330424,2026-04-27T17:27:46,1372,OFF
1,ec384,2,554,1.0379159939475358,2026-04-27T17:27:46,1372,OFF
1,ec384,2,555,1.0350830270908773,2026-04-27T17:27:46,1372,OFF
1,ec384,2,556,1.088417018763721,2026-04-27T17:27:46,1372,OFF
1,ec384,2,557,1.0515000321902335,2026-04-27T17:27:46,1372,OFF
1,ec384,2,558,1.043124997522682,2026-04-27T17:27:46,1372,OFF
1,ec384,2,559,1.0929590207524598,2026-04-27T17:27:46,1372,OFF
1,ec384,2,560,1.196208002511412,2026-04-27T17:27:46,1372,OFF
1,ec384,2,561,1.0287910117767751,2026-04-27T17:27:46,1372,OFF
1,ec384,2,562,1.0564589756540954,2026-04-27T17:27:46,1372,OFF
1,ec384,2,563,1.042167015839368,2026-04-27T17:27:46,1372,OFF
1,ec384,2,564,1.0483329533599317,2026-04-27T17:27:46,1372,OFF
1,ec384,2,565,1.045375014655292,2026-04-27T17:27:46,1372,OFF
1,ec384,2,566,3.977290994953364,2026-04-27T17:27:46,1372,OFF
1,ec384,2,567,1.0368330404162407,2026-04-27T17:27:46,1372,OFF
1,ec384,2,568,1.0488750413060188,2026-04-27T17:27:46,1372,OFF
1,ec384,2,569,1.06337497709319,2026-04-27T17:27:46,1372,OFF
1,ec384,2,570,1.114833983592689,2026-04-27T17:27:46,1372,OFF
1,ec384,2,571,1.0549160069786012,2026-04-27T17:27:46,1372,OFF
1,ec384,2,572,1.0441670310683548,2026-04-27T17:27:46,1372,OFF
1,ec384,2,573,1.0431670234538615,2026-04-27T17:27:46,1372,OFF
1,ec384,2,574,1.0508749983273447,2026-04-27T17:27:46,1372,OFF
1,ec384,2,575,1.0439589968882501,2026-04-27T17:27:46,1372,OFF
1,ec384,2,576,1.043457945343107,2026-04-27T17:27:46,1372,OFF
1,ec384,2,577,1.0436670272611082,2026-04-27T17:27:46,1372,OFF
1,ec384,2,578,1.0510410065762699,2026-04-27T17:27:46,1372,OFF
1,ec384,2,579,1.0495829628780484,2026-04-27T17:27:46,1372,OFF
1,ec384,2,580,1.054000051226467,2026-04-27T17:27:46,1372,OFF
1,ec384,2,581,1.0439580073580146,2026-04-27T17:27:46,1372,OFF
1,ec384,2,582,1.0734579991549253,2026-04-27T17:27:46,1372,OFF
1,ec384,2,583,1.0892919963225722,2026-04-27T17:27:46,1372,OFF
1,ec384,2,584,1.0635829530656338,2026-04-27T17:27:46,1372,OFF
1,ec384,2,585,1.0499159689061344,2026-04-27T17:27:46,1372,OFF
1,ec384,2,586,1.0762919555418193,2026-04-27T17:27:46,1372,OFF
1,ec384,2,587,1.0642909910529852,2026-04-27T17:27:46,1372,OFF
1,ec384,2,588,1.0454579605720937,2026-04-27T17:27:46,1372,OFF
1,ec384,2,589,1.0527080157771707,2026-04-27T17:27:46,1372,OFF
1,ec384,2,590,1.05870800325647,2026-04-27T17:27:46,1372,OFF
1,ec384,2,591,1.0557909845374525,2026-04-27T17:27:46,1372,OFF
1,ec384,2,592,1.053249987307936,2026-04-27T17:27:46,1372,OFF
1,ec384,2,593,1.0866670054383576,2026-04-27T17:27:46,1372,OFF
1,ec384,2,594,1.0918340412899852,2026-04-27T17:27:46,1372,OFF
1,ec384,2,595,1.0727079934440553,2026-04-27T17:27:46,1372,OFF
1,ec384,2,596,1.1217499850317836,2026-04-27T17:27:46,1372,OFF
1,ec384,2,597,1.0436250013299286,2026-04-27T17:27:46,1372,OFF
1,ec384,2,598,1.0424169595353305,2026-04-27T17:27:46,1372,OFF
1,ec384,2,599,1.0481670033186674,2026-04-27T17:27:46,1372,OFF
1,ec384,2,600,1.0594999766908586,2026-04-27T17:27:46,1372,OFF
1,ec384,2,601,1.0508749983273447,2026-04-27T17:27:46,1372,OFF
1,ec384,2,602,1.0885000228881836,2026-04-27T17:27:46,1372,OFF
1,ec384,2,603,1.0533329914323986,2026-04-27T17:27:46,1372,OFF
1,ec384,2,604,1.081458991393447,2026-04-27T17:27:46,1372,OFF
1,ec384,2,605,1.0937500046566129,2026-04-27T17:27:46,1372,OFF
1,ec384,2,606,1.043541997205466,2026-04-27T17:27:46,1372,OFF
1,ec384,2,607,1.0412500123493373,2026-04-27T17:27:46,1372,OFF
1,ec384,2,608,1.04433303931728,2026-04-27T17:27:46,1372,OFF
1,ec384,2,609,1.0893330327235162,2026-04-27T17:27:46,1372,OFF
1,ec384,2,610,1.2412919895723462,2026-04-27T17:27:46,1372,OFF
1,ec384,2,611,1.0355410049669445,2026-04-27T17:27:46,1372,OFF
1,ec384,2,612,1.0547919664531946,2026-04-27T17:27:46,1372,OFF
1,ec384,2,613,1.0475830058567226,2026-04-27T17:27:46,1372,OFF
1,ec384,2,614,1.0964590474031866,2026-04-27T17:27:46,1372,OFF
1,ec384,2,615,1.0365420021116734,2026-04-27T17:27:46,1372,OFF
1,ec384,2,616,1.101040979847312,2026-04-27T17:27:46,1372,OFF
1,ec384,2,617,1.0586249991320074,2026-04-27T17:27:46,1372,OFF
1,ec384,2,618,1.059875008650124,2026-04-27T17:27:46,1372,OFF
1,ec384,2,619,1.0874169529415667,2026-04-27T17:27:46,1372,OFF
1,ec384,2,620,1.0480000055395067,2026-04-27T17:27:46,1372,OFF
1,ec384,2,621,1.0827909572981298,2026-04-27T17:27:46,1372,OFF
1,ec384,2,622,1.1620840523391962,2026-04-27T17:27:46,1372,OFF
1,ec384,2,623,1.0640830150805414,2026-04-27T17:27:46,1372,OFF
1,ec384,2,624,1.0838750167749822,2026-04-27T17:27:46,1372,OFF
1,ec384,2,625,1.0559160145930946,2026-04-27T17:27:46,1372,OFF
1,ec384,2,626,1.0965420515276492,2026-04-27T17:27:46,1372,OFF
1,ec384,2,627,1.0694579686969519,2026-04-27T17:27:46,1372,OFF
1,ec384,2,628,1.0664589935913682,2026-04-27T17:27:46,1372,OFF
1,ec384,2,629,1.0862919734790921,2026-04-27T17:27:46,1372,OFF
1,ec384,2,630,1.0623749694786966,2026-04-27T17:27:46,1372,OFF
1,ec384,2,631,1.0907090036198497,2026-04-27T17:27:46,1372,OFF
1,ec384,2,632,1.0535420151427388,2026-04-27T17:27:46,1372,OFF
1,ec384,2,633,1.0944590321741998,2026-04-27T17:27:46,1372,OFF
1,ec384,2,634,1.0679999832063913,2026-04-27T17:27:46,1372,OFF
1,ec384,2,635,1.0509999701753259,2026-04-27T17:27:46,1372,OFF
1,ec384,2,636,1.0422909981571138,2026-04-27T17:27:46,1372,OFF
1,ec384,2,637,1.043250027578324,2026-04-27T17:27:46,1372,OFF
1,ec384,2,638,1.0425420477986336,2026-04-27T17:27:46,1372,OFF
1,ec384,2,639,1.0401670006103814,2026-04-27T17:27:46,1372,OFF
1,ec384,2,640,1.0332909878343344,2026-04-27T17:27:46,1372,OFF
1,ec384,2,641,1.0175419738516212,2026-04-27T17:27:46,1372,OFF
1,ec384,2,642,1.0396659490652382,2026-04-27T17:27:46,1372,OFF
1,ec384,2,643,1.0325419716536999,2026-04-27T17:27:46,1372,OFF
1,ec384,2,644,1.0267079924233258,2026-04-27T17:27:46,1372,OFF
1,ec384,2,645,1.051125000230968,2026-04-27T17:27:46,1372,OFF
1,ec384,2,646,1.0461249621585011,2026-04-27T17:27:46,1372,OFF
1,ec384,2,647,1.0333749814890325,2026-04-27T17:27:46,1372,OFF
1,ec384,2,648,1.0706250322982669,2026-04-27T17:27:46,1372,OFF
1,ec384,2,649,1.0368750081397593,2026-04-27T17:27:46,1372,OFF
1,ec384,2,650,1.0567909921519458,2026-04-27T17:27:46,1372,OFF
1,ec384,3,1,1.6151670133695006,2026-04-27T17:27:48,2068,OFF
1,ec384,3,2,1.5850000199861825,2026-04-27T17:27:48,2068,OFF
1,ec384,3,3,1.581416989210993,2026-04-27T17:27:48,2068,OFF
1,ec384,3,4,1.5599170001223683,2026-04-27T17:27:48,2068,OFF
1,ec384,3,5,1.5143339987844229,2026-04-27T17:27:48,2068,OFF
1,ec384,3,6,1.5130829997360706,2026-04-27T17:27:48,2068,OFF
1,ec384,3,7,1.5128750237636268,2026-04-27T17:27:48,2068,OFF
1,ec384,3,8,1.4641660382039845,2026-04-27T17:27:48,2068,OFF
1,ec384,3,9,1.4624159666709602,2026-04-27T17:27:48,2068,OFF
1,ec384,3,10,1.4354159939102829,2026-04-27T17:27:48,2068,OFF
1,ec384,3,11,1.418875006493181,2026-04-27T17:27:48,2068,OFF
1,ec384,3,12,1.4106670278124511,2026-04-27T17:27:48,2068,OFF
1,ec384,3,13,1.397125015500933,2026-04-27T17:27:48,2068,OFF
1,ec384,3,14,1.3987909769639373,2026-04-27T17:27:48,2068,OFF
1,ec384,3,15,1.3857089797966182,2026-04-27T17:27:48,2068,OFF
1,ec384,3,16,1.376916014123708,2026-04-27T17:27:48,2068,OFF
1,ec384,3,17,1.3687089667655528,2026-04-27T17:27:48,2068,OFF
1,ec384,3,18,1.3620410463772714,2026-04-27T17:27:48,2068,OFF
1,ec384,3,19,1.3465830124914646,2026-04-27T17:27:48,2068,OFF
1,ec384,3,20,1.3509580167010427,2026-04-27T17:27:48,2068,OFF
1,ec384,3,21,1.351166982203722,2026-04-27T17:27:48,2068,OFF
1,ec384,3,22,1.3531669974327087,2026-04-27T17:27:48,2068,OFF
1,ec384,3,23,1.3474159641191363,2026-04-27T17:27:48,2068,OFF
1,ec384,3,24,1.34937500115484,2026-04-27T17:27:48,2068,OFF
1,ec384,3,25,1.2735410127788782,2026-04-27T17:27:48,2068,OFF
1,ec384,3,26,1.2585840304382145,2026-04-27T17:27:48,2068,OFF
1,ec384,3,27,1.2441669823601842,2026-04-27T17:27:48,2068,OFF
1,ec384,3,28,1.2481669546104968,2026-04-27T17:27:48,2068,OFF
1,ec384,3,29,1.2561669573187828,2026-04-27T17:27:48,2068,OFF
1,ec384,3,30,1.2665419490076602,2026-04-27T17:27:48,2068,OFF
1,ec384,3,31,1.2532499968074262,2026-04-27T17:27:48,2068,OFF
1,ec384,3,32,1.253916008863598,2026-04-27T17:27:48,2068,OFF
1,ec384,3,33,1.2460830039344728,2026-04-27T17:27:48,2068,OFF
1,ec384,3,34,1.2450829963199794,2026-04-27T17:27:48,2068,OFF
1,ec384,3,35,1.2485840125009418,2026-04-27T17:27:48,2068,OFF
1,ec384,3,36,1.2480830191634595,2026-04-27T17:27:48,2068,OFF
1,ec384,3,37,1.2432499788701534,2026-04-27T17:27:48,2068,OFF
1,ec384,3,38,1.2702500098384917,2026-04-27T17:27:48,2068,OFF
1,ec384,3,39,1.2537079746834934,2026-04-27T17:27:48,2068,OFF
1,ec384,3,40,1.2561659677885473,2026-04-27T17:27:48,2068,OFF
1,ec384,3,41,1.2604169896803796,2026-04-27T17:27:48,2068,OFF
1,ec384,3,42,1.2503750040195882,2026-04-27T17:27:48,2068,OFF
1,ec384,3,43,1.2555420398712158,2026-04-27T17:27:48,2068,OFF
1,ec384,3,44,1.3548749848268926,2026-04-27T17:27:48,2068,OFF
1,ec384,3,45,1.3324590399861336,2026-04-27T17:27:48,2068,OFF
1,ec384,3,46,1.302707998547703,2026-04-27T17:27:48,2068,OFF
1,ec384,3,47,1.2665829854086041,2026-04-27T17:27:48,2068,OFF
1,ec384,3,48,1.2662920053116977,2026-04-27T17:27:48,2068,OFF
1,ec384,3,49,1.255250012036413,2026-04-27T17:27:48,2068,OFF
1,ec384,3,50,1.2501669698394835,2026-04-27T17:27:48,2068,OFF
1,ec384,3,51,1.2743750121444464,2026-04-27T17:27:48,2068,OFF
1,ec384,3,52,1.247707987204194,2026-04-27T17:27:48,2068,OFF
1,ec384,3,53,1.2540419702418149,2026-04-27T17:27:48,2068,OFF
1,ec384,3,54,1.2593339779414237,2026-04-27T17:27:48,2068,OFF
1,ec384,3,55,1.353750005364418,2026-04-27T17:27:48,2068,OFF
1,ec384,3,56,1.4135000528767705,2026-04-27T17:27:48,2068,OFF
1,ec384,3,57,1.259958022274077,2026-04-27T17:27:48,2068,OFF
1,ec384,3,58,1.2613749713636935,2026-04-27T17:27:48,2068,OFF
1,ec384,3,59,1.2805419974029064,2026-04-27T17:27:48,2068,OFF
1,ec384,3,60,1.249041990377009,2026-04-27T17:27:48,2068,OFF
1,ec384,3,61,1.2467919732443988,2026-04-27T17:27:48,2068,OFF
1,ec384,3,62,1.407375035341829,2026-04-27T17:27:48,2068,OFF
1,ec384,3,63,1.2694590259343386,2026-04-27T17:27:48,2068,OFF
1,ec384,3,64,1.2627500109374523,2026-04-27T17:27:48,2068,OFF
1,ec384,3,65,1.250542001798749,2026-04-27T17:27:48,2068,OFF
1,ec384,3,66,1.2586250086314976,2026-04-27T17:27:48,2068,OFF
1,ec384,3,67,1.2424159795045853,2026-04-27T17:27:48,2068,OFF
1,ec384,3,68,1.2356250081211329,2026-04-27T17:27:48,2068,OFF
1,ec384,3,69,1.2634579907171428,2026-04-27T17:27:48,2068,OFF
1,ec384,3,70,1.2804580037482083,2026-04-27T17:27:48,2068,OFF
1,ec384,3,71,1.2580000329762697,2026-04-27T17:27:48,2068,OFF
1,ec384,3,72,1.2612499995157123,2026-04-27T17:27:48,2068,OFF
1,ec384,3,73,1.309082959778607,2026-04-27T17:27:48,2068,OFF
1,ec384,3,74,1.2608329998329282,2026-04-27T17:27:48,2068,OFF
1,ec384,3,75,1.2672499869950116,2026-04-27T17:27:48,2068,OFF
1,ec384,3,76,1.2902920134365559,2026-04-27T17:27:48,2068,OFF
1,ec384,3,77,1.274749985896051,2026-04-27T17:27:48,2068,OFF
1,ec384,3,78,1.2996669975109398,2026-04-27T17:27:48,2068,OFF
1,ec384,3,79,1.2760829995386302,2026-04-27T17:27:48,2068,OFF
1,ec384,3,80,1.2937089777551591,2026-04-27T17:27:48,2068,OFF
1,ec384,3,81,1.284958969336003,2026-04-27T17:27:48,2068,OFF
1,ec384,3,82,1.2859590351581573,2026-04-27T17:27:48,2068,OFF
1,ec384,3,83,1.2784170103259385,2026-04-27T17:27:48,2068,OFF
1,ec384,3,84,1.3216249644756317,2026-04-27T17:27:48,2068,OFF
1,ec384,3,85,1.280499971471727,2026-04-27T17:27:48,2068,OFF
1,ec384,3,86,1.2641670182347298,2026-04-27T17:27:48,2068,OFF
1,ec384,3,87,1.2707499554380774,2026-04-27T17:27:48,2068,OFF
1,ec384,3,88,1.2666659895330667,2026-04-27T17:27:48,2068,OFF
1,ec384,3,89,1.2637079926207662,2026-04-27T17:27:48,2068,OFF
1,ec384,3,90,1.349999976810068,2026-04-27T17:27:48,2068,OFF
1,ec384,3,91,1.3105419930070639,2026-04-27T17:27:48,2068,OFF
1,ec384,3,92,1.2684579705819488,2026-04-27T17:27:48,2068,OFF
1,ec384,3,93,1.253750000614673,2026-04-27T17:27:48,2068,OFF
1,ec384,3,94,1.2707500136457384,2026-04-27T17:27:48,2068,OFF
1,ec384,3,95,1.3119169743731618,2026-04-27T17:27:48,2068,OFF
1,ec384,3,96,1.252459012903273,2026-04-27T17:27:48,2068,OFF
1,ec384,3,97,1.2485830229707062,2026-04-27T17:27:48,2068,OFF
1,ec384,3,98,1.2906250194646418,2026-04-27T17:27:48,2068,OFF
1,ec384,3,99,1.3789579970762134,2026-04-27T17:27:48,2068,OFF
1,ec384,3,100,1.2517920113168657,2026-04-27T17:27:48,2068,OFF
1,ec384,3,101,1.2407920439727604,2026-04-27T17:27:48,2068,OFF
1,ec384,3,102,1.238957978785038,2026-04-27T17:27:48,2068,OFF
1,ec384,3,103,1.3051250134594738,2026-04-27T17:27:48,2068,OFF
1,ec384,3,104,1.2698329519480467,2026-04-27T17:27:48,2068,OFF
1,ec384,3,105,1.3216249644756317,2026-04-27T17:27:48,2068,OFF
1,ec384,3,106,1.3241249835118651,2026-04-27T17:27:48,2068,OFF
1,ec384,3,107,1.335958018898964,2026-04-27T17:27:48,2068,OFF
1,ec384,3,108,1.2740420061163604,2026-04-27T17:27:48,2068,OFF
1,ec384,3,109,1.301291980780661,2026-04-27T17:27:48,2068,OFF
1,ec384,3,110,1.2475000112317502,2026-04-27T17:27:48,2068,OFF
1,ec384,3,111,1.273666974157095,2026-04-27T17:27:48,2068,OFF
1,ec384,3,112,1.2307919678278267,2026-04-27T17:27:48,2068,OFF
1,ec384,3,113,1.2757910299114883,2026-04-27T17:27:48,2068,OFF
1,ec384,3,114,1.254917006008327,2026-04-27T17:27:48,2068,OFF
1,ec384,3,115,1.2406249879859388,2026-04-27T17:27:48,2068,OFF
1,ec384,3,116,1.2675829930230975,2026-04-27T17:27:48,2068,OFF
1,ec384,3,117,1.2882909504696727,2026-04-27T17:27:48,2068,OFF
1,ec384,3,118,1.373999984934926,2026-04-27T17:27:48,2068,OFF
1,ec384,3,119,1.2974999845027924,2026-04-27T17:27:48,2068,OFF
1,ec384,3,120,1.278416020795703,2026-04-27T17:27:48,2068,OFF
1,ec384,3,121,1.277624978683889,2026-04-27T17:27:48,2068,OFF
1,ec384,3,122,1.2696249759756029,2026-04-27T17:27:48,2068,OFF
1,ec384,3,123,1.2510410160757601,2026-04-27T17:27:48,2068,OFF
1,ec384,3,124,1.3122080126777291,2026-04-27T17:27:48,2068,OFF
1,ec384,3,125,1.2649170239455998,2026-04-27T17:27:48,2068,OFF
1,ec384,3,126,1.2720830272883177,2026-04-27T17:27:48,2068,OFF
1,ec384,3,127,1.2963329791091383,2026-04-27T17:27:48,2068,OFF
1,ec384,3,128,1.2883750023320317,2026-04-27T17:27:48,2068,OFF
1,ec384,3,129,1.2423339649103582,2026-04-27T17:27:48,2068,OFF
1,ec384,3,130,1.2544580386020243,2026-04-27T17:27:48,2068,OFF
1,ec384,3,131,1.2483749887906015,2026-04-27T17:27:48,2068,OFF
1,ec384,3,132,1.2533330009318888,2026-04-27T17:27:48,2068,OFF
1,ec384,3,133,1.2440839782357216,2026-04-27T17:27:48,2068,OFF
1,ec384,3,134,1.2264170218259096,2026-04-27T17:27:48,2068,OFF
1,ec384,3,135,1.273833040613681,2026-04-27T17:27:48,2068,OFF
1,ec384,3,136,1.271124987397343,2026-04-27T17:27:48,2068,OFF
1,ec384,3,137,1.2432910152710974,2026-04-27T17:27:48,2068,OFF
1,ec384,3,138,1.2482079910114408,2026-04-27T17:27:48,2068,OFF
1,ec384,3,139,1.2607499957084656,2026-04-27T17:27:48,2068,OFF
1,ec384,3,140,1.3840410392731428,2026-04-27T17:27:48,2068,OFF
1,ec384,3,141,1.270833017770201,2026-04-27T17:27:48,2068,OFF
1,ec384,3,142,1.2709160218946636,2026-04-27T17:27:48,2068,OFF
1,ec384,3,143,1.2641249923035502,2026-04-27T17:27:48,2068,OFF
1,ec384,3,144,1.2858330155722797,2026-04-27T17:27:48,2068,OFF
1,ec384,3,145,1.2829999905079603,2026-04-27T17:27:48,2068,OFF
1,ec384,3,146,1.2897910200990736,2026-04-27T17:27:48,2068,OFF
1,ec384,3,147,1.2723749969154596,2026-04-27T17:27:48,2068,OFF
1,ec384,3,148,1.277000003028661,2026-04-27T17:27:48,2068,OFF
1,ec384,3,149,1.2761250254698098,2026-04-27T17:27:48,2068,OFF
1,ec384,3,150,1.2861249851994216,2026-04-27T17:27:48,2068,OFF
1,ec384,3,151,1.3168749865144491,2026-04-27T17:27:48,2068,OFF
1,ec384,3,152,1.2912079691886902,2026-04-27T17:27:48,2068,OFF
1,ec384,3,153,1.259665994439274,2026-04-27T17:27:48,2068,OFF
1,ec384,3,154,1.2633340083993971,2026-04-27T17:27:48,2068,OFF
1,ec384,3,155,1.3348329812288284,2026-04-27T17:27:48,2068,OFF
1,ec384,3,156,1.3165409909561276,2026-04-27T17:27:48,2068,OFF
1,ec384,3,157,1.3140409719198942,2026-04-27T17:27:48,2068,OFF
1,ec384,3,158,1.3162919785827398,2026-04-27T17:27:48,2068,OFF
1,ec384,3,159,1.308416947722435,2026-04-27T17:27:48,2068,OFF
1,ec384,3,160,1.3046250096522272,2026-04-27T17:27:48,2068,OFF
1,ec384,3,161,1.2880840222351253,2026-04-27T17:27:48,2068,OFF
1,ec384,3,162,1.3141669915057719,2026-04-27T17:27:48,2068,OFF
1,ec384,3,163,1.5920829609967768,2026-04-27T17:27:48,2068,OFF
1,ec384,3,164,1.2717909994535148,2026-04-27T17:27:48,2068,OFF
1,ec384,3,165,1.2583750067278743,2026-04-27T17:27:48,2068,OFF
1,ec384,3,166,1.2552079861052334,2026-04-27T17:27:48,2068,OFF
1,ec384,3,167,1.2639170163311064,2026-04-27T17:27:48,2068,OFF
1,ec384,3,168,1.2599159963428974,2026-04-27T17:27:48,2068,OFF
1,ec384,3,169,1.29445904167369,2026-04-27T17:27:48,2068,OFF
1,ec384,3,170,1.2592499842867255,2026-04-27T17:27:48,2068,OFF
1,ec384,3,171,1.250667031854391,2026-04-27T17:27:48,2068,OFF
1,ec384,3,172,1.2435000389814377,2026-04-27T17:27:48,2068,OFF
1,ec384,3,173,1.3907499960623682,2026-04-27T17:27:48,2068,OFF
1,ec384,3,174,1.2920000008307397,2026-04-27T17:27:48,2068,OFF
1,ec384,3,175,1.2550000101327896,2026-04-27T17:27:48,2068,OFF
1,ec384,3,176,1.2770419707521796,2026-04-27T17:27:48,2068,OFF
1,ec384,3,177,1.273999980185181,2026-04-27T17:27:48,2068,OFF
1,ec384,3,178,1.277000003028661,2026-04-27T17:27:48,2068,OFF
1,ec384,3,179,1.2529999949038029,2026-04-27T17:27:48,2068,OFF
1,ec384,3,180,1.3147079735063016,2026-04-27T17:27:48,2068,OFF
1,ec384,3,181,1.282916055060923,2026-04-27T17:27:48,2068,OFF
1,ec384,3,182,1.286541053559631,2026-04-27T17:27:48,2068,OFF
1,ec384,3,183,1.29070901311934,2026-04-27T17:27:48,2068,OFF
1,ec384,3,184,1.3451660051941872,2026-04-27T17:27:48,2068,OFF
1,ec384,3,185,1.287583028897643,2026-04-27T17:27:48,2068,OFF
1,ec384,3,186,1.237250049598515,2026-04-27T17:27:48,2068,OFF
1,ec384,3,187,1.2559579918161035,2026-04-27T17:27:48,2068,OFF
1,ec384,3,188,1.2444999883882701,2026-04-27T17:27:48,2068,OFF
1,ec384,3,189,1.2927500065416098,2026-04-27T17:27:48,2068,OFF
1,ec384,3,190,1.2494169641286135,2026-04-27T17:27:48,2068,OFF
1,ec384,3,191,1.2547919759526849,2026-04-27T17:27:48,2068,OFF
1,ec384,3,192,1.259916985873133,2026-04-27T17:27:48,2068,OFF
1,ec384,3,193,1.2583339703269303,2026-04-27T17:27:48,2068,OFF
1,ec384,3,194,1.259916985873133,2026-04-27T17:27:48,2068,OFF
1,ec384,3,195,1.2922079768031836,2026-04-27T17:27:48,2068,OFF
1,ec384,3,196,1.242915983311832,2026-04-27T17:27:48,2068,OFF
1,ec384,3,197,1.2561670155264437,2026-04-27T17:27:48,2068,OFF
1,ec384,3,198,1.2484160251915455,2026-04-27T17:27:48,2068,OFF
1,ec384,3,199,1.241167017724365,2026-04-27T17:27:48,2068,OFF
1,ec384,3,200,1.256000017747283,2026-04-27T17:27:48,2068,OFF
1,ec384,3,201,1.2412499636411667,2026-04-27T17:27:48,2068,OFF
1,ec384,3,202,1.266875013243407,2026-04-27T17:27:48,2068,OFF
1,ec384,3,203,1.2618330074474216,2026-04-27T17:27:48,2068,OFF
1,ec384,3,204,1.2383329449221492,2026-04-27T17:27:48,2068,OFF
1,ec384,3,205,1.3052080175839365,2026-04-27T17:27:48,2068,OFF
1,ec384,3,206,1.2915409752167761,2026-04-27T17:27:48,2068,OFF
1,ec384,3,207,1.2869999627582729,2026-04-27T17:27:48,2068,OFF
1,ec384,3,208,1.275832997635007,2026-04-27T17:27:48,2068,OFF
1,ec384,3,209,1.6582499956712127,2026-04-27T17:27:48,2068,OFF
1,ec384,3,210,1.2540409807115793,2026-04-27T17:27:48,2068,OFF
1,ec384,3,211,1.2670839787460864,2026-04-27T17:27:48,2068,OFF
1,ec384,3,212,1.2391670024953783,2026-04-27T17:27:48,2068,OFF
1,ec384,3,213,1.227000029757619,2026-04-27T17:27:48,2068,OFF
1,ec384,3,214,1.257082971278578,2026-04-27T17:27:48,2068,OFF
1,ec384,3,215,1.2459999998100102,2026-04-27T17:27:48,2068,OFF
1,ec384,3,216,1.2678749626502395,2026-04-27T17:27:48,2068,OFF
1,ec384,3,217,1.2962079490534961,2026-04-27T17:27:48,2068,OFF
1,ec384,3,218,1.3715410022996366,2026-04-27T17:27:48,2068,OFF
1,ec384,3,219,1.2493749964050949,2026-04-27T17:27:48,2068,OFF
1,ec384,3,220,1.252708025276661,2026-04-27T17:27:48,2068,OFF
1,ec384,3,221,1.2840409763157368,2026-04-27T17:27:48,2068,OFF
1,ec384,3,222,1.283499994315207,2026-04-27T17:27:48,2068,OFF
1,ec384,3,223,1.254583999980241,2026-04-27T17:27:48,2068,OFF
1,ec384,3,224,1.258582982700318,2026-04-27T17:27:48,2068,OFF
1,ec384,3,225,1.2703340034931898,2026-04-27T17:27:48,2068,OFF
1,ec384,3,226,1.2626670068129897,2026-04-27T17:27:48,2068,OFF
1,ec384,3,227,1.244832994416356,2026-04-27T17:27:48,2068,OFF
1,ec384,3,228,1.2670000432990491,2026-04-27T17:27:48,2068,OFF
1,ec384,3,229,1.3340830337256193,2026-04-27T17:27:48,2068,OFF
1,ec384,3,230,1.2885000323876739,2026-04-27T17:27:48,2068,OFF
1,ec384,3,231,1.261750003322959,2026-04-27T17:27:48,2068,OFF
1,ec384,3,232,1.2597080203704536,2026-04-27T17:27:48,2068,OFF
1,ec384,3,233,1.2697919737547636,2026-04-27T17:27:48,2068,OFF
1,ec384,3,234,1.2450420181266963,2026-04-27T17:27:48,2068,OFF
1,ec384,3,235,1.2379589607007802,2026-04-27T17:27:48,2068,OFF
1,ec384,3,236,1.234958996064961,2026-04-27T17:27:48,2068,OFF
1,ec384,3,237,1.2316249776631594,2026-04-27T17:27:48,2068,OFF
1,ec384,3,238,1.252375019248575,2026-04-27T17:27:48,2068,OFF
1,ec384,3,239,1.268666994292289,2026-04-27T17:27:48,2068,OFF
1,ec384,3,240,1.3386670034378767,2026-04-27T17:27:48,2068,OFF
1,ec384,3,241,1.2506250059232116,2026-04-27T17:27:48,2068,OFF
1,ec384,3,242,1.225917018018663,2026-04-27T17:27:48,2068,OFF
1,ec384,3,243,1.2175419833511114,2026-04-27T17:27:48,2068,OFF
1,ec384,3,244,1.2442920124158263,2026-04-27T17:27:48,2068,OFF
1,ec384,3,245,1.244333980139345,2026-04-27T17:27:48,2068,OFF
1,ec384,3,246,1.2271250016056001,2026-04-27T17:27:48,2068,OFF
1,ec384,3,247,1.2264580000191927,2026-04-27T17:27:48,2068,OFF
1,ec384,3,248,1.2307500001043081,2026-04-27T17:27:48,2068,OFF
1,ec384,3,249,1.2163339997641742,2026-04-27T17:27:48,2068,OFF
1,ec384,3,250,1.229249988682568,2026-04-27T17:27:48,2068,OFF
1,ec384,3,251,1.2486249906942248,2026-04-27T17:27:49,2068,OFF
1,ec384,3,252,1.2692089658230543,2026-04-27T17:27:49,2068,OFF
1,ec384,3,253,1.2776669464074075,2026-04-27T17:27:49,2068,OFF
1,ec384,3,254,1.2915409752167761,2026-04-27T17:27:49,2068,OFF
1,ec384,3,255,1.4118749531917274,2026-04-27T17:27:49,2068,OFF
1,ec384,3,256,1.3332499656826258,2026-04-27T17:27:49,2068,OFF
1,ec384,3,257,1.3511250144802034,2026-04-27T17:27:49,2068,OFF
1,ec384,3,258,1.3542079832404852,2026-04-27T17:27:49,2068,OFF
1,ec384,3,259,1.3527910341508687,2026-04-27T17:27:49,2068,OFF
1,ec384,3,260,1.3642919948324561,2026-04-27T17:27:49,2068,OFF
1,ec384,3,261,1.3287910260260105,2026-04-27T17:27:49,2068,OFF
1,ec384,3,262,1.3577500358223915,2026-04-27T17:27:49,2068,OFF
1,ec384,3,263,1.5304589760489762,2026-04-27T17:27:49,2068,OFF
1,ec384,3,264,1.3597499928437173,2026-04-27T17:27:49,2068,OFF
1,ec384,3,265,1.3260419946163893,2026-04-27T17:27:49,2068,OFF
1,ec384,3,266,1.3233330100774765,2026-04-27T17:27:49,2068,OFF
1,ec384,3,267,1.3124580145813525,2026-04-27T17:27:49,2068,OFF
1,ec384,3,268,1.3262919965200126,2026-04-27T17:27:49,2068,OFF
1,ec384,3,269,1.346167002338916,2026-04-27T17:27:49,2068,OFF
1,ec384,3,270,1.4430000446736813,2026-04-27T17:27:49,2068,OFF
1,ec384,3,271,1.8265420221723616,2026-04-27T17:27:49,2068,OFF
1,ec384,3,272,2.278833999298513,2026-04-27T17:27:49,2068,OFF
1,ec384,3,273,1.481875020544976,2026-04-27T17:27:49,2068,OFF
1,ec384,3,274,1.6523340018466115,2026-04-27T17:27:49,2068,OFF
1,ec384,3,275,1.8360830144956708,2026-04-27T17:27:49,2068,OFF
1,ec384,3,276,1.6046660020947456,2026-04-27T17:27:49,2068,OFF
1,ec384,3,277,1.4653330435976386,2026-04-27T17:27:49,2068,OFF
1,ec384,3,278,1.3824580237269402,2026-04-27T17:27:49,2068,OFF
1,ec384,3,279,1.3267500326037407,2026-04-27T17:27:49,2068,OFF
1,ec384,3,280,1.345125027000904,2026-04-27T17:27:49,2068,OFF
1,ec384,3,281,1.481125014834106,2026-04-27T17:27:49,2068,OFF
1,ec384,3,282,1.3667920138686895,2026-04-27T17:27:49,2068,OFF
1,ec384,3,283,1.3792920508421957,2026-04-27T17:27:49,2068,OFF
1,ec384,3,284,1.384790986776352,2026-04-27T17:27:49,2068,OFF
1,ec384,3,285,1.3935830211266875,2026-04-27T17:27:49,2068,OFF
1,ec384,3,286,1.3617920340038836,2026-04-27T17:27:49,2068,OFF
1,ec384,3,287,1.3604579726234078,2026-04-27T17:27:49,2068,OFF
1,ec384,3,288,1.2773339985869825,2026-04-27T17:27:49,2068,OFF
1,ec384,3,289,1.2530419626273215,2026-04-27T17:27:49,2068,OFF
1,ec384,3,290,2.193916996475309,2026-04-27T17:27:49,2068,OFF
1,ec384,3,291,1.566208025906235,2026-04-27T17:27:49,2068,OFF
1,ec384,3,292,1.5453329542651772,2026-04-27T17:27:49,2068,OFF
1,ec384,3,293,1.4628749922849238,2026-04-27T17:27:49,2068,OFF
1,ec384,3,294,1.3427920057438314,2026-04-27T17:27:49,2068,OFF
1,ec384,3,295,1.3596250209957361,2026-04-27T17:27:49,2068,OFF
1,ec384,3,296,1.2797079980373383,2026-04-27T17:27:49,2068,OFF
1,ec384,3,297,1.279416959732771,2026-04-27T17:27:49,2068,OFF
1,ec384,3,298,1.2645840179175138,2026-04-27T17:27:49,2068,OFF
1,ec384,3,299,1.2746659922413528,2026-04-27T17:27:49,2068,OFF
1,ec384,3,300,1.3427920057438314,2026-04-27T17:27:49,2068,OFF
1,ec384,3,301,1.3379169977270067,2026-04-27T17:27:49,2068,OFF
1,ec384,3,302,1.2362079578451812,2026-04-27T17:27:49,2068,OFF
1,ec384,3,303,1.254540984518826,2026-04-27T17:27:49,2068,OFF
1,ec384,3,304,1.241625053808093,2026-04-27T17:27:49,2068,OFF
1,ec384,3,305,1.3430839753709733,2026-04-27T17:27:49,2068,OFF
1,ec384,3,306,1.3079170021228492,2026-04-27T17:27:49,2068,OFF
1,ec384,3,307,1.2688330025412142,2026-04-27T17:27:49,2068,OFF
1,ec384,3,308,1.306957972701639,2026-04-27T17:27:49,2068,OFF
1,ec384,3,309,1.2608749675564468,2026-04-27T17:27:49,2068,OFF
1,ec384,3,310,1.2626659590750933,2026-04-27T17:27:49,2068,OFF
1,ec384,3,311,1.3804580084979534,2026-04-27T17:27:49,2068,OFF
1,ec384,3,312,1.4046249561943114,2026-04-27T17:27:49,2068,OFF
1,ec384,3,313,1.2827920145355165,2026-04-27T17:27:49,2068,OFF
1,ec384,3,314,1.268375024665147,2026-04-27T17:27:49,2068,OFF
1,ec384,3,315,1.2600000482052565,2026-04-27T17:27:49,2068,OFF
1,ec384,3,316,1.2533750268630683,2026-04-27T17:27:49,2068,OFF
1,ec384,3,317,1.260999997612089,2026-04-27T17:27:49,2068,OFF
1,ec384,3,318,1.2735000345855951,2026-04-27T17:27:49,2068,OFF
1,ec384,3,319,1.2667079572565854,2026-04-27T17:27:49,2068,OFF
1,ec384,3,320,1.2605829979293048,2026-04-27T17:27:49,2068,OFF
1,ec384,3,321,1.2547920341603458,2026-04-27T17:27:49,2068,OFF
1,ec384,3,322,1.2916250270791352,2026-04-27T17:27:49,2068,OFF
1,ec384,3,323,1.3760420260950923,2026-04-27T17:27:49,2068,OFF
1,ec384,3,324,1.2838750262744725,2026-04-27T17:27:49,2068,OFF
1,ec384,3,325,1.278500014450401,2026-04-27T17:27:49,2068,OFF
1,ec384,3,326,1.2385000009089708,2026-04-27T17:27:49,2068,OFF
1,ec384,3,327,1.2865830212831497,2026-04-27T17:27:49,2068,OFF
1,ec384,3,328,1.2555000139400363,2026-04-27T17:27:49,2068,OFF
1,ec384,3,329,1.2613330036401749,2026-04-27T17:27:49,2068,OFF
1,ec384,3,330,1.2213329900987446,2026-04-27T17:27:49,2068,OFF
1,ec384,3,331,1.2540000025182962,2026-04-27T17:27:49,2068,OFF
1,ec384,3,332,1.2399160186760128,2026-04-27T17:27:49,2068,OFF
1,ec384,3,333,1.6986250411719084,2026-04-27T17:27:49,2068,OFF
1,ec384,3,334,1.2707920395769179,2026-04-27T17:27:49,2068,OFF
1,ec384,3,335,1.2520840391516685,2026-04-27T17:27:49,2068,OFF
1,ec384,3,336,1.2507080100476742,2026-04-27T17:27:49,2068,OFF
1,ec384,3,337,1.2547500082291663,2026-04-27T17:27:49,2068,OFF
1,ec384,3,338,1.2685420224443078,2026-04-27T17:27:49,2068,OFF
1,ec384,3,339,1.2764999992214143,2026-04-27T17:27:49,2068,OFF
1,ec384,3,340,1.292875036597252,2026-04-27T17:27:49,2068,OFF
1,ec384,3,341,1.2224999954923987,2026-04-27T17:27:49,2068,OFF
1,ec384,3,342,1.240834011696279,2026-04-27T17:27:49,2068,OFF
1,ec384,3,343,1.2484999606385827,2026-04-27T17:27:49,2068,OFF
1,ec384,3,344,1.4069159515202045,2026-04-27T17:27:49,2068,OFF
1,ec384,3,345,1.2299169902689755,2026-04-27T17:27:49,2068,OFF
1,ec384,3,346,1.264624996110797,2026-04-27T17:27:49,2068,OFF
1,ec384,3,347,1.2620420311577618,2026-04-27T17:27:49,2068,OFF
1,ec384,3,348,1.2803329736925662,2026-04-27T17:27:49,2068,OFF
1,ec384,3,349,1.2769169989041984,2026-04-27T17:27:49,2068,OFF
1,ec384,3,350,1.2838339898735285,2026-04-27T17:27:49,2068,OFF
1,ec384,3,351,1.2650840217247605,2026-04-27T17:27:49,2068,OFF
1,ec384,3,352,1.2625419767573476,2026-04-27T17:27:49,2068,OFF
1,ec384,3,353,1.3699590344913304,2026-04-27T17:27:49,2068,OFF
1,ec384,3,354,1.2793749920092523,2026-04-27T17:27:49,2068,OFF
1,ec384,3,355,1.6044160001911223,2026-04-27T17:27:49,2068,OFF
1,ec384,3,356,1.3000830076634884,2026-04-27T17:27:49,2068,OFF
1,ec384,3,357,1.2209579581394792,2026-04-27T17:27:49,2068,OFF
1,ec384,3,358,1.2730840244330466,2026-04-27T17:27:49,2068,OFF
1,ec384,3,359,1.265375001821667,2026-04-27T17:27:49,2068,OFF
1,ec384,3,360,1.2860829592682421,2026-04-27T17:27:49,2068,OFF
1,ec384,3,361,1.2498750002123415,2026-04-27T17:27:49,2068,OFF
1,ec384,3,362,1.2782499543391168,2026-04-27T17:27:49,2068,OFF
1,ec384,3,363,1.3357910211198032,2026-04-27T17:27:49,2068,OFF
1,ec384,3,364,1.2989589595235884,2026-04-27T17:27:49,2068,OFF
1,ec384,3,365,1.2934579863213003,2026-04-27T17:27:49,2068,OFF
1,ec384,3,366,1.5142080374062061,2026-04-27T17:27:49,2068,OFF
1,ec384,3,367,1.477832964155823,2026-04-27T17:27:49,2068,OFF
1,ec384,3,368,1.2612919672392309,2026-04-27T17:27:49,2068,OFF
1,ec384,3,369,1.2270419974811375,2026-04-27T17:27:49,2068,OFF
1,ec384,3,370,1.2450840440578759,2026-04-27T17:27:49,2068,OFF
1,ec384,3,371,1.247667009010911,2026-04-27T17:27:49,2068,OFF
1,ec384,3,372,1.2475000112317502,2026-04-27T17:27:49,2068,OFF
1,ec384,3,373,1.2779579847119749,2026-04-27T17:27:49,2068,OFF
1,ec384,3,374,1.2787499581463635,2026-04-27T17:27:49,2068,OFF
1,ec384,3,375,1.252375019248575,2026-04-27T17:27:49,2068,OFF
1,ec384,3,376,1.2644999660551548,2026-04-27T17:27:49,2068,OFF
1,ec384,3,377,1.4693340053781867,2026-04-27T17:27:49,2068,OFF
1,ec384,3,378,1.3170000165700912,2026-04-27T17:27:49,2068,OFF
1,ec384,3,379,1.2593329884111881,2026-04-27T17:27:49,2068,OFF
1,ec384,3,380,1.2698750360868871,2026-04-27T17:27:49,2068,OFF
1,ec384,3,381,1.2551249819807708,2026-04-27T17:27:49,2068,OFF
1,ec384,3,382,1.2580420006997883,2026-04-27T17:27:49,2068,OFF
1,ec384,3,383,1.2684160028584301,2026-04-27T17:27:49,2068,OFF
1,ec384,3,384,1.2564579956233501,2026-04-27T17:27:49,2068,OFF
1,ec384,3,385,1.2311669997870922,2026-04-27T17:27:49,2068,OFF
1,ec384,3,386,1.296166970860213,2026-04-27T17:27:49,2068,OFF
1,ec384,3,387,1.241958001628518,2026-04-27T17:27:49,2068,OFF
1,ec384,3,388,1.4121659914962947,2026-04-27T17:27:49,2068,OFF
1,ec384,3,389,1.2587910168804228,2026-04-27T17:27:49,2068,OFF
1,ec384,3,390,1.2247079866938293,2026-04-27T17:27:49,2068,OFF
1,ec384,3,391,1.2326670112088323,2026-04-27T17:27:49,2068,OFF
1,ec384,3,392,1.2273330357857049,2026-04-27T17:27:49,2068,OFF
1,ec384,3,393,1.2510830420069396,2026-04-27T17:27:49,2068,OFF
1,ec384,3,394,1.2772910413332283,2026-04-27T17:27:49,2068,OFF
1,ec384,3,395,1.3053339789621532,2026-04-27T17:27:49,2068,OFF
1,ec384,3,396,1.3199170352891088,2026-04-27T17:27:49,2068,OFF
1,ec384,3,397,1.303708995692432,2026-04-27T17:27:49,2068,OFF
1,ec384,3,398,1.2637500185519457,2026-04-27T17:27:49,2068,OFF
1,ec384,3,399,1.3731250073760748,2026-04-27T17:27:49,2068,OFF
1,ec384,3,400,1.292542030569166,2026-04-27T17:27:49,2068,OFF
1,ec384,3,401,1.2369169853627682,2026-04-27T17:27:49,2068,OFF
1,ec384,3,402,1.2589580146595836,2026-04-27T17:27:49,2068,OFF
1,ec384,3,403,1.253708964213729,2026-04-27T17:27:49,2068,OFF
1,ec384,3,404,1.272624998819083,2026-04-27T17:27:49,2068,OFF
1,ec384,3,405,1.300583011470735,2026-04-27T17:27:49,2068,OFF
1,ec384,3,406,1.2875840184278786,2026-04-27T17:27:49,2068,OFF
1,ec384,3,407,1.2483340105973184,2026-04-27T17:27:49,2068,OFF
1,ec384,3,408,1.2327500153332949,2026-04-27T17:27:49,2068,OFF
1,ec384,3,409,1.2684160028584301,2026-04-27T17:27:49,2068,OFF
1,ec384,3,410,1.3406670186668634,2026-04-27T17:27:49,2068,OFF
1,ec384,3,411,1.461624982766807,2026-04-27T17:27:49,2068,OFF
1,ec384,3,412,1.2552919797599316,2026-04-27T17:27:49,2068,OFF
1,ec384,3,413,1.2325419811531901,2026-04-27T17:27:49,2068,OFF
1,ec384,3,414,1.2303339899517596,2026-04-27T17:27:49,2068,OFF
1,ec384,3,415,1.2718340149149299,2026-04-27T17:27:49,2068,OFF
1,ec384,3,416,1.2561670155264437,2026-04-27T17:27:49,2068,OFF
1,ec384,3,417,1.27633404918015,2026-04-27T17:27:49,2068,OFF
1,ec384,3,418,1.2780000106431544,2026-04-27T17:27:49,2068,OFF
1,ec384,3,419,1.274416979867965,2026-04-27T17:27:49,2068,OFF
1,ec384,3,420,1.2427920009940863,2026-04-27T17:27:49,2068,OFF
1,ec384,3,421,1.3387090293690562,2026-04-27T17:27:49,2068,OFF
1,ec384,3,422,1.2413340155035257,2026-04-27T17:27:49,2068,OFF
1,ec384,3,423,1.2267500278539956,2026-04-27T17:27:49,2068,OFF
1,ec384,3,424,1.22954195830971,2026-04-27T17:27:49,2068,OFF
1,ec384,3,425,1.2417499674484134,2026-04-27T17:27:49,2068,OFF
1,ec384,3,426,1.2499169679358602,2026-04-27T17:27:49,2068,OFF
1,ec384,3,427,1.2362920097075403,2026-04-27T17:27:49,2068,OFF
1,ec384,3,428,1.2700000079348683,2026-04-27T17:27:49,2068,OFF
1,ec384,3,429,1.7146660247817636,2026-04-27T17:27:49,2068,OFF
1,ec384,3,430,1.2700000079348683,2026-04-27T17:27:49,2068,OFF
1,ec384,3,431,1.2302499962970614,2026-04-27T17:27:49,2068,OFF
1,ec384,3,432,1.2377499951981008,2026-04-27T17:27:49,2068,OFF
1,ec384,3,433,1.2384160072542727,2026-04-27T17:27:49,2068,OFF
1,ec384,3,434,1.2800829717889428,2026-04-27T17:27:49,2068,OFF
1,ec384,3,435,1.2268330319784582,2026-04-27T17:27:49,2068,OFF
1,ec384,3,436,1.2483340105973184,2026-04-27T17:27:49,2068,OFF
1,ec384,3,437,1.230583991855383,2026-04-27T17:27:49,2068,OFF
1,ec384,3,438,1.2558749876916409,2026-04-27T17:27:49,2068,OFF
1,ec384,3,439,1.2676659971475601,2026-04-27T17:27:49,2068,OFF
1,ec384,3,440,1.2593750143423676,2026-04-27T17:27:49,2068,OFF
1,ec384,3,441,1.219332974869758,2026-04-27T17:27:49,2068,OFF
1,ec384,3,442,1.23683299170807,2026-04-27T17:27:49,2068,OFF
1,ec384,3,443,1.2896659900434315,2026-04-27T17:27:49,2068,OFF
1,ec384,3,444,1.249041990377009,2026-04-27T17:27:49,2068,OFF
1,ec384,3,445,1.2509999796748161,2026-04-27T17:27:49,2068,OFF
1,ec384,3,446,1.2717919889837503,2026-04-27T17:27:49,2068,OFF
1,ec384,3,447,1.2604579678736627,2026-04-27T17:27:49,2068,OFF
1,ec384,3,448,1.280208001844585,2026-04-27T17:27:49,2068,OFF
1,ec384,3,449,1.2818750110454857,2026-04-27T17:27:49,2068,OFF
1,ec384,3,450,1.2826660531572998,2026-04-27T17:27:49,2068,OFF
1,ec384,3,451,1.2944579939357936,2026-04-27T17:27:49,2068,OFF
1,ec384,3,452,1.297291019000113,2026-04-27T17:27:49,2068,OFF
1,ec384,3,453,1.2855840031988919,2026-04-27T17:27:49,2068,OFF
1,ec384,3,454,1.2722500250674784,2026-04-27T17:27:49,2068,OFF
1,ec384,3,455,1.3459579786285758,2026-04-27T17:27:49,2068,OFF
1,ec384,3,456,1.2855000095441937,2026-04-27T17:27:49,2068,OFF
1,ec384,3,457,1.2730000307783484,2026-04-27T17:27:49,2068,OFF
1,ec384,3,458,1.2694160104729235,2026-04-27T17:27:49,2068,OFF
1,ec384,3,459,1.2584590003825724,2026-04-27T17:27:49,2068,OFF
1,ec384,3,460,1.2789579923264682,2026-04-27T17:27:49,2068,OFF
1,ec384,3,461,1.2747090077027678,2026-04-27T17:27:49,2068,OFF
1,ec384,3,462,1.2640830245800316,2026-04-27T17:27:49,2068,OFF
1,ec384,3,463,1.2190419947728515,2026-04-27T17:27:49,2068,OFF
1,ec384,3,464,1.2449999921955168,2026-04-27T17:27:49,2068,OFF
1,ec384,3,465,1.2275840272195637,2026-04-27T17:27:49,2068,OFF
1,ec384,3,466,1.259665994439274,2026-04-27T17:27:49,2068,OFF
1,ec384,3,467,1.2478340067900717,2026-04-27T17:27:49,2068,OFF
1,ec384,3,468,1.2649170239455998,2026-04-27T17:27:49,2068,OFF
1,ec384,3,469,1.2535830028355122,2026-04-27T17:27:49,2068,OFF
1,ec384,3,470,1.2864999589510262,2026-04-27T17:27:49,2068,OFF
1,ec384,3,471,1.287874998524785,2026-04-27T17:27:49,2068,OFF
1,ec384,3,472,1.3067079707980156,2026-04-27T17:27:49,2068,OFF
1,ec384,3,473,1.2931249802932143,2026-04-27T17:27:49,2068,OFF
1,ec384,3,474,1.2940000160597265,2026-04-27T17:27:49,2068,OFF
1,ec384,3,475,1.2997500016354024,2026-04-27T17:27:49,2068,OFF
1,ec384,3,476,1.2935419799759984,2026-04-27T17:27:49,2068,OFF
1,ec384,3,477,1.3252919889055192,2026-04-27T17:27:49,2068,OFF
1,ec384,3,478,1.2952079996466637,2026-04-27T17:27:49,2068,OFF
1,ec384,3,479,1.2778330128639936,2026-04-27T17:27:49,2068,OFF
1,ec384,3,480,1.275583985261619,2026-04-27T17:27:49,2068,OFF
1,ec384,3,481,1.2728339643217623,2026-04-27T17:27:49,2068,OFF
1,ec384,3,482,1.269790984224528,2026-04-27T17:27:49,2068,OFF
1,ec384,3,483,1.284959027543664,2026-04-27T17:27:49,2068,OFF
1,ec384,3,484,1.2944170157425106,2026-04-27T17:27:49,2068,OFF
1,ec384,3,485,1.287916034925729,2026-04-27T17:27:49,2068,OFF
1,ec384,3,486,1.266125007532537,2026-04-27T17:27:49,2068,OFF
1,ec384,3,487,1.2763749691657722,2026-04-27T17:27:49,2068,OFF
1,ec384,3,488,1.278458978049457,2026-04-27T17:27:49,2068,OFF
1,ec384,3,489,1.2423750013113022,2026-04-27T17:27:49,2068,OFF
1,ec384,3,490,1.2345839641056955,2026-04-27T17:27:49,2068,OFF
1,ec384,3,491,1.2438750127330422,2026-04-27T17:27:49,2068,OFF
1,ec384,3,492,1.223500003106892,2026-04-27T17:27:49,2068,OFF
1,ec384,3,493,1.2529590167105198,2026-04-27T17:27:49,2068,OFF
1,ec384,3,494,1.2719170190393925,2026-04-27T17:27:49,2068,OFF
1,ec384,3,495,1.2627080432139337,2026-04-27T17:27:49,2068,OFF
1,ec384,3,496,1.2654999736696482,2026-04-27T17:27:49,2068,OFF
1,ec384,3,497,1.242208993062377,2026-04-27T17:27:49,2068,OFF
1,ec384,3,498,1.2488330248743296,2026-04-27T17:27:49,2068,OFF
1,ec384,3,499,1.2524999910965562,2026-04-27T17:27:49,2068,OFF
1,ec384,3,500,1.2359579559415579,2026-04-27T17:27:49,2068,OFF
1,ec384,3,501,1.2448750203475356,2026-04-27T17:27:49,2068,OFF
1,ec384,3,502,1.2467090273275971,2026-04-27T17:27:49,2068,OFF
1,ec384,3,503,1.2742090038955212,2026-04-27T17:27:49,2068,OFF
1,ec384,3,504,1.2828749604523182,2026-04-27T17:27:49,2068,OFF
1,ec384,3,505,1.325041987001896,2026-04-27T17:27:49,2068,OFF
1,ec384,3,506,1.2988339876756072,2026-04-27T17:27:49,2068,OFF
1,ec384,3,507,1.310249965172261,2026-04-27T17:27:49,2068,OFF
1,ec384,3,508,1.300749951042235,2026-04-27T17:27:49,2068,OFF
1,ec384,3,509,1.290749991312623,2026-04-27T17:27:49,2068,OFF
1,ec384,3,510,1.2909999932162464,2026-04-27T17:27:49,2068,OFF
1,ec384,3,511,1.3230830081738532,2026-04-27T17:27:49,2068,OFF
1,ec384,3,512,1.2462500017136335,2026-04-27T17:27:49,2068,OFF
1,ec384,3,513,1.2744999839924276,2026-04-27T17:27:49,2068,OFF
1,ec384,3,514,1.2765409774146974,2026-04-27T17:27:49,2068,OFF
1,ec384,3,515,1.303834025748074,2026-04-27T17:27:49,2068,OFF
1,ec384,3,516,1.3158340007066727,2026-04-27T17:27:49,2068,OFF
1,ec384,3,517,1.3130829902365804,2026-04-27T17:27:49,2068,OFF
1,ec384,3,518,1.3376669958233833,2026-04-27T17:27:49,2068,OFF
1,ec384,3,519,1.310666964855045,2026-04-27T17:27:49,2068,OFF
1,ec384,3,520,1.3067909749224782,2026-04-27T17:27:49,2068,OFF
1,ec384,3,521,1.2920000008307397,2026-04-27T17:27:49,2068,OFF
1,ec384,3,522,1.2911249650642276,2026-04-27T17:27:49,2068,OFF
1,ec384,3,523,1.2727919965982437,2026-04-27T17:27:49,2068,OFF
1,ec384,3,524,1.3039999757893384,2026-04-27T17:27:49,2068,OFF
1,ec384,3,525,1.2993750278837979,2026-04-27T17:27:49,2068,OFF
1,ec384,3,526,1.3221249682828784,2026-04-27T17:27:49,2068,OFF
1,ec384,3,527,1.300209027249366,2026-04-27T17:27:49,2068,OFF
1,ec384,3,528,1.3127500424161553,2026-04-27T17:27:49,2068,OFF
1,ec384,3,529,1.3046250096522272,2026-04-27T17:27:49,2068,OFF
1,ec384,3,530,1.3043329818174243,2026-04-27T17:27:49,2068,OFF
1,ec384,3,531,1.3237500097602606,2026-04-27T17:27:49,2068,OFF
1,ec384,3,532,1.3168749865144491,2026-04-27T17:27:49,2068,OFF
1,ec384,3,533,1.3496660394594073,2026-04-27T17:27:49,2068,OFF
1,ec384,3,534,1.267625018954277,2026-04-27T17:27:49,2068,OFF
1,ec384,3,535,1.2492500245571136,2026-04-27T17:27:49,2068,OFF
1,ec384,3,536,1.2883329764008522,2026-04-27T17:27:49,2068,OFF
1,ec384,3,537,1.292874978389591,2026-04-27T17:27:49,2068,OFF
1,ec384,3,538,1.2945840135216713,2026-04-27T17:27:49,2068,OFF
1,ec384,3,539,1.304958015680313,2026-04-27T17:27:49,2068,OFF
1,ec384,3,540,1.30116700893268,2026-04-27T17:27:49,2068,OFF
1,ec384,3,541,1.283916993997991,2026-04-27T17:27:49,2068,OFF
1,ec384,3,542,1.3028329703956842,2026-04-27T17:27:49,2068,OFF
1,ec384,3,543,1.3072500005364418,2026-04-27T17:27:49,2068,OFF
1,ec384,3,544,1.2754169874824584,2026-04-27T17:27:49,2068,OFF
1,ec384,3,545,1.2955419952049851,2026-04-27T17:27:49,2068,OFF
1,ec384,3,546,1.2890420039184391,2026-04-27T17:27:49,2068,OFF
1,ec384,3,547,1.3044580118730664,2026-04-27T17:27:49,2068,OFF
1,ec384,3,548,1.30116700893268,2026-04-27T17:27:49,2068,OFF
1,ec384,3,549,1.2968750088475645,2026-04-27T17:27:49,2068,OFF
1,ec384,3,550,1.3031659764237702,2026-04-27T17:27:49,2068,OFF
1,ec384,3,551,1.3033750001341105,2026-04-27T17:27:49,2068,OFF
1,ec384,3,552,1.2945419875904918,2026-04-27T17:27:49,2068,OFF
1,ec384,3,553,1.2897090055048466,2026-04-27T17:27:49,2068,OFF
1,ec384,3,554,1.2764999992214143,2026-04-27T17:27:49,2068,OFF
1,ec384,3,555,1.270833017770201,2026-04-27T17:27:49,2068,OFF
1,ec384,3,556,1.2557079899124801,2026-04-27T17:27:49,2068,OFF
1,ec384,3,557,1.235791016370058,2026-04-27T17:27:49,2068,OFF
1,ec384,3,558,1.2367090093903244,2026-04-27T17:27:49,2068,OFF
1,ec384,3,559,1.266834035050124,2026-04-27T17:27:49,2068,OFF
1,ec384,3,560,1.2651669676415622,2026-04-27T17:27:49,2068,OFF
1,ec384,3,561,1.2406670139171183,2026-04-27T17:27:49,2068,OFF
1,ec384,3,562,1.286041981074959,2026-04-27T17:27:49,2068,OFF
1,ec384,3,563,1.2925000046379864,2026-04-27T17:27:49,2068,OFF
1,ec384,3,564,1.2832079664804041,2026-04-27T17:27:49,2068,OFF
1,ec384,3,565,1.290000043809414,2026-04-27T17:27:49,2068,OFF
1,ec384,3,566,1.2965420028194785,2026-04-27T17:27:49,2068,OFF
1,ec384,3,567,1.2377079692669213,2026-04-27T17:27:49,2068,OFF
1,ec384,3,568,1.2213750160299242,2026-04-27T17:27:49,2068,OFF
1,ec384,3,569,1.2373750214464962,2026-04-27T17:27:49,2068,OFF
1,ec384,3,570,1.2281249510124326,2026-04-27T17:27:49,2068,OFF
1,ec384,3,571,1.2565409997478127,2026-04-27T17:27:49,2068,OFF
1,ec384,3,572,1.2689579743891954,2026-04-27T17:27:49,2068,OFF
1,ec384,3,573,1.269000000320375,2026-04-27T17:27:49,2068,OFF
1,ec384,3,574,1.27333402633667,2026-04-27T17:27:49,2068,OFF
1,ec384,3,575,1.2729170266538858,2026-04-27T17:27:49,2068,OFF
1,ec384,3,576,1.2647919938899577,2026-04-27T17:27:49,2068,OFF
1,ec384,3,577,1.2662920053116977,2026-04-27T17:27:49,2068,OFF
1,ec384,3,578,1.2772080372087657,2026-04-27T17:27:49,2068,OFF
1,ec384,3,579,1.2626660172827542,2026-04-27T17:27:49,2068,OFF
1,ec384,3,580,1.2678750208579004,2026-04-27T17:27:49,2068,OFF
1,ec384,3,581,1.2604999938048422,2026-04-27T17:27:49,2068,OFF
1,ec384,3,582,1.263874990399927,2026-04-27T17:27:49,2068,OFF
1,ec384,3,583,1.2526250211521983,2026-04-27T17:27:49,2068,OFF
1,ec384,3,584,1.257167023140937,2026-04-27T17:27:49,2068,OFF
1,ec384,3,585,1.246208033990115,2026-04-27T17:27:49,2068,OFF
1,ec384,3,586,1.219749974552542,2026-04-27T17:27:49,2068,OFF
1,ec384,3,587,1.2259589857421815,2026-04-27T17:27:49,2068,OFF
1,ec384,3,588,1.2289580190554261,2026-04-27T17:27:49,2068,OFF
1,ec384,3,589,1.2615420273505151,2026-04-27T17:27:49,2068,OFF
1,ec384,3,590,1.2245840043760836,2026-04-27T17:27:49,2068,OFF
1,ec384,3,591,1.2601250200532377,2026-04-27T17:27:49,2068,OFF
1,ec384,3,592,1.292250002734363,2026-04-27T17:27:49,2068,OFF
1,ec384,3,593,1.3531669974327087,2026-04-27T17:27:49,2068,OFF
1,ec384,3,594,1.3673750218003988,2026-04-27T17:27:49,2068,OFF
1,ec384,3,595,1.3177500222809613,2026-04-27T17:27:49,2068,OFF
1,ec384,3,596,1.284958969336003,2026-04-27T17:27:49,2068,OFF
1,ec384,3,597,1.3180419919081032,2026-04-27T17:27:49,2068,OFF
1,ec384,3,598,1.3166249846108258,2026-04-27T17:27:49,2068,OFF
1,ec384,3,599,1.2950420496053994,2026-04-27T17:27:49,2068,OFF
1,ec384,3,600,1.294041983783245,2026-04-27T17:27:49,2068,OFF
1,ec384,3,601,1.3227079762145877,2026-04-27T17:27:49,2068,OFF
1,ec384,3,602,1.3151669991202652,2026-04-27T17:27:49,2068,OFF
1,ec384,3,603,1.3170419842936099,2026-04-27T17:27:49,2068,OFF
1,ec384,3,604,1.3188750017434359,2026-04-27T17:27:49,2068,OFF
1,ec384,3,605,1.3680419651791453,2026-04-27T17:27:49,2068,OFF
1,ec384,3,606,1.3780410517938435,2026-04-27T17:27:49,2068,OFF
1,ec384,3,607,1.3390420353971422,2026-04-27T17:27:49,2068,OFF
1,ec384,3,608,1.311665982939303,2026-04-27T17:27:49,2068,OFF
1,ec384,3,609,1.3115830370225012,2026-04-27T17:27:49,2068,OFF
1,ec384,3,610,1.3045420055277646,2026-04-27T17:27:49,2068,OFF
1,ec384,3,611,1.2951669632457197,2026-04-27T17:27:49,2068,OFF
1,ec384,3,612,1.2797499657608569,2026-04-27T17:27:49,2068,OFF
1,ec384,3,613,1.3019590405747294,2026-04-27T17:27:49,2068,OFF
1,ec384,3,614,1.2900829897262156,2026-04-27T17:27:49,2068,OFF
1,ec384,3,615,1.2917499989271164,2026-04-27T17:27:49,2068,OFF
1,ec384,3,616,1.2883329764008522,2026-04-27T17:27:49,2068,OFF
1,ec384,3,617,1.2689169961959124,2026-04-27T17:27:49,2068,OFF
1,ec384,3,618,1.2713340111076832,2026-04-27T17:27:49,2068,OFF
1,ec384,3,619,1.2694160104729235,2026-04-27T17:27:49,2068,OFF
1,ec384,3,620,1.4462079852819443,2026-04-27T17:27:49,2068,OFF
1,ec384,3,621,1.4422080130316317,2026-04-27T17:27:49,2068,OFF
1,ec384,3,622,1.4879590016789734,2026-04-27T17:27:49,2068,OFF
1,ec384,3,623,1.3522920198738575,2026-04-27T17:27:49,2068,OFF
1,ec384,3,624,1.8471669754944742,2026-04-27T17:27:49,2068,OFF
1,ec384,3,625,1.501415972597897,2026-04-27T17:27:49,2068,OFF
1,ec384,3,626,1.437332946807146,2026-04-27T17:27:49,2068,OFF
1,ec384,3,627,2.528041019104421,2026-04-27T17:27:49,2068,OFF
1,ec384,3,628,2.030541014391929,2026-04-27T17:27:49,2068,OFF
1,ec384,3,629,2.346666995435953,2026-04-27T17:27:49,2068,OFF
1,ec384,3,630,1.4489999739453197,2026-04-27T17:27:49,2068,OFF
1,ec384,3,631,1.3823750196024776,2026-04-27T17:27:49,2068,OFF
1,ec384,3,632,1.332665968220681,2026-04-27T17:27:49,2068,OFF
1,ec384,3,633,1.2888749479316175,2026-04-27T17:27:49,2068,OFF
1,ec384,3,634,1.2974580167792737,2026-04-27T17:27:49,2068,OFF
1,ec384,3,635,1.3828750234097242,2026-04-27T17:27:49,2068,OFF
1,ec384,3,636,1.3325409963726997,2026-04-27T17:27:49,2068,OFF
1,ec384,3,637,1.3284999877214432,2026-04-27T17:27:49,2068,OFF
1,ec384,3,638,1.368166005704552,2026-04-27T17:27:49,2068,OFF
1,ec384,3,639,1.3654169742949307,2026-04-27T17:27:49,2068,OFF
1,ec384,3,640,1.3625829597003758,2026-04-27T17:27:49,2068,OFF
1,ec384,3,641,1.3760410365648568,2026-04-27T17:27:49,2068,OFF
1,ec384,3,642,1.3200840330682695,2026-04-27T17:27:49,2068,OFF
1,ec384,3,643,1.2992909760214388,2026-04-27T17:27:49,2068,OFF
1,ec384,3,644,1.290416985284537,2026-04-27T17:27:49,2068,OFF
1,ec384,3,645,1.2973329867236316,2026-04-27T17:27:49,2068,OFF
1,ec384,3,646,1.3459170004352927,2026-04-27T17:27:49,2068,OFF
1,ec384,3,647,1.3261249987408519,2026-04-27T17:27:49,2068,OFF
1,ec384,3,648,1.3312079827301204,2026-04-27T17:27:49,2068,OFF
1,ec384,3,649,1.3567080022767186,2026-04-27T17:27:49,2068,OFF
1,ec384,3,650,1.3487910036928952,2026-04-27T17:27:49,2068,OFF
1,ec384,4,1,1.8352910410612822,2026-04-27T17:27:51,2764,OFF
1,ec384,4,2,1.7709999810904264,2026-04-27T17:27:51,2764,OFF
1,ec384,4,3,1.7489580204710364,2026-04-27T17:27:51,2764,OFF
1,ec384,4,4,1.7530000186525285,2026-04-27T17:27:51,2764,OFF
1,ec384,4,5,1.7110419576056302,2026-04-27T17:27:51,2764,OFF
1,ec384,4,6,1.7175419488921762,2026-04-27T17:27:51,2764,OFF
1,ec384,4,7,1.6905420343391597,2026-04-27T17:27:51,2764,OFF
1,ec384,4,8,1.6757920384407043,2026-04-27T17:27:51,2764,OFF
1,ec384,4,9,1.6503749648109078,2026-04-27T17:27:51,2764,OFF
1,ec384,4,10,1.6102499794214964,2026-04-27T17:27:51,2764,OFF
1,ec384,4,11,1.605624973308295,2026-04-27T17:27:51,2764,OFF
1,ec384,4,12,1.5757500077597797,2026-04-27T17:27:51,2764,OFF
1,ec384,4,13,1.5776249929331243,2026-04-27T17:27:51,2764,OFF
1,ec384,4,14,1.5762079856358469,2026-04-27T17:27:51,2764,OFF
1,ec384,4,15,1.579958014190197,2026-04-27T17:27:51,2764,OFF
1,ec384,4,16,1.5691250446252525,2026-04-27T17:27:51,2764,OFF
1,ec384,4,17,1.5667499974370003,2026-04-27T17:27:51,2764,OFF
1,ec384,4,18,1.5792500344105065,2026-04-27T17:27:51,2764,OFF
1,ec384,4,19,1.5347080188803375,2026-04-27T17:27:51,2764,OFF
1,ec384,4,20,1.4628749922849238,2026-04-27T17:27:51,2764,OFF
1,ec384,4,21,1.4511250192299485,2026-04-27T17:27:51,2764,OFF
1,ec384,4,22,1.463665976189077,2026-04-27T17:27:51,2764,OFF
1,ec384,4,23,1.4721659827046096,2026-04-27T17:27:51,2764,OFF
1,ec384,4,24,1.4751670532859862,2026-04-27T17:27:51,2764,OFF
1,ec384,4,25,1.4678330044262111,2026-04-27T17:27:51,2764,OFF
1,ec384,4,26,1.4866670244373381,2026-04-27T17:27:51,2764,OFF
1,ec384,4,27,1.4646669733338058,2026-04-27T17:27:51,2764,OFF
1,ec384,4,28,1.4588329941034317,2026-04-27T17:27:51,2764,OFF
1,ec384,4,29,1.4511249610222876,2026-04-27T17:27:51,2764,OFF
1,ec384,4,30,1.4475830248557031,2026-04-27T17:27:51,2764,OFF
1,ec384,4,31,1.4440420200116932,2026-04-27T17:27:51,2764,OFF
1,ec384,4,32,1.465875015128404,2026-04-27T17:27:51,2764,OFF
1,ec384,4,33,1.4544589794240892,2026-04-27T17:27:51,2764,OFF
1,ec384,4,34,1.4487920561805367,2026-04-27T17:27:51,2764,OFF
1,ec384,4,35,1.470999966841191,2026-04-27T17:27:51,2764,OFF
1,ec384,4,36,1.44604203524068,2026-04-27T17:27:51,2764,OFF
1,ec384,4,37,1.4734580181539059,2026-04-27T17:27:51,2764,OFF
1,ec384,4,38,1.4849170111119747,2026-04-27T17:27:51,2764,OFF
1,ec384,4,39,1.4641250018030405,2026-04-27T17:27:51,2764,OFF
1,ec384,4,40,1.5330419992096722,2026-04-27T17:27:51,2764,OFF
1,ec384,4,41,1.5248749987222254,2026-04-27T17:27:51,2764,OFF
1,ec384,4,42,1.4739999896846712,2026-04-27T17:27:51,2764,OFF
1,ec384,4,43,1.467041962314397,2026-04-27T17:27:51,2764,OFF
1,ec384,4,44,1.4737920137122273,2026-04-27T17:27:51,2764,OFF
1,ec384,4,45,1.4651250094175339,2026-04-27T17:27:51,2764,OFF
1,ec384,4,46,1.463749969843775,2026-04-27T17:27:51,2764,OFF
1,ec384,4,47,1.4885409618727863,2026-04-27T17:27:51,2764,OFF
1,ec384,4,48,1.4762499486096203,2026-04-27T17:27:51,2764,OFF
1,ec384,4,49,1.4662499888800085,2026-04-27T17:27:51,2764,OFF
1,ec384,4,50,1.4932499616406858,2026-04-27T17:27:51,2764,OFF
1,ec384,4,51,1.4816659968346357,2026-04-27T17:27:51,2764,OFF
1,ec384,4,52,1.4782919897697866,2026-04-27T17:27:51,2764,OFF
1,ec384,4,53,1.470541988965124,2026-04-27T17:27:51,2764,OFF
1,ec384,4,54,1.5117079601623118,2026-04-27T17:27:51,2764,OFF
1,ec384,4,55,1.504582993220538,2026-04-27T17:27:51,2764,OFF
1,ec384,4,56,1.46266701631248,2026-04-27T17:27:51,2764,OFF
1,ec384,4,57,1.4624159666709602,2026-04-27T17:27:51,2764,OFF
1,ec384,4,58,1.4408330316655338,2026-04-27T17:27:51,2764,OFF
1,ec384,4,59,1.4598749694414437,2026-04-27T17:27:51,2764,OFF
1,ec384,4,60,1.4552500215359032,2026-04-27T17:27:51,2764,OFF
1,ec384,4,61,1.4550419873557985,2026-04-27T17:27:51,2764,OFF
1,ec384,4,62,1.4773749862797558,2026-04-27T17:27:51,2764,OFF
1,ec384,4,63,1.47687504068017,2026-04-27T17:27:51,2764,OFF
1,ec384,4,64,1.465875015128404,2026-04-27T17:27:51,2764,OFF
1,ec384,4,65,1.4828750281594694,2026-04-27T17:27:51,2764,OFF
1,ec384,4,66,1.4837920316495001,2026-04-27T17:27:51,2764,OFF
1,ec384,4,67,1.4720840263180435,2026-04-27T17:27:51,2764,OFF
1,ec384,4,68,1.502166036516428,2026-04-27T17:27:51,2764,OFF
1,ec384,4,69,1.4724170323461294,2026-04-27T17:27:51,2764,OFF
1,ec384,4,70,1.466957968659699,2026-04-27T17:27:51,2764,OFF
1,ec384,4,71,1.474208023864776,2026-04-27T17:27:51,2764,OFF
1,ec384,4,72,1.4633340178988874,2026-04-27T17:27:51,2764,OFF
1,ec384,4,73,1.5070000081323087,2026-04-27T17:27:51,2764,OFF
1,ec384,4,74,1.48974999319762,2026-04-27T17:27:51,2764,OFF
1,ec384,4,75,1.4878750080242753,2026-04-27T17:27:51,2764,OFF
1,ec384,4,76,1.5087499632500112,2026-04-27T17:27:51,2764,OFF
1,ec384,4,77,1.4797499752603471,2026-04-27T17:27:51,2764,OFF
1,ec384,4,78,1.4921670081093907,2026-04-27T17:27:51,2764,OFF
1,ec384,4,79,1.482666004449129,2026-04-27T17:27:51,2764,OFF
1,ec384,4,80,1.4715410070493817,2026-04-27T17:27:51,2764,OFF
1,ec384,4,81,1.4855419867672026,2026-04-27T17:27:51,2764,OFF
1,ec384,4,82,1.4895419590175152,2026-04-27T17:27:51,2764,OFF
1,ec384,4,83,1.51366600766778,2026-04-27T17:27:51,2764,OFF
1,ec384,4,84,1.492040988523513,2026-04-27T17:27:51,2764,OFF
1,ec384,4,85,1.4917500084266067,2026-04-27T17:27:51,2764,OFF
1,ec384,4,86,1.4852920430712402,2026-04-27T17:27:51,2764,OFF
1,ec384,4,87,1.4792499714531004,2026-04-27T17:27:51,2764,OFF
1,ec384,4,88,1.4991250354796648,2026-04-27T17:27:51,2764,OFF
1,ec384,4,89,1.478915975894779,2026-04-27T17:27:51,2764,OFF
1,ec384,4,90,1.492333016358316,2026-04-27T17:27:51,2764,OFF
1,ec384,4,91,1.491999952122569,2026-04-27T17:27:51,2764,OFF
1,ec384,4,92,1.4787499676458538,2026-04-27T17:27:51,2764,OFF
1,ec384,4,93,1.49966700701043,2026-04-27T17:27:51,2764,OFF
1,ec384,4,94,1.494583033490926,2026-04-27T17:27:51,2764,OFF
1,ec384,4,95,1.4972499920986593,2026-04-27T17:27:51,2764,OFF
1,ec384,4,96,1.4964999863877892,2026-04-27T17:27:51,2764,OFF
1,ec384,4,97,1.5117920120246708,2026-04-27T17:27:51,2764,OFF
1,ec384,4,98,1.4965420123189688,2026-04-27T17:27:51,2764,OFF
1,ec384,4,99,1.4705000212416053,2026-04-27T17:27:51,2764,OFF
1,ec384,4,100,1.4944999711588025,2026-04-27T17:27:51,2764,OFF
1,ec384,4,101,1.4936670195311308,2026-04-27T17:27:51,2764,OFF
1,ec384,4,102,1.487000030465424,2026-04-27T17:27:51,2764,OFF
1,ec384,4,103,1.4959999825805426,2026-04-27T17:27:51,2764,OFF
1,ec384,4,104,1.524916966445744,2026-04-27T17:27:51,2764,OFF
1,ec384,4,105,1.490540977101773,2026-04-27T17:27:51,2764,OFF
1,ec384,4,106,1.4658340369351208,2026-04-27T17:27:51,2764,OFF
1,ec384,4,107,1.5149170067161322,2026-04-27T17:27:51,2764,OFF
1,ec384,4,108,1.4694580459035933,2026-04-27T17:27:51,2764,OFF
1,ec384,4,109,1.4556249952875078,2026-04-27T17:27:51,2764,OFF
1,ec384,4,110,1.4635000261478126,2026-04-27T17:27:51,2764,OFF
1,ec384,4,111,1.4690420357510448,2026-04-27T17:27:51,2764,OFF
1,ec384,4,112,1.5099580050446093,2026-04-27T17:27:51,2764,OFF
1,ec384,4,113,1.4890000456944108,2026-04-27T17:27:51,2764,OFF
1,ec384,4,114,1.4845420373603702,2026-04-27T17:27:51,2764,OFF
1,ec384,4,115,1.49125000461936,2026-04-27T17:27:51,2764,OFF
1,ec384,4,116,1.4949580072425306,2026-04-27T17:27:51,2764,OFF
1,ec384,4,117,1.4927500160411,2026-04-27T17:27:51,2764,OFF
1,ec384,4,118,1.4937909436412156,2026-04-27T17:27:51,2764,OFF
1,ec384,4,119,1.517374999821186,2026-04-27T17:27:51,2764,OFF
1,ec384,4,120,1.49704102659598,2026-04-27T17:27:51,2764,OFF
1,ec384,4,121,1.4923340058885515,2026-04-27T17:27:51,2764,OFF
1,ec384,4,122,1.4928749878890812,2026-04-27T17:27:51,2764,OFF
1,ec384,4,123,1.4890000456944108,2026-04-27T17:27:51,2764,OFF
1,ec384,4,124,1.4989579794928432,2026-04-27T17:27:51,2764,OFF
1,ec384,4,125,1.4965409645810723,2026-04-27T17:27:51,2764,OFF
1,ec384,4,126,1.5115829883143306,2026-04-27T17:27:51,2764,OFF
1,ec384,4,127,1.5095410053618252,2026-04-27T17:27:51,2764,OFF
1,ec384,4,128,1.4792910078540444,2026-04-27T17:27:51,2764,OFF
1,ec384,4,129,1.4937079977244139,2026-04-27T17:27:51,2764,OFF
1,ec384,4,130,1.4922500122338533,2026-04-27T17:27:51,2764,OFF
1,ec384,4,131,1.501791994087398,2026-04-27T17:27:51,2764,OFF
1,ec384,4,132,1.496375014539808,2026-04-27T17:27:51,2764,OFF
1,ec384,4,133,1.5070409863255918,2026-04-27T17:27:51,2764,OFF
1,ec384,4,134,1.5087500214576721,2026-04-27T17:27:51,2764,OFF
1,ec384,4,135,1.508207991719246,2026-04-27T17:27:51,2764,OFF
1,ec384,4,136,1.4996249810792506,2026-04-27T17:27:51,2764,OFF
1,ec384,4,137,1.5048340428620577,2026-04-27T17:27:51,2764,OFF
1,ec384,4,138,1.4957079547457397,2026-04-27T17:27:51,2764,OFF
1,ec384,4,139,1.4982499997131526,2026-04-27T17:27:51,2764,OFF
1,ec384,4,140,1.5178750036284328,2026-04-27T17:27:51,2764,OFF
1,ec384,4,141,1.503292005509138,2026-04-27T17:27:51,2764,OFF
1,ec384,4,142,1.5035420074127614,2026-04-27T17:27:51,2764,OFF
1,ec384,4,143,1.5146249788813293,2026-04-27T17:27:51,2764,OFF
1,ec384,4,144,1.51441601337865,2026-04-27T17:27:51,2764,OFF
1,ec384,4,145,1.5079579898156226,2026-04-27T17:27:51,2764,OFF
1,ec384,4,146,1.5139999450184405,2026-04-27T17:27:51,2764,OFF
1,ec384,4,147,1.5124579658731818,2026-04-27T17:27:51,2764,OFF
1,ec384,4,148,1.4886659919284284,2026-04-27T17:27:51,2764,OFF
1,ec384,4,149,1.4959590043872595,2026-04-27T17:27:51,2764,OFF
1,ec384,4,150,1.489416987169534,2026-04-27T17:27:51,2764,OFF
1,ec384,4,151,1.5178750036284328,2026-04-27T17:27:51,2764,OFF
1,ec384,4,152,1.515874988399446,2026-04-27T17:27:51,2764,OFF
1,ec384,4,153,1.5196249587461352,2026-04-27T17:27:51,2764,OFF
1,ec384,4,154,1.554249960463494,2026-04-27T17:27:51,2764,OFF
1,ec384,4,155,1.5417910180985928,2026-04-27T17:27:51,2764,OFF
1,ec384,4,156,1.478915975894779,2026-04-27T17:27:51,2764,OFF
1,ec384,4,157,1.4659169828519225,2026-04-27T17:27:51,2764,OFF
1,ec384,4,158,1.452125026844442,2026-04-27T17:27:51,2764,OFF
1,ec384,4,159,1.4657499850727618,2026-04-27T17:27:51,2764,OFF
1,ec384,4,160,1.4747909735888243,2026-04-27T17:27:51,2764,OFF
1,ec384,4,161,1.5056669944897294,2026-04-27T17:27:51,2764,OFF
1,ec384,4,162,1.468417001888156,2026-04-27T17:27:51,2764,OFF
1,ec384,4,163,1.5040829894132912,2026-04-27T17:27:51,2764,OFF
1,ec384,4,164,1.4991670032031834,2026-04-27T17:27:51,2764,OFF
1,ec384,4,165,1.5034580137580633,2026-04-27T17:27:51,2764,OFF
1,ec384,4,166,1.4917909866198897,2026-04-27T17:27:51,2764,OFF
1,ec384,4,167,1.4908750308677554,2026-04-27T17:27:51,2764,OFF
1,ec384,4,168,1.4973749639466405,2026-04-27T17:27:51,2764,OFF
1,ec384,4,169,1.4685000060126185,2026-04-27T17:27:51,2764,OFF
1,ec384,4,170,1.4725420041941106,2026-04-27T17:27:51,2764,OFF
1,ec384,4,171,1.4842079835943878,2026-04-27T17:27:51,2764,OFF
1,ec384,4,172,1.5037080156616867,2026-04-27T17:27:51,2764,OFF
1,ec384,4,173,1.5140000032261014,2026-04-27T17:27:51,2764,OFF
1,ec384,4,174,1.5262079541571438,2026-04-27T17:27:51,2764,OFF
1,ec384,4,175,1.5056249685585499,2026-04-27T17:27:51,2764,OFF
1,ec384,4,176,1.5151670086197555,2026-04-27T17:27:52,2764,OFF
1,ec384,4,177,1.48079200880602,2026-04-27T17:27:52,2764,OFF
1,ec384,4,178,1.4854579931125045,2026-04-27T17:27:52,2764,OFF
1,ec384,4,179,1.494166033808142,2026-04-27T17:27:52,2764,OFF
1,ec384,4,180,1.4550829655490816,2026-04-27T17:27:52,2764,OFF
1,ec384,4,181,1.4939589891582727,2026-04-27T17:27:52,2764,OFF
1,ec384,4,182,1.4947919989936054,2026-04-27T17:27:52,2764,OFF
1,ec384,4,183,1.4657499850727618,2026-04-27T17:27:52,2764,OFF
1,ec384,4,184,1.4661669847555459,2026-04-27T17:27:52,2764,OFF
1,ec384,4,185,1.448917028028518,2026-04-27T17:27:52,2764,OFF
1,ec384,4,186,1.503292005509138,2026-04-27T17:27:52,2764,OFF
1,ec384,4,187,1.4550000196322799,2026-04-27T17:27:52,2764,OFF
1,ec384,4,188,1.468833943363279,2026-04-27T17:27:52,2764,OFF
1,ec384,4,189,1.4552079956047237,2026-04-27T17:27:52,2764,OFF
1,ec384,4,190,1.4697500155307353,2026-04-27T17:27:52,2764,OFF
1,ec384,4,191,1.5055839903652668,2026-04-27T17:27:52,2764,OFF
1,ec384,4,192,1.497749995905906,2026-04-27T17:27:52,2764,OFF
1,ec384,4,193,1.493415969889611,2026-04-27T17:27:52,2764,OFF
1,ec384,4,194,1.489457965362817,2026-04-27T17:27:52,2764,OFF
1,ec384,4,195,1.483250001911074,2026-04-27T17:27:52,2764,OFF
1,ec384,4,196,1.5032090013846755,2026-04-27T17:27:52,2764,OFF
1,ec384,4,197,1.467375026550144,2026-04-27T17:27:52,2764,OFF
1,ec384,4,198,1.4659999869763851,2026-04-27T17:27:52,2764,OFF
1,ec384,4,199,1.4657500432804227,2026-04-27T17:27:52,2764,OFF
1,ec384,4,200,1.4856249908916652,2026-04-27T17:27:52,2764,OFF
1,ec384,4,201,1.5093330293893814,2026-04-27T17:27:52,2764,OFF
1,ec384,4,202,1.5151670086197555,2026-04-27T17:27:52,2764,OFF
1,ec384,4,203,1.513624971266836,2026-04-27T17:27:52,2764,OFF
1,ec384,4,204,1.5260830405168235,2026-04-27T17:27:52,2764,OFF
1,ec384,4,205,1.4583340380340815,2026-04-27T17:27:52,2764,OFF
1,ec384,4,206,1.4356250176206231,2026-04-27T17:27:52,2764,OFF
1,ec384,4,207,1.4423750108107924,2026-04-27T17:27:52,2764,OFF
1,ec384,4,208,1.441708009224385,2026-04-27T17:27:52,2764,OFF
1,ec384,4,209,1.4678750303573906,2026-04-27T17:27:52,2764,OFF
1,ec384,4,210,1.5018749982118607,2026-04-27T17:27:52,2764,OFF
1,ec384,4,211,1.511832990217954,2026-04-27T17:27:52,2764,OFF
1,ec384,4,212,1.495208009146154,2026-04-27T17:27:52,2764,OFF
1,ec384,4,213,1.49500003317371,2026-04-27T17:27:52,2764,OFF
1,ec384,4,214,1.498833007644862,2026-04-27T17:27:52,2764,OFF
1,ec384,4,215,1.4959999825805426,2026-04-27T17:27:52,2764,OFF
1,ec384,4,216,1.4889999874867499,2026-04-27T17:27:52,2764,OFF
1,ec384,4,217,1.4743339852429926,2026-04-27T17:27:52,2764,OFF
1,ec384,4,218,1.4713749988004565,2026-04-27T17:27:52,2764,OFF
1,ec384,4,219,1.4844999532215297,2026-04-27T17:27:52,2764,OFF
1,ec384,4,220,1.4945000293664634,2026-04-27T17:27:52,2764,OFF
1,ec384,4,221,1.5060420264489949,2026-04-27T17:27:52,2764,OFF
1,ec384,4,222,1.4927920419722795,2026-04-27T17:27:52,2764,OFF
1,ec384,4,223,1.5032090013846755,2026-04-27T17:27:52,2764,OFF
1,ec384,4,224,1.5022499719634652,2026-04-27T17:27:52,2764,OFF
1,ec384,4,225,1.5151670086197555,2026-04-27T17:27:52,2764,OFF
1,ec384,4,226,1.48470897693187,2026-04-27T17:27:52,2764,OFF
1,ec384,4,227,1.480459002777934,2026-04-27T17:27:52,2764,OFF
1,ec384,4,228,1.4791249996051192,2026-04-27T17:27:52,2764,OFF
1,ec384,4,229,1.5089589869603515,2026-04-27T17:27:52,2764,OFF
1,ec384,4,230,1.5209579723887146,2026-04-27T17:27:52,2764,OFF
1,ec384,4,231,1.5179169713519514,2026-04-27T17:27:52,2764,OFF
1,ec384,4,232,1.5055830008350313,2026-04-27T17:27:52,2764,OFF
1,ec384,4,233,1.5026659821160138,2026-04-27T17:27:52,2764,OFF
1,ec384,4,234,1.5008339541964233,2026-04-27T17:27:52,2764,OFF
1,ec384,4,235,1.5085419872775674,2026-04-27T17:27:52,2764,OFF
1,ec384,4,236,1.4842090313322842,2026-04-27T17:27:52,2764,OFF
1,ec384,4,237,1.4955000369809568,2026-04-27T17:27:52,2764,OFF
1,ec384,4,238,1.5086669591255486,2026-04-27T17:27:52,2764,OFF
1,ec384,4,239,1.5207920223474503,2026-04-27T17:27:52,2764,OFF
1,ec384,4,240,1.5310000162571669,2026-04-27T17:27:52,2764,OFF
1,ec384,4,241,1.5095829730853438,2026-04-27T17:27:52,2764,OFF
1,ec384,4,242,1.5351669862866402,2026-04-27T17:27:52,2764,OFF
1,ec384,4,243,1.5119999879971147,2026-04-27T17:27:52,2764,OFF
1,ec384,4,244,1.5167919918894768,2026-04-27T17:27:52,2764,OFF
1,ec384,4,245,1.5196659951470792,2026-04-27T17:27:52,2764,OFF
1,ec384,4,246,1.5302079846151173,2026-04-27T17:27:52,2764,OFF
1,ec384,4,247,1.4961670385673642,2026-04-27T17:27:52,2764,OFF
1,ec384,4,248,1.4977079699747264,2026-04-27T17:27:52,2764,OFF
1,ec384,4,249,1.504541956819594,2026-04-27T17:27:52,2764,OFF
1,ec384,4,250,1.5086669591255486,2026-04-27T17:27:52,2764,OFF
1,ec384,4,251,1.5175420558080077,2026-04-27T17:27:52,2764,OFF
1,ec384,4,252,2.3623749730177224,2026-04-27T17:27:52,2764,OFF
1,ec384,4,253,1.5201669884845614,2026-04-27T17:27:52,2764,OFF
1,ec384,4,254,1.498208031989634,2026-04-27T17:27:52,2764,OFF
1,ec384,4,255,1.4541249838657677,2026-04-27T17:27:52,2764,OFF
1,ec384,4,256,1.4605000033043325,2026-04-27T17:27:52,2764,OFF
1,ec384,4,257,1.4705000212416053,2026-04-27T17:27:52,2764,OFF
1,ec384,4,258,1.4813340385444462,2026-04-27T17:27:52,2764,OFF
1,ec384,4,259,1.4892919571138918,2026-04-27T17:27:52,2764,OFF
1,ec384,4,260,1.5011669602245092,2026-04-27T17:27:52,2764,OFF
1,ec384,4,261,1.4795840252190828,2026-04-27T17:27:52,2764,OFF
1,ec384,4,262,1.5117080183699727,2026-04-27T17:27:52,2764,OFF
1,ec384,4,263,1.5119999879971147,2026-04-27T17:27:52,2764,OFF
1,ec384,4,264,1.5192919527180493,2026-04-27T17:27:52,2764,OFF
1,ec384,4,265,1.4936249935999513,2026-04-27T17:27:52,2764,OFF
1,ec384,4,266,1.488708017859608,2026-04-27T17:27:52,2764,OFF
1,ec384,4,267,1.4893329935148358,2026-04-27T17:27:52,2764,OFF
1,ec384,4,268,1.5018749982118607,2026-04-27T17:27:52,2764,OFF
1,ec384,4,269,1.51012500282377,2026-04-27T17:27:52,2764,OFF
1,ec384,4,270,1.4993330114521086,2026-04-27T17:27:52,2764,OFF
1,ec384,4,271,1.5050420188345015,2026-04-27T17:27:52,2764,OFF
1,ec384,4,272,1.510790956672281,2026-04-27T17:27:52,2764,OFF
1,ec384,4,273,1.5137909795157611,2026-04-27T17:27:52,2764,OFF
1,ec384,4,274,1.5089170192368329,2026-04-27T17:27:52,2764,OFF
1,ec384,4,275,1.486959052272141,2026-04-27T17:27:52,2764,OFF
1,ec384,4,276,1.4784589875489473,2026-04-27T17:27:52,2764,OFF
1,ec384,4,277,1.4908339944668114,2026-04-27T17:27:52,2764,OFF
1,ec384,4,278,1.504667045082897,2026-04-27T17:27:52,2764,OFF
1,ec384,4,279,1.5377919771708548,2026-04-27T17:27:52,2764,OFF
1,ec384,4,280,1.489166053943336,2026-04-27T17:27:52,2764,OFF
1,ec384,4,281,1.521957980003208,2026-04-27T17:27:52,2764,OFF
1,ec384,4,282,1.5172080020420253,2026-04-27T17:27:52,2764,OFF
1,ec384,4,283,1.5244170208461583,2026-04-27T17:27:52,2764,OFF
1,ec384,4,284,1.502749975770712,2026-04-27T17:27:52,2764,OFF
1,ec384,4,285,1.4807499828748405,2026-04-27T17:27:52,2764,OFF
1,ec384,4,286,1.4789160341024399,2026-04-27T17:27:52,2764,OFF
1,ec384,4,287,1.491667004302144,2026-04-27T17:27:52,2764,OFF
1,ec384,4,288,1.5307919820770621,2026-04-27T17:27:52,2764,OFF
1,ec384,4,289,1.497458026278764,2026-04-27T17:27:52,2764,OFF
1,ec384,4,290,1.5016660327091813,2026-04-27T17:27:52,2764,OFF
1,ec384,4,291,1.5195839805528522,2026-04-27T17:27:52,2764,OFF
1,ec384,4,292,1.5120839816518128,2026-04-27T17:27:52,2764,OFF
1,ec384,4,293,1.5417499816976488,2026-04-27T17:27:52,2764,OFF
1,ec384,4,294,1.4916249783709645,2026-04-27T17:27:52,2764,OFF
1,ec384,4,295,1.4515420189127326,2026-04-27T17:27:52,2764,OFF
1,ec384,4,296,1.4542079879902303,2026-04-27T17:27:52,2764,OFF
1,ec384,4,297,1.483290980104357,2026-04-27T17:27:52,2764,OFF
1,ec384,4,298,1.5143750351853669,2026-04-27T17:27:52,2764,OFF
1,ec384,4,299,1.8036250257864594,2026-04-27T17:27:52,2764,OFF
1,ec384,4,300,1.5210830024443567,2026-04-27T17:27:52,2764,OFF
1,ec384,4,301,1.5555419959127903,2026-04-27T17:27:52,2764,OFF
1,ec384,4,302,1.5925000188872218,2026-04-27T17:27:52,2764,OFF
1,ec384,4,303,1.5013329684734344,2026-04-27T17:27:52,2764,OFF
1,ec384,4,304,1.547291991300881,2026-04-27T17:27:52,2764,OFF
1,ec384,4,305,1.531834015622735,2026-04-27T17:27:52,2764,OFF
1,ec384,4,306,1.5238330233842134,2026-04-27T17:27:52,2764,OFF
1,ec384,4,307,1.5566250076517463,2026-04-27T17:27:52,2764,OFF
1,ec384,4,308,1.6112920129671693,2026-04-27T17:27:52,2764,OFF
1,ec384,4,309,1.6662920243106782,2026-04-27T17:27:52,2764,OFF
1,ec384,4,310,1.589749997947365,2026-04-27T17:27:52,2764,OFF
1,ec384,4,311,1.5859159757383168,2026-04-27T17:27:52,2764,OFF
1,ec384,4,312,1.5866670291870832,2026-04-27T17:27:52,2764,OFF
1,ec384,4,313,1.5076250419951975,2026-04-27T17:27:52,2764,OFF
1,ec384,4,314,1.5400000265799463,2026-04-27T17:27:52,2764,OFF
1,ec384,4,315,1.5389580512419343,2026-04-27T17:27:52,2764,OFF
1,ec384,4,316,1.7892500036396086,2026-04-27T17:27:52,2764,OFF
1,ec384,4,317,1.5337500371970236,2026-04-27T17:27:52,2764,OFF
1,ec384,4,318,1.4860000228509307,2026-04-27T17:27:52,2764,OFF
1,ec384,4,319,1.4961250126361847,2026-04-27T17:27:52,2764,OFF
1,ec384,4,320,1.4900419628247619,2026-04-27T17:27:52,2764,OFF
1,ec384,4,321,1.5858339611440897,2026-04-27T17:27:52,2764,OFF
1,ec384,4,322,1.5425830497406423,2026-04-27T17:27:52,2764,OFF
1,ec384,4,323,1.4735000440850854,2026-04-27T17:27:52,2764,OFF
1,ec384,4,324,1.4782919897697866,2026-04-27T17:27:52,2764,OFF
1,ec384,4,325,1.5299170045182109,2026-04-27T17:27:52,2764,OFF
1,ec384,4,326,1.5609589754603803,2026-04-27T17:27:52,2764,OFF
1,ec384,4,327,1.5082089812494814,2026-04-27T17:27:52,2764,OFF
1,ec384,4,328,1.5152500127442181,2026-04-27T17:27:52,2764,OFF
1,ec384,4,329,1.5262920060195029,2026-04-27T17:27:52,2764,OFF
1,ec384,4,330,1.5403339639306068,2026-04-27T17:27:52,2764,OFF
1,ec384,4,331,1.5512089594267309,2026-04-27T17:27:52,2764,OFF
1,ec384,4,332,1.5157089801505208,2026-04-27T17:27:52,2764,OFF
1,ec384,4,333,1.5291250310838223,2026-04-27T17:27:52,2764,OFF
1,ec384,4,334,1.5377910458482802,2026-04-27T17:27:52,2764,OFF
1,ec384,4,335,1.5069579822011292,2026-04-27T17:27:52,2764,OFF
1,ec384,4,336,1.5034580137580633,2026-04-27T17:27:52,2764,OFF
1,ec384,4,337,1.4863749966025352,2026-04-27T17:27:52,2764,OFF
1,ec384,4,338,1.509791996795684,2026-04-27T17:27:52,2764,OFF
1,ec384,4,339,1.5068749780766666,2026-04-27T17:27:52,2764,OFF
1,ec384,4,340,1.5068749780766666,2026-04-27T17:27:52,2764,OFF
1,ec384,4,341,1.5432919608429074,2026-04-27T17:27:52,2764,OFF
1,ec384,4,342,1.511584036052227,2026-04-27T17:27:52,2764,OFF
1,ec384,4,343,1.5289579750970006,2026-04-27T17:27:52,2764,OFF
1,ec384,4,344,1.544457976706326,2026-04-27T17:27:52,2764,OFF
1,ec384,4,345,1.51983299292624,2026-04-27T17:27:52,2764,OFF
1,ec384,4,346,1.5087909996509552,2026-04-27T17:27:52,2764,OFF
1,ec384,4,347,1.5190000412985682,2026-04-27T17:27:52,2764,OFF
1,ec384,4,348,1.5031660441309214,2026-04-27T17:27:52,2764,OFF
1,ec384,4,349,1.53833394870162,2026-04-27T17:27:52,2764,OFF
1,ec384,4,350,1.5048750210553408,2026-04-27T17:27:52,2764,OFF
1,ec384,4,351,1.5295419725589454,2026-04-27T17:27:52,2764,OFF
1,ec384,4,352,1.5106670325621963,2026-04-27T17:27:52,2764,OFF
1,ec384,4,353,1.5265829861164093,2026-04-27T17:27:52,2764,OFF
1,ec384,4,354,1.54412497067824,2026-04-27T17:27:52,2764,OFF
1,ec384,4,355,1.4812920126132667,2026-04-27T17:27:52,2764,OFF
1,ec384,4,356,1.472917036153376,2026-04-27T17:27:52,2764,OFF
1,ec384,4,357,1.4965420123189688,2026-04-27T17:27:52,2764,OFF
1,ec384,4,358,1.509792055003345,2026-04-27T17:27:52,2764,OFF
1,ec384,4,359,1.5306660206988454,2026-04-27T17:27:52,2764,OFF
1,ec384,4,360,1.5312079922296107,2026-04-27T17:27:52,2764,OFF
1,ec384,4,361,1.5040409634821117,2026-04-27T17:27:52,2764,OFF
1,ec384,4,362,1.5356669900938869,2026-04-27T17:27:52,2764,OFF
1,ec384,4,363,1.5290000010281801,2026-04-27T17:27:52,2764,OFF
1,ec384,4,364,1.5978749725036323,2026-04-27T17:27:52,2764,OFF
1,ec384,4,365,1.5171669656410813,2026-04-27T17:27:52,2764,OFF
1,ec384,4,366,1.534708950202912,2026-04-27T17:27:52,2764,OFF
1,ec384,4,367,1.5172500279732049,2026-04-27T17:27:52,2764,OFF
1,ec384,4,368,1.5514999977312982,2026-04-27T17:27:52,2764,OFF
1,ec384,4,369,1.5259580104611814,2026-04-27T17:27:52,2764,OFF
1,ec384,4,370,1.5258750063367188,2026-04-27T17:27:52,2764,OFF
1,ec384,4,371,1.5409589977934957,2026-04-27T17:27:52,2764,OFF
1,ec384,4,372,1.5413330402225256,2026-04-27T17:27:52,2764,OFF
1,ec384,4,373,1.4504579594358802,2026-04-27T17:27:52,2764,OFF
1,ec384,4,374,1.462666958104819,2026-04-27T17:27:52,2764,OFF
1,ec384,4,375,1.4653750113211572,2026-04-27T17:27:52,2764,OFF
1,ec384,4,376,1.4523750287480652,2026-04-27T17:27:52,2764,OFF
1,ec384,4,377,1.4967920142225921,2026-04-27T17:27:52,2764,OFF
1,ec384,4,378,1.5045420150272548,2026-04-27T17:27:52,2764,OFF
1,ec384,4,379,1.4503339771181345,2026-04-27T17:27:52,2764,OFF
1,ec384,4,380,1.482917054090649,2026-04-27T17:27:52,2764,OFF
1,ec384,4,381,1.4920840039849281,2026-04-27T17:27:52,2764,OFF
1,ec384,4,382,1.4807910192757845,2026-04-27T17:27:52,2764,OFF
1,ec384,4,383,1.5091669629327953,2026-04-27T17:27:52,2764,OFF
1,ec384,4,384,1.4985420275479555,2026-04-27T17:27:52,2764,OFF
1,ec384,4,385,1.5220410423353314,2026-04-27T17:27:52,2764,OFF
1,ec384,4,386,1.507915963884443,2026-04-27T17:27:52,2764,OFF
1,ec384,4,387,1.5009170165285468,2026-04-27T17:27:52,2764,OFF
1,ec384,4,388,1.5019169659353793,2026-04-27T17:27:52,2764,OFF
1,ec384,4,389,1.4967920142225921,2026-04-27T17:27:52,2764,OFF
1,ec384,4,390,1.4823329984210432,2026-04-27T17:27:52,2764,OFF
1,ec384,4,391,1.4931660261936486,2026-04-27T17:27:52,2764,OFF
1,ec384,4,392,1.4903750270605087,2026-04-27T17:27:52,2764,OFF
1,ec384,4,393,1.5130829997360706,2026-04-27T17:27:52,2764,OFF
1,ec384,4,394,1.516541000455618,2026-04-27T17:27:52,2764,OFF
1,ec384,4,395,1.5088749933056533,2026-04-27T17:27:52,2764,OFF
1,ec384,4,396,1.5218749758787453,2026-04-27T17:27:52,2764,OFF
1,ec384,4,397,1.5177919995039701,2026-04-27T17:27:52,2764,OFF
1,ec384,4,398,1.496333978138864,2026-04-27T17:27:52,2764,OFF
1,ec384,4,399,1.4840830117464066,2026-04-27T17:27:52,2764,OFF
1,ec384,4,400,1.4939159736968577,2026-04-27T17:27:52,2764,OFF
1,ec384,4,401,1.4797080075368285,2026-04-27T17:27:52,2764,OFF
1,ec384,4,402,1.4922500122338533,2026-04-27T17:27:52,2764,OFF
1,ec384,4,403,1.509708003140986,2026-04-27T17:27:52,2764,OFF
1,ec384,4,404,1.5294580371119082,2026-04-27T17:27:52,2764,OFF
1,ec384,4,405,1.4859579969197512,2026-04-27T17:27:52,2764,OFF
1,ec384,4,406,1.51908298721537,2026-04-27T17:27:52,2764,OFF
1,ec384,4,407,1.5175410080701113,2026-04-27T17:27:52,2764,OFF
1,ec384,4,408,1.489124959334731,2026-04-27T17:27:52,2764,OFF
1,ec384,4,409,1.4966250164434314,2026-04-27T17:27:52,2764,OFF
1,ec384,4,410,1.4938749955035746,2026-04-27T17:27:52,2764,OFF
1,ec384,4,411,1.4969580224715173,2026-04-27T17:27:52,2764,OFF
1,ec384,4,412,1.5273750177584589,2026-04-27T17:27:52,2764,OFF
1,ec384,4,413,1.5147909871302545,2026-04-27T17:27:52,2764,OFF
1,ec384,4,414,1.5199999907054007,2026-04-27T17:27:52,2764,OFF
1,ec384,4,415,1.5051669906824827,2026-04-27T17:27:52,2764,OFF
1,ec384,4,416,1.492333016358316,2026-04-27T17:27:52,2764,OFF
1,ec384,4,417,1.5089580556377769,2026-04-27T17:27:52,2764,OFF
1,ec384,4,418,1.4961249544285238,2026-04-27T17:27:52,2764,OFF
1,ec384,4,419,1.5124999918043613,2026-04-27T17:27:52,2764,OFF
1,ec384,4,420,1.4779169578105211,2026-04-27T17:27:52,2764,OFF
1,ec384,4,421,1.4927920419722795,2026-04-27T17:27:52,2764,OFF
1,ec384,4,422,1.5128329978324473,2026-04-27T17:27:52,2764,OFF
1,ec384,4,423,1.5107080107554793,2026-04-27T17:27:52,2764,OFF
1,ec384,4,424,1.5085829654708505,2026-04-27T17:27:52,2764,OFF
1,ec384,4,425,1.514792034868151,2026-04-27T17:27:52,2764,OFF
1,ec384,4,426,1.5170419937931001,2026-04-27T17:27:52,2764,OFF
1,ec384,4,427,1.5163340140134096,2026-04-27T17:27:52,2764,OFF
1,ec384,4,428,1.5153329586610198,2026-04-27T17:27:52,2764,OFF
1,ec384,4,429,1.4949169708415866,2026-04-27T17:27:52,2764,OFF
1,ec384,4,430,1.5022079460322857,2026-04-27T17:27:52,2764,OFF
1,ec384,4,431,1.5075840055942535,2026-04-27T17:27:52,2764,OFF
1,ec384,4,432,1.5341250109486282,2026-04-27T17:27:52,2764,OFF
1,ec384,4,433,1.5204170485958457,2026-04-27T17:27:52,2764,OFF
1,ec384,4,434,1.525291008874774,2026-04-27T17:27:52,2764,OFF
1,ec384,4,435,1.496707962360233,2026-04-27T17:27:52,2764,OFF
1,ec384,4,436,1.5062089660204947,2026-04-27T17:27:52,2764,OFF
1,ec384,4,437,1.4866670244373381,2026-04-27T17:27:52,2764,OFF
1,ec384,4,438,1.4858749927952886,2026-04-27T17:27:52,2764,OFF
1,ec384,4,439,1.500332960858941,2026-04-27T17:27:52,2764,OFF
1,ec384,4,440,1.5241249930113554,2026-04-27T17:27:52,2764,OFF
1,ec384,4,441,1.5157909947447479,2026-04-27T17:27:52,2764,OFF
1,ec384,4,442,1.5279580256901681,2026-04-27T17:27:52,2764,OFF
1,ec384,4,443,1.5061249723657966,2026-04-27T17:27:52,2764,OFF
1,ec384,4,444,1.4914580387994647,2026-04-27T17:27:52,2764,OFF
1,ec384,4,445,1.535042014438659,2026-04-27T17:27:52,2764,OFF
1,ec384,4,446,1.5407089958898723,2026-04-27T17:27:52,2764,OFF
1,ec384,4,447,1.4991250354796648,2026-04-27T17:27:52,2764,OFF
1,ec384,4,448,1.4919170062057674,2026-04-27T17:27:52,2764,OFF
1,ec384,4,449,1.5152089763432741,2026-04-27T17:27:52,2764,OFF
1,ec384,4,450,1.5355840441770852,2026-04-27T17:27:52,2764,OFF
1,ec384,4,451,1.5287920250557363,2026-04-27T17:27:52,2764,OFF
1,ec384,4,452,1.5073330141603947,2026-04-27T17:27:52,2764,OFF
1,ec384,4,453,1.4974590158089995,2026-04-27T17:27:52,2764,OFF
1,ec384,4,454,1.5354579663835466,2026-04-27T17:27:52,2764,OFF
1,ec384,4,455,1.5457079862244427,2026-04-27T17:27:52,2764,OFF
1,ec384,4,456,1.5135410358197987,2026-04-27T17:27:52,2764,OFF
1,ec384,4,457,1.4897080254741013,2026-04-27T17:27:52,2764,OFF
1,ec384,4,458,1.522375037893653,2026-04-27T17:27:52,2764,OFF
1,ec384,4,459,1.5217920299619436,2026-04-27T17:27:52,2764,OFF
1,ec384,4,460,1.5290000010281801,2026-04-27T17:27:52,2764,OFF
1,ec384,4,461,1.5153330168686807,2026-04-27T17:27:52,2764,OFF
1,ec384,4,462,1.552750007249415,2026-04-27T17:27:52,2764,OFF
1,ec384,4,463,1.5170829719863832,2026-04-27T17:27:52,2764,OFF
1,ec384,4,464,1.5455829561688006,2026-04-27T17:27:52,2764,OFF
1,ec384,4,465,1.540415978524834,2026-04-27T17:27:52,2764,OFF
1,ec384,4,466,1.5225830138660967,2026-04-27T17:27:52,2764,OFF
1,ec384,4,467,1.5090000233612955,2026-04-27T17:27:52,2764,OFF
1,ec384,4,468,1.5227500116452575,2026-04-27T17:27:52,2764,OFF
1,ec384,4,469,1.5020410064607859,2026-04-27T17:27:52,2764,OFF
1,ec384,4,470,1.5447500045411289,2026-04-27T17:27:52,2764,OFF
1,ec384,4,471,1.5212910366244614,2026-04-27T17:27:52,2764,OFF
1,ec384,4,472,1.5204999945126474,2026-04-27T17:27:52,2764,OFF
1,ec384,4,473,1.5182500355876982,2026-04-27T17:27:52,2764,OFF
1,ec384,4,474,1.5346670406870544,2026-04-27T17:27:52,2764,OFF
1,ec384,4,475,1.5240830252878368,2026-04-27T17:27:52,2764,OFF
1,ec384,4,476,1.5267080161720514,2026-04-27T17:27:52,2764,OFF
1,ec384,4,477,1.5052500530146062,2026-04-27T17:27:52,2764,OFF
1,ec384,4,478,1.5233749873004854,2026-04-27T17:27:52,2764,OFF
1,ec384,4,479,1.5082500176504254,2026-04-27T17:27:52,2764,OFF
1,ec384,4,480,1.5449580387212336,2026-04-27T17:27:52,2764,OFF
1,ec384,4,481,1.4961669803597033,2026-04-27T17:27:52,2764,OFF
1,ec384,4,482,1.5392090426757932,2026-04-27T17:27:52,2764,OFF
1,ec384,4,483,1.5174580039456487,2026-04-27T17:27:52,2764,OFF
1,ec384,4,484,1.5575000434182584,2026-04-27T17:27:52,2764,OFF
1,ec384,4,485,1.5019159764051437,2026-04-27T17:27:52,2764,OFF
1,ec384,4,486,1.5241249930113554,2026-04-27T17:27:52,2764,OFF
1,ec384,4,487,1.4967499882914126,2026-04-27T17:27:52,2764,OFF
1,ec384,4,488,1.513624971266836,2026-04-27T17:27:52,2764,OFF
1,ec384,4,489,1.5402500284835696,2026-04-27T17:27:52,2764,OFF
1,ec384,4,490,1.5301249804906547,2026-04-27T17:27:52,2764,OFF
1,ec384,4,491,1.5352499904111028,2026-04-27T17:27:52,2764,OFF
1,ec384,4,492,1.534665992949158,2026-04-27T17:27:52,2764,OFF
1,ec384,4,493,1.5349580207839608,2026-04-27T17:27:52,2764,OFF
1,ec384,4,494,1.5191659913398325,2026-04-27T17:27:52,2764,OFF
1,ec384,4,495,1.5096670249477029,2026-04-27T17:27:52,2764,OFF
1,ec384,4,496,1.50545802898705,2026-04-27T17:27:52,2764,OFF
1,ec384,4,497,1.5206660027615726,2026-04-27T17:27:52,2764,OFF
1,ec384,4,498,1.5388329629786313,2026-04-27T17:27:52,2764,OFF
1,ec384,4,499,1.5143330092541873,2026-04-27T17:27:52,2764,OFF
1,ec384,4,500,1.50395801756531,2026-04-27T17:27:52,2764,OFF
1,ec384,4,501,1.5259580104611814,2026-04-27T17:27:52,2764,OFF
1,ec384,4,502,1.5112090040929615,2026-04-27T17:27:52,2764,OFF
1,ec384,4,503,1.5201669884845614,2026-04-27T17:27:52,2764,OFF
1,ec384,4,504,1.5447500045411289,2026-04-27T17:27:52,2764,OFF
1,ec384,4,505,1.520916004665196,2026-04-27T17:27:52,2764,OFF
1,ec384,4,506,1.5060000005178154,2026-04-27T17:27:52,2764,OFF
1,ec384,4,507,1.5250000287778676,2026-04-27T17:27:52,2764,OFF
1,ec384,4,508,1.5011249925009906,2026-04-27T17:27:52,2764,OFF
1,ec384,4,509,1.5183340292423964,2026-04-27T17:27:52,2764,OFF
1,ec384,4,510,1.5074170078150928,2026-04-27T17:27:52,2764,OFF
1,ec384,4,511,1.5225000097416341,2026-04-27T17:27:52,2764,OFF
1,ec384,4,512,1.5221670037135482,2026-04-27T17:27:52,2764,OFF
1,ec384,4,513,1.5191250131465495,2026-04-27T17:27:52,2764,OFF
1,ec384,4,514,1.5201250207610428,2026-04-27T17:27:52,2764,OFF
1,ec384,4,515,1.5065419720485806,2026-04-27T17:27:52,2764,OFF
1,ec384,4,516,1.4402500237338245,2026-04-27T17:27:52,2764,OFF
1,ec384,4,517,1.4290419640019536,2026-04-27T17:27:52,2764,OFF
1,ec384,4,518,1.4453339972533286,2026-04-27T17:27:52,2764,OFF
1,ec384,4,519,1.4665000489912927,2026-04-27T17:27:52,2764,OFF
1,ec384,4,520,1.4369169948622584,2026-04-27T17:27:52,2764,OFF
1,ec384,4,521,1.4657499850727618,2026-04-27T17:27:52,2764,OFF
1,ec384,4,522,1.526332984212786,2026-04-27T17:27:52,2764,OFF
1,ec384,4,523,1.6203330014832318,2026-04-27T17:27:52,2764,OFF
1,ec384,4,524,1.5315840137191117,2026-04-27T17:27:52,2764,OFF
1,ec384,4,525,1.5835000085644424,2026-04-27T17:27:52,2764,OFF
1,ec384,4,526,1.6087919939309359,2026-04-27T17:27:52,2764,OFF
1,ec384,4,527,1.5899169957265258,2026-04-27T17:27:52,2764,OFF
1,ec384,4,528,1.597750000655651,2026-04-27T17:27:52,2764,OFF
1,ec384,4,529,1.6009999671950936,2026-04-27T17:27:52,2764,OFF
1,ec384,4,530,1.6040420159697533,2026-04-27T17:27:52,2764,OFF
1,ec384,4,531,1.5966250211931765,2026-04-27T17:27:52,2764,OFF
1,ec384,4,532,1.5702499658800662,2026-04-27T17:27:52,2764,OFF
1,ec384,4,533,1.5258750063367188,2026-04-27T17:27:52,2764,OFF
1,ec384,4,534,1.5790840261615813,2026-04-27T17:27:52,2764,OFF
1,ec384,4,535,1.619375019799918,2026-04-27T17:27:52,2764,OFF
1,ec384,4,536,1.6254590009339154,2026-04-27T17:27:52,2764,OFF
1,ec384,4,537,1.6428750241175294,2026-04-27T17:27:52,2764,OFF
1,ec384,4,538,1.6426669899374247,2026-04-27T17:27:52,2764,OFF
1,ec384,4,539,1.6334999818354845,2026-04-27T17:27:52,2764,OFF
1,ec384,4,540,1.6159999649971724,2026-04-27T17:27:52,2764,OFF
1,ec384,4,541,1.6407500370405614,2026-04-27T17:27:52,2764,OFF
1,ec384,4,542,1.6029590042307973,2026-04-27T17:27:52,2764,OFF
1,ec384,4,543,1.6264159930869937,2026-04-27T17:27:52,2764,OFF
1,ec384,4,544,1.4914999483153224,2026-04-27T17:27:52,2764,OFF
1,ec384,4,545,1.5721669769845903,2026-04-27T17:27:52,2764,OFF
1,ec384,4,546,1.4762500068172812,2026-04-27T17:27:52,2764,OFF
1,ec384,4,547,1.4654999831691384,2026-04-27T17:27:52,2764,OFF
1,ec384,4,548,1.4795419992879033,2026-04-27T17:27:52,2764,OFF
1,ec384,4,549,1.4955830411054194,2026-04-27T17:27:52,2764,OFF
1,ec384,4,550,1.5260830405168235,2026-04-27T17:27:52,2764,OFF
1,ec384,4,551,1.5343750128522515,2026-04-27T17:27:52,2764,OFF
1,ec384,4,552,1.507250010035932,2026-04-27T17:27:52,2764,OFF
1,ec384,4,553,1.5083749894984066,2026-04-27T17:27:52,2764,OFF
1,ec384,4,554,1.5093330293893814,2026-04-27T17:27:52,2764,OFF
1,ec384,4,555,1.541999983601272,2026-04-27T17:27:52,2764,OFF
1,ec384,4,556,1.5007079928182065,2026-04-27T17:27:52,2764,OFF
1,ec384,4,557,1.5197500470094383,2026-04-27T17:27:52,2764,OFF
1,ec384,4,558,1.5215000021271408,2026-04-27T17:27:52,2764,OFF
1,ec384,4,559,1.5076249837875366,2026-04-27T17:27:52,2764,OFF
1,ec384,4,560,1.4893749612383544,2026-04-27T17:27:52,2764,OFF
1,ec384,4,561,1.5372919733636081,2026-04-27T17:27:52,2764,OFF
1,ec384,4,562,1.5186669770628214,2026-04-27T17:27:52,2764,OFF
1,ec384,4,563,1.5222919755615294,2026-04-27T17:27:52,2764,OFF
1,ec384,4,564,1.531874993816018,2026-04-27T17:27:52,2764,OFF
1,ec384,4,565,1.5307909925468266,2026-04-27T17:27:52,2764,OFF
1,ec384,4,566,1.5330410096794367,2026-04-27T17:27:52,2764,OFF
1,ec384,4,567,1.4751250273548067,2026-04-27T17:27:52,2764,OFF
1,ec384,4,568,1.4754590229131281,2026-04-27T17:27:52,2764,OFF
1,ec384,4,569,1.506791973952204,2026-04-27T17:27:52,2764,OFF
1,ec384,4,570,1.5597089659422636,2026-04-27T17:27:52,2764,OFF
1,ec384,4,571,1.4708749949932098,2026-04-27T17:27:52,2764,OFF
1,ec384,4,572,1.489165995735675,2026-04-27T17:27:52,2764,OFF
1,ec384,4,573,1.512249989900738,2026-04-27T17:27:52,2764,OFF
1,ec384,4,574,1.523875049315393,2026-04-27T17:27:52,2764,OFF
1,ec384,4,575,1.5291249728761613,2026-04-27T17:27:52,2764,OFF
1,ec384,4,576,1.5233330195769668,2026-04-27T17:27:52,2764,OFF
1,ec384,4,577,1.5751669998280704,2026-04-27T17:27:52,2764,OFF
1,ec384,4,578,2.1544169867411256,2026-04-27T17:27:52,2764,OFF
1,ec384,4,579,1.6168750007636845,2026-04-27T17:27:52,2764,OFF
1,ec384,4,580,1.5992500120773911,2026-04-27T17:27:52,2764,OFF
1,ec384,4,581,1.5957080177031457,2026-04-27T17:27:52,2764,OFF
1,ec384,4,582,1.6398750012740493,2026-04-27T17:27:52,2764,OFF
1,ec384,4,583,1.6070420388132334,2026-04-27T17:27:52,2764,OFF
1,ec384,4,584,1.6362909809686244,2026-04-27T17:27:52,2764,OFF
1,ec384,4,585,1.6174580086953938,2026-04-27T17:27:52,2764,OFF
1,ec384,4,586,1.6173329786397517,2026-04-27T17:27:52,2764,OFF
1,ec384,4,587,1.5873750089667737,2026-04-27T17:27:52,2764,OFF
1,ec384,4,588,1.583874982316047,2026-04-27T17:27:52,2764,OFF
1,ec384,4,589,1.505749998614192,2026-04-27T17:27:52,2764,OFF
1,ec384,4,590,1.5161670162342489,2026-04-27T17:27:52,2764,OFF
1,ec384,4,591,1.5304579865187407,2026-04-27T17:27:52,2764,OFF
1,ec384,4,592,1.5435829991474748,2026-04-27T17:27:52,2764,OFF
1,ec384,4,593,1.631000021006912,2026-04-27T17:27:52,2764,OFF
1,ec384,4,594,1.616499968804419,2026-04-27T17:27:52,2764,OFF
1,ec384,4,595,1.6164580010809004,2026-04-27T17:27:52,2764,OFF
1,ec384,4,596,1.620124967303127,2026-04-27T17:27:52,2764,OFF
1,ec384,4,597,1.641875016503036,2026-04-27T17:27:52,2764,OFF
1,ec384,4,598,1.6325829783454537,2026-04-27T17:27:52,2764,OFF
1,ec384,4,599,1.6280830022878945,2026-04-27T17:27:52,2764,OFF
1,ec384,4,600,1.6514579765498638,2026-04-27T17:27:52,2764,OFF
1,ec384,4,601,1.5800840337760746,2026-04-27T17:27:52,2764,OFF
1,ec384,4,602,1.656334032304585,2026-04-27T17:27:52,2764,OFF
1,ec384,4,603,1.7471250030212104,2026-04-27T17:27:52,2764,OFF
1,ec384,4,604,1.8624159856699407,2026-04-27T17:27:52,2764,OFF
1,ec384,4,605,3.287874977104366,2026-04-27T17:27:52,2764,OFF
1,ec384,4,606,1.5769590390846133,2026-04-27T17:27:52,2764,OFF
1,ec384,4,607,1.5731249586679041,2026-04-27T17:27:52,2764,OFF
1,ec384,4,608,1.5743330004625022,2026-04-27T17:27:52,2764,OFF
1,ec384,4,609,1.5236249892041087,2026-04-27T17:27:52,2764,OFF
1,ec384,4,610,1.5493330429308116,2026-04-27T17:27:52,2764,OFF
1,ec384,4,611,1.5777500229887664,2026-04-27T17:27:52,2764,OFF
1,ec384,4,612,1.5430839848704636,2026-04-27T17:27:52,2764,OFF
1,ec384,4,613,1.5037080156616867,2026-04-27T17:27:52,2764,OFF
1,ec384,4,614,1.5616250457242131,2026-04-27T17:27:52,2764,OFF
1,ec384,4,615,1.5662499936297536,2026-04-27T17:27:52,2764,OFF
1,ec384,4,616,1.5180420014075935,2026-04-27T17:27:52,2764,OFF
1,ec384,4,617,1.5470830257982016,2026-04-27T17:27:52,2764,OFF
1,ec384,4,618,1.5057920245453715,2026-04-27T17:27:52,2764,OFF
1,ec384,4,619,1.540082972496748,2026-04-27T17:27:52,2764,OFF
1,ec384,4,620,1.5142910415306687,2026-04-27T17:27:52,2764,OFF
1,ec384,4,621,1.5370839973911643,2026-04-27T17:27:52,2764,OFF
1,ec384,4,622,1.5032499795779586,2026-04-27T17:27:52,2764,OFF
1,ec384,4,623,1.5012500225566328,2026-04-27T17:27:52,2764,OFF
1,ec384,4,624,1.5594579745084047,2026-04-27T17:27:52,2764,OFF
1,ec384,4,625,1.5509999939240515,2026-04-27T17:27:52,2764,OFF
1,ec384,4,626,1.5829579788260162,2026-04-27T17:27:52,2764,OFF
1,ec384,4,627,1.4744159998372197,2026-04-27T17:27:52,2764,OFF
1,ec384,4,628,1.548082975205034,2026-04-27T17:27:52,2764,OFF
1,ec384,4,629,1.5141249750740826,2026-04-27T17:27:52,2764,OFF
1,ec384,4,630,1.5330000314861536,2026-04-27T17:27:52,2764,OFF
1,ec384,4,631,1.547709049191326,2026-04-27T17:27:52,2764,OFF
1,ec384,4,632,1.5055840485729277,2026-04-27T17:27:52,2764,OFF
1,ec384,4,633,1.578458002768457,2026-04-27T17:27:52,2764,OFF
1,ec384,4,634,1.5642500366084278,2026-04-27T17:27:52,2764,OFF
1,ec384,4,635,1.6886250232346356,2026-04-27T17:27:52,2764,OFF
1,ec384,4,636,1.454334007576108,2026-04-27T17:27:52,2764,OFF
1,ec384,4,637,1.4719589962624013,2026-04-27T17:27:52,2764,OFF
1,ec384,4,638,1.478250022046268,2026-04-27T17:27:52,2764,OFF
1,ec384,4,639,1.4845409896224737,2026-04-27T17:27:52,2764,OFF
1,ec384,4,640,1.5367919695563614,2026-04-27T17:27:52,2764,OFF
1,ec384,4,641,1.484000007621944,2026-04-27T17:27:52,2764,OFF
1,ec384,4,642,1.4862919924780726,2026-04-27T17:27:52,2764,OFF
1,ec384,4,643,1.575958973262459,2026-04-27T17:27:52,2764,OFF
1,ec384,4,644,1.5266670379787683,2026-04-27T17:27:52,2764,OFF
1,ec384,4,645,1.5652080182917416,2026-04-27T17:27:52,2764,OFF
1,ec384,4,646,1.530375040601939,2026-04-27T17:27:52,2764,OFF
1,ec384,4,647,1.5119999879971147,2026-04-27T17:27:52,2764,OFF
1,ec384,4,648,1.5835000085644424,2026-04-27T17:27:52,2764,OFF
1,ec384,4,649,1.5121250180527568,2026-04-27T17:27:52,2764,OFF
1,ec384,4,650,1.520874968264252,2026-04-27T17:27:52,2764,OFF
